2026-06-05 10:00:03.591 | INFO     | server:lifespan:41 - SCU-FastAPI Starting...
2026-06-05 10:00:03.596 | INFO     | server:lifespan:51 - SCU-FastAPI Started successfully
2026-06-05 10:00:06.211 | INFO     | server:lifespan:41 - SCU-FastAPI Starting...
2026-06-05 10:00:06.218 | INFO     | server:lifespan:51 - SCU-FastAPI Started successfully
2026-06-05 10:00:35.806 | INFO     | server:lifespan:41 - SCU-FastAPI Starting...
2026-06-05 10:00:35.813 | INFO     | server:lifespan:51 - SCU-FastAPI Started successfully
2026-06-05 10:01:07.841 | INFO     | server:lifespan:41 - SCU-FastAPI Starting...
2026-06-05 10:01:07.848 | INFO     | server:lifespan:51 - SCU-FastAPI Started successfully
2026-06-05 10:01:38.306 | INFO     | server:lifespan:41 - SCU-FastAPI Starting...
2026-06-05 10:01:38.312 | INFO     | server:lifespan:51 - SCU-FastAPI Started successfully
2026-06-05 10:02:09.220 | INFO     | server:lifespan:41 - SCU-FastAPI Starting...
2026-06-05 10:02:09.227 | INFO     | server:lifespan:51 - SCU-FastAPI Started successfully
2026-06-05 10:02:40.944 | INFO     | server:lifespan:41 - SCU-FastAPI Starting...
2026-06-05 10:02:40.954 | INFO     | server:lifespan:51 - SCU-FastAPI Started successfully
2026-06-05 10:03:12.178 | INFO     | server:lifespan:41 - SCU-FastAPI Starting...
2026-06-05 10:03:12.185 | INFO     | server:lifespan:51 - SCU-FastAPI Started successfully
2026-06-05 10:03:44.726 | INFO     | server:lifespan:41 - SCU-FastAPI Starting...
2026-06-05 10:03:44.734 | INFO     | server:lifespan:51 - SCU-FastAPI Started successfully
2026-06-05 10:04:08.769 | INFO     | server:lifespan:41 - SCU-FastAPI Starting...
2026-06-05 10:04:08.775 | INFO     | server:lifespan:51 - SCU-FastAPI Started successfully
2026-06-05 10:04:11.795 | INFO     | server:lifespan:41 - SCU-FastAPI Starting...
2026-06-05 10:04:11.802 | INFO     | server:lifespan:51 - SCU-FastAPI Started successfully
2026-06-05 10:04:43.004 | INFO     | server:lifespan:41 - SCU-FastAPI Starting...
2026-06-05 10:04:43.012 | INFO     | server:lifespan:51 - SCU-FastAPI Started successfully
2026-06-05 10:05:15.388 | INFO     | server:lifespan:41 - SCU-FastAPI Starting...
2026-06-05 10:05:15.400 | INFO     | server:lifespan:51 - SCU-FastAPI Started successfully
2026-06-05 10:05:46.451 | INFO     | server:lifespan:41 - SCU-FastAPI Starting...
2026-06-05 10:05:46.462 | INFO     | server:lifespan:51 - SCU-FastAPI Started successfully
2026-06-05 10:06:18.761 | INFO     | server:lifespan:41 - SCU-FastAPI Starting...
2026-06-05 10:06:18.769 | INFO     | server:lifespan:51 - SCU-FastAPI Started successfully
2026-06-05 10:06:51.216 | INFO     | server:lifespan:41 - SCU-FastAPI Starting...
2026-06-05 10:06:51.223 | INFO     | server:lifespan:51 - SCU-FastAPI Started successfully
2026-06-05 10:07:24.049 | INFO     | server:lifespan:41 - SCU-FastAPI Starting...
2026-06-05 10:07:24.055 | INFO     | server:lifespan:51 - SCU-FastAPI Started successfully
2026-06-05 10:07:56.644 | INFO     | server:lifespan:41 - SCU-FastAPI Starting...
2026-06-05 10:07:56.653 | INFO     | server:lifespan:51 - SCU-FastAPI Started successfully
2026-06-05 10:08:29.347 | INFO     | server:lifespan:41 - SCU-FastAPI Starting...
2026-06-05 10:08:29.354 | INFO     | server:lifespan:51 - SCU-FastAPI Started successfully
2026-06-05 10:09:01.115 | INFO     | server:lifespan:41 - SCU-FastAPI Starting...
2026-06-05 10:09:01.122 | INFO     | server:lifespan:51 - SCU-FastAPI Started successfully
2026-06-05 10:09:34.167 | INFO     | server:lifespan:41 - SCU-FastAPI Starting...
2026-06-05 10:09:34.177 | INFO     | server:lifespan:51 - SCU-FastAPI Started successfully
2026-06-05 10:09:38.374 | INFO     | module_admin.controller.login_controller:get_login_user_info:71 - 获取成功
2026-06-05 10:09:38.392 | WARNING  | module_admin.service.login_service:get_current_user:231 - 用户token已失效，请重新登录
2026-06-05 10:09:38.536 | INFO     | module_admin.controller.login_controller:get_login_user_routers:83 - 获取成功
2026-06-05 10:09:38.642 | INFO     | module_admin.controller.login_controller:logout:134 - 退出成功
2026-06-05 10:09:40.578 | INFO     | module_admin.controller.login_controller:login:58 - 登录成功
2026-06-05 10:09:40.711 | INFO     | module_admin.controller.login_controller:get_login_user_info:71 - 获取成功
2026-06-05 10:09:40.818 | INFO     | module_admin.controller.login_controller:get_login_user_routers:83 - 获取成功
2026-06-05 10:09:41.949 | INFO     | module_device.controller.topology_controller:get_topology_list:20 - 获取拓扑结构列表成功
2026-06-05 10:09:46.889 | INFO     | module_device.controller.topology_controller:get_topology_list:20 - 获取拓扑结构列表成功
2026-06-05 10:09:47.187 | INFO     | module_admin.controller.login_controller:get_login_user_info:71 - 获取成功
2026-06-05 10:09:47.328 | INFO     | module_admin.controller.login_controller:get_login_user_routers:83 - 获取成功
2026-06-05 10:09:47.667 | INFO     | module_device.controller.topology_controller:get_topology_list:20 - 获取拓扑结构列表成功
2026-06-05 10:09:57.476 | INFO     | module_device.controller.topology_controller:get_topology_list:20 - 获取拓扑结构列表成功
2026-06-05 10:10:01.394 | INFO     | server:lifespan:41 - SCU-FastAPI Starting...
2026-06-05 10:10:01.400 | INFO     | server:lifespan:51 - SCU-FastAPI Started successfully
2026-06-05 10:10:07.252 | INFO     | module_device.controller.topology_controller:get_topology_list:20 - 获取拓扑结构列表成功
2026-06-05 10:10:28.448 | INFO     | server:lifespan:41 - SCU-FastAPI Starting...
2026-06-05 10:10:28.454 | INFO     | server:lifespan:51 - SCU-FastAPI Started successfully
2026-06-05 10:10:56.840 | INFO     | server:lifespan:41 - SCU-FastAPI Starting...
2026-06-05 10:10:56.847 | INFO     | server:lifespan:51 - SCU-FastAPI Started successfully
2026-06-05 10:11:24.062 | INFO     | server:lifespan:41 - SCU-FastAPI Starting...
2026-06-05 10:11:24.067 | INFO     | server:lifespan:51 - SCU-FastAPI Started successfully
2026-06-05 10:11:52.117 | INFO     | server:lifespan:41 - SCU-FastAPI Starting...
2026-06-05 10:11:52.127 | INFO     | server:lifespan:51 - SCU-FastAPI Started successfully
2026-06-05 10:12:18.932 | INFO     | server:lifespan:41 - SCU-FastAPI Starting...
2026-06-05 10:12:18.942 | INFO     | server:lifespan:51 - SCU-FastAPI Started successfully
2026-06-05 10:12:26.173 | INFO     | module_admin.controller.login_controller:logout:134 - 退出成功
2026-06-05 10:12:45.755 | INFO     | server:lifespan:41 - SCU-FastAPI Starting...
2026-06-05 10:12:45.762 | INFO     | server:lifespan:51 - SCU-FastAPI Started successfully
2026-06-05 10:13:13.133 | INFO     | server:lifespan:41 - SCU-FastAPI Starting...
2026-06-05 10:13:13.140 | INFO     | server:lifespan:51 - SCU-FastAPI Started successfully
2026-06-05 10:13:39.833 | INFO     | server:lifespan:41 - SCU-FastAPI Starting...
2026-06-05 10:13:39.838 | INFO     | server:lifespan:51 - SCU-FastAPI Started successfully
2026-06-05 10:13:41.944 | INFO     | module_admin.controller.login_controller:login:58 - 登录成功
2026-06-05 10:13:42.048 | INFO     | module_admin.controller.login_controller:get_login_user_info:71 - 获取成功
2026-06-05 10:13:42.135 | INFO     | module_admin.controller.login_controller:get_login_user_routers:83 - 获取成功
2026-06-05 10:13:42.456 | INFO     | module_device.controller.topology_controller:get_topology_list:20 - 获取拓扑结构列表成功
2026-06-05 10:13:44.551 | INFO     | module_device.controller.topology_controller:get_topology_list:20 - 获取拓扑结构列表成功
2026-06-05 10:13:47.952 | INFO     | module_device.controller.device_controller:get_device_list:34 - 获取成功
2026-06-05 10:14:06.465 | INFO     | server:lifespan:41 - SCU-FastAPI Starting...
2026-06-05 10:14:06.470 | INFO     | server:lifespan:51 - SCU-FastAPI Started successfully
2026-06-05 10:14:33.039 | INFO     | server:lifespan:41 - SCU-FastAPI Starting...
2026-06-05 10:14:33.044 | INFO     | server:lifespan:51 - SCU-FastAPI Started successfully
2026-06-05 10:15:00.333 | INFO     | server:lifespan:41 - SCU-FastAPI Starting...
2026-06-05 10:15:00.342 | INFO     | server:lifespan:51 - SCU-FastAPI Started successfully
2026-06-05 10:15:26.678 | INFO     | server:lifespan:41 - SCU-FastAPI Starting...
2026-06-05 10:15:26.684 | INFO     | server:lifespan:51 - SCU-FastAPI Started successfully
2026-06-05 10:15:52.874 | INFO     | server:lifespan:41 - SCU-FastAPI Starting...
2026-06-05 10:15:52.884 | INFO     | server:lifespan:51 - SCU-FastAPI Started successfully
2026-06-05 10:16:19.737 | INFO     | server:lifespan:41 - SCU-FastAPI Starting...
2026-06-05 10:16:19.743 | INFO     | server:lifespan:51 - SCU-FastAPI Started successfully
2026-06-05 10:16:46.905 | INFO     | server:lifespan:41 - SCU-FastAPI Starting...
2026-06-05 10:16:46.916 | INFO     | server:lifespan:51 - SCU-FastAPI Started successfully
2026-06-05 10:17:14.000 | INFO     | server:lifespan:41 - SCU-FastAPI Starting...
2026-06-05 10:17:14.007 | INFO     | server:lifespan:51 - SCU-FastAPI Started successfully
2026-06-05 10:17:40.655 | INFO     | server:lifespan:41 - SCU-FastAPI Starting...
2026-06-05 10:17:40.661 | INFO     | server:lifespan:51 - SCU-FastAPI Started successfully
2026-06-05 10:18:08.318 | INFO     | server:lifespan:41 - SCU-FastAPI Starting...
2026-06-05 10:18:08.328 | INFO     | server:lifespan:51 - SCU-FastAPI Started successfully
2026-06-05 10:18:34.946 | INFO     | server:lifespan:41 - SCU-FastAPI Starting...
2026-06-05 10:18:34.956 | INFO     | server:lifespan:51 - SCU-FastAPI Started successfully
2026-06-05 10:19:00.975 | INFO     | server:lifespan:41 - SCU-FastAPI Starting...
2026-06-05 10:19:00.982 | INFO     | server:lifespan:51 - SCU-FastAPI Started successfully
2026-06-05 10:19:28.475 | INFO     | server:lifespan:41 - SCU-FastAPI Starting...
2026-06-05 10:19:28.482 | INFO     | server:lifespan:51 - SCU-FastAPI Started successfully
2026-06-05 10:19:55.504 | INFO     | server:lifespan:41 - SCU-FastAPI Starting...
2026-06-05 10:19:55.511 | INFO     | server:lifespan:51 - SCU-FastAPI Started successfully
2026-06-05 10:20:23.657 | INFO     | server:lifespan:41 - SCU-FastAPI Starting...
2026-06-05 10:20:23.662 | INFO     | server:lifespan:51 - SCU-FastAPI Started successfully
2026-06-05 10:20:50.994 | INFO     | server:lifespan:41 - SCU-FastAPI Starting...
2026-06-05 10:20:50.999 | INFO     | server:lifespan:51 - SCU-FastAPI Started successfully
2026-06-05 10:21:18.285 | INFO     | server:lifespan:41 - SCU-FastAPI Starting...
2026-06-05 10:21:18.294 | INFO     | server:lifespan:51 - SCU-FastAPI Started successfully
2026-06-05 10:21:44.021 | INFO     | server:lifespan:41 - SCU-FastAPI Starting...
2026-06-05 10:21:44.026 | INFO     | server:lifespan:51 - SCU-FastAPI Started successfully
2026-06-05 10:22:10.759 | INFO     | server:lifespan:41 - SCU-FastAPI Starting...
2026-06-05 10:22:10.766 | INFO     | server:lifespan:51 - SCU-FastAPI Started successfully
2026-06-05 10:22:38.415 | INFO     | server:lifespan:41 - SCU-FastAPI Starting...
2026-06-05 10:22:38.424 | INFO     | server:lifespan:51 - SCU-FastAPI Started successfully
2026-06-05 10:23:04.696 | INFO     | server:lifespan:41 - SCU-FastAPI Starting...
2026-06-05 10:23:04.708 | INFO     | server:lifespan:51 - SCU-FastAPI Started successfully
2026-06-05 10:23:31.704 | INFO     | server:lifespan:41 - SCU-FastAPI Starting...
2026-06-05 10:23:31.709 | INFO     | server:lifespan:51 - SCU-FastAPI Started successfully
2026-06-05 10:23:58.684 | INFO     | server:lifespan:41 - SCU-FastAPI Starting...
2026-06-05 10:23:58.693 | INFO     | server:lifespan:51 - SCU-FastAPI Started successfully
2026-06-05 10:24:27.331 | INFO     | server:lifespan:41 - SCU-FastAPI Starting...
2026-06-05 10:24:27.338 | INFO     | server:lifespan:51 - SCU-FastAPI Started successfully
2026-06-05 10:24:53.949 | INFO     | server:lifespan:41 - SCU-FastAPI Starting...
2026-06-05 10:24:53.958 | INFO     | server:lifespan:51 - SCU-FastAPI Started successfully
2026-06-05 10:25:20.453 | INFO     | server:lifespan:41 - SCU-FastAPI Starting...
2026-06-05 10:25:20.462 | INFO     | server:lifespan:51 - SCU-FastAPI Started successfully
2026-06-05 10:25:48.399 | INFO     | server:lifespan:41 - SCU-FastAPI Starting...
2026-06-05 10:25:48.406 | INFO     | server:lifespan:51 - SCU-FastAPI Started successfully
2026-06-05 10:26:15.563 | INFO     | server:lifespan:41 - SCU-FastAPI Starting...
2026-06-05 10:26:15.569 | INFO     | server:lifespan:51 - SCU-FastAPI Started successfully
2026-06-05 10:26:42.094 | INFO     | server:lifespan:41 - SCU-FastAPI Starting...
2026-06-05 10:26:42.101 | INFO     | server:lifespan:51 - SCU-FastAPI Started successfully
2026-06-05 10:27:08.479 | INFO     | server:lifespan:41 - SCU-FastAPI Starting...
2026-06-05 10:27:08.486 | INFO     | server:lifespan:51 - SCU-FastAPI Started successfully
2026-06-05 10:27:35.557 | INFO     | server:lifespan:41 - SCU-FastAPI Starting...
2026-06-05 10:27:35.566 | INFO     | server:lifespan:51 - SCU-FastAPI Started successfully
2026-06-05 10:28:02.957 | INFO     | server:lifespan:41 - SCU-FastAPI Starting...
2026-06-05 10:28:02.964 | INFO     | server:lifespan:51 - SCU-FastAPI Started successfully
2026-06-05 10:28:29.615 | INFO     | server:lifespan:41 - SCU-FastAPI Starting...
2026-06-05 10:28:29.620 | INFO     | server:lifespan:51 - SCU-FastAPI Started successfully
2026-06-05 10:28:56.455 | INFO     | server:lifespan:41 - SCU-FastAPI Starting...
2026-06-05 10:28:56.465 | INFO     | server:lifespan:51 - SCU-FastAPI Started successfully
2026-06-05 10:29:04.188 | INFO     | module_device.controller.topology_controller:get_topology_list:20 - 获取拓扑结构列表成功
2026-06-05 10:29:22.583 | INFO     | server:lifespan:41 - SCU-FastAPI Starting...
2026-06-05 10:29:22.591 | INFO     | server:lifespan:51 - SCU-FastAPI Started successfully
2026-06-05 10:29:31.618 | INFO     | module_device.controller.topology_controller:get_topology_list:20 - 获取拓扑结构列表成功
2026-06-05 10:29:49.343 | INFO     | server:lifespan:41 - SCU-FastAPI Starting...
2026-06-05 10:29:49.348 | INFO     | server:lifespan:51 - SCU-FastAPI Started successfully
2026-06-05 10:29:54.693 | INFO     | module_device.controller.device_controller:get_device_list:34 - 获取成功
2026-06-05 10:29:57.261 | INFO     | module_device.controller.device_controller:get_device_list:34 - 获取成功
2026-06-05 10:29:57.354 | INFO     | module_device.controller.topology_controller:get_topology_list:20 - 获取拓扑结构列表成功
2026-06-05 10:30:15.594 | INFO     | server:lifespan:41 - SCU-FastAPI Starting...
2026-06-05 10:30:15.600 | INFO     | server:lifespan:51 - SCU-FastAPI Started successfully
2026-06-05 10:30:18.432 | INFO     | module_device.controller.device_controller:get_device_list:34 - 获取成功
2026-06-05 10:30:27.710 | INFO     | module_device.controller.template_controller:get_template_list:39 - 获取成功
2026-06-05 10:30:42.970 | INFO     | server:lifespan:41 - SCU-FastAPI Starting...
2026-06-05 10:30:42.980 | INFO     | server:lifespan:51 - SCU-FastAPI Started successfully
2026-06-05 10:31:09.250 | INFO     | server:lifespan:41 - SCU-FastAPI Starting...
2026-06-05 10:31:09.258 | INFO     | server:lifespan:51 - SCU-FastAPI Started successfully
2026-06-05 10:31:19.650 | INFO     | module_admin.controller.login_controller:get_login_user_info:71 - 获取成功
2026-06-05 10:31:19.857 | INFO     | module_admin.controller.login_controller:get_login_user_routers:83 - 获取成功
2026-06-05 10:31:35.820 | INFO     | server:lifespan:41 - SCU-FastAPI Starting...
2026-06-05 10:31:35.825 | INFO     | server:lifespan:51 - SCU-FastAPI Started successfully
2026-06-05 10:32:02.879 | INFO     | server:lifespan:41 - SCU-FastAPI Starting...
2026-06-05 10:32:02.886 | INFO     | server:lifespan:51 - SCU-FastAPI Started successfully
2026-06-05 10:32:30.010 | INFO     | server:lifespan:41 - SCU-FastAPI Starting...
2026-06-05 10:32:30.015 | INFO     | server:lifespan:51 - SCU-FastAPI Started successfully
2026-06-05 10:32:49.841 | INFO     | module_device.controller.topology_controller:get_topology_list:20 - 获取拓扑结构列表成功
2026-06-05 10:32:52.782 | INFO     | module_device.controller.topology_controller:get_topology_list:20 - 获取拓扑结构列表成功
2026-06-05 10:32:56.979 | INFO     | server:lifespan:41 - SCU-FastAPI Starting...
2026-06-05 10:32:56.985 | INFO     | server:lifespan:51 - SCU-FastAPI Started successfully
2026-06-05 10:33:28.543 | INFO     | server:lifespan:41 - SCU-FastAPI Starting...
2026-06-05 10:33:28.552 | INFO     | server:lifespan:51 - SCU-FastAPI Started successfully
2026-06-05 10:33:55.088 | INFO     | module_admin.controller.login_controller:get_login_user_info:71 - 获取成功
2026-06-05 10:33:55.193 | INFO     | module_admin.controller.login_controller:get_login_user_routers:83 - 获取成功
2026-06-05 10:33:56.283 | INFO     | module_device.controller.topology_controller:get_topology_list:20 - 获取拓扑结构列表成功
2026-06-05 10:34:00.061 | INFO     | server:lifespan:41 - SCU-FastAPI Starting...
2026-06-05 10:34:00.066 | INFO     | server:lifespan:51 - SCU-FastAPI Started successfully
2026-06-05 10:34:13.180 | INFO     | module_admin.controller.login_controller:get_login_user_info:71 - 获取成功
2026-06-05 10:34:13.294 | INFO     | module_admin.controller.login_controller:get_login_user_routers:83 - 获取成功
2026-06-05 10:34:28.058 | INFO     | server:lifespan:41 - SCU-FastAPI Starting...
2026-06-05 10:34:28.065 | INFO     | server:lifespan:51 - SCU-FastAPI Started successfully
2026-06-05 10:34:32.998 | INFO     | module_device.controller.topology_controller:get_topology_list:20 - 获取拓扑结构列表成功
2026-06-05 10:34:54.331 | INFO     | server:lifespan:41 - SCU-FastAPI Starting...
2026-06-05 10:34:54.336 | INFO     | server:lifespan:51 - SCU-FastAPI Started successfully
2026-06-05 10:35:20.897 | INFO     | server:lifespan:41 - SCU-FastAPI Starting...
2026-06-05 10:35:20.903 | INFO     | server:lifespan:51 - SCU-FastAPI Started successfully
2026-06-05 10:35:49.023 | INFO     | server:lifespan:41 - SCU-FastAPI Starting...
2026-06-05 10:35:49.030 | INFO     | server:lifespan:51 - SCU-FastAPI Started successfully
2026-06-05 10:36:15.767 | INFO     | server:lifespan:41 - SCU-FastAPI Starting...
2026-06-05 10:36:15.773 | INFO     | server:lifespan:51 - SCU-FastAPI Started successfully
2026-06-05 10:36:42.271 | INFO     | server:lifespan:41 - SCU-FastAPI Starting...
2026-06-05 10:36:42.278 | INFO     | server:lifespan:51 - SCU-FastAPI Started successfully
2026-06-05 10:37:09.789 | INFO     | server:lifespan:41 - SCU-FastAPI Starting...
2026-06-05 10:37:09.795 | INFO     | server:lifespan:51 - SCU-FastAPI Started successfully
2026-06-05 10:37:36.251 | INFO     | server:lifespan:41 - SCU-FastAPI Starting...
2026-06-05 10:37:36.257 | INFO     | server:lifespan:51 - SCU-FastAPI Started successfully
2026-06-05 10:38:03.093 | INFO     | server:lifespan:41 - SCU-FastAPI Starting...
2026-06-05 10:38:03.100 | INFO     | server:lifespan:51 - SCU-FastAPI Started successfully
2026-06-05 10:38:25.125 | INFO     | module_device.controller.device_controller:get_device_list:34 - 获取成功
2026-06-05 10:38:31.372 | INFO     | server:lifespan:41 - SCU-FastAPI Starting...
2026-06-05 10:38:31.380 | INFO     | server:lifespan:51 - SCU-FastAPI Started successfully
2026-06-05 10:38:46.357 | INFO     | module_device.controller.topology_controller:get_topology_list:20 - 获取拓扑结构列表成功
2026-06-05 10:38:49.221 | INFO     | module_device.controller.device_controller:get_device_list:34 - 获取成功
2026-06-05 10:38:55.507 | INFO     | module_device.controller.topology_controller:get_topology_list:20 - 获取拓扑结构列表成功
2026-06-05 10:38:57.850 | INFO     | server:lifespan:41 - SCU-FastAPI Starting...
2026-06-05 10:38:57.855 | INFO     | server:lifespan:51 - SCU-FastAPI Started successfully
2026-06-05 10:39:03.359 | INFO     | module_device.controller.device_controller:get_device_list:34 - 获取成功
2026-06-05 10:39:14.786 | INFO     | module_device.controller.template_controller:get_template_all:62 - 获取成功
2026-06-05 10:39:21.086 | INFO     | module_device.controller.device_controller:add_system_device:66 - Added successfully, device code: 1
2026-06-05 10:39:21.170 | INFO     | module_device.controller.device_controller:get_device_list:34 - 获取成功
2026-06-05 10:39:24.698 | INFO     | server:lifespan:41 - SCU-FastAPI Starting...
2026-06-05 10:39:24.703 | INFO     | server:lifespan:51 - SCU-FastAPI Started successfully
2026-06-05 10:39:26.481 | INFO     | module_device.controller.device_controller:get_device_list:34 - 获取成功
2026-06-05 10:39:26.549 | INFO     | module_device.controller.topology_controller:get_topology_list:20 - 获取拓扑结构列表成功
2026-06-05 10:39:29.383 | INFO     | module_device.controller.device_controller:get_device_list:34 - 获取成功
2026-06-05 10:39:35.560 | INFO     | module_device.controller.topology_controller:add_topology:33 - Added successfully
2026-06-05 10:39:35.637 | INFO     | module_device.controller.device_controller:get_device_list:34 - 获取成功
2026-06-05 10:39:35.699 | INFO     | module_device.controller.topology_controller:get_topology_list:20 - 获取拓扑结构列表成功
2026-06-05 10:39:37.651 | INFO     | module_device.controller.topology_controller:get_topology_list:20 - 获取拓扑结构列表成功
2026-06-05 10:39:39.801 | INFO     | module_device.controller.topology_controller:get_topology_list:20 - 获取拓扑结构列表成功
2026-06-05 10:39:42.163 | INFO     | module_device.controller.topology_controller:get_topology_list:20 - 获取拓扑结构列表成功
2026-06-05 10:39:51.385 | INFO     | server:lifespan:41 - SCU-FastAPI Starting...
2026-06-05 10:39:51.390 | INFO     | server:lifespan:51 - SCU-FastAPI Started successfully
2026-06-05 10:40:03.120 | INFO     | module_device.controller.topology_controller:get_topology_list:20 - 获取拓扑结构列表成功
2026-06-05 10:40:03.189 | INFO     | module_admin.controller.login_controller:get_login_user_info:71 - 获取成功
2026-06-05 10:40:03.304 | INFO     | module_admin.controller.login_controller:get_login_user_routers:83 - 获取成功
2026-06-05 10:40:03.912 | INFO     | module_device.controller.topology_controller:get_topology_list:20 - 获取拓扑结构列表成功
2026-06-05 10:40:18.326 | INFO     | server:lifespan:41 - SCU-FastAPI Starting...
2026-06-05 10:40:18.331 | INFO     | server:lifespan:51 - SCU-FastAPI Started successfully
2026-06-05 10:40:45.097 | INFO     | server:lifespan:41 - SCU-FastAPI Starting...
2026-06-05 10:40:45.102 | INFO     | server:lifespan:51 - SCU-FastAPI Started successfully
2026-06-05 10:41:11.652 | INFO     | server:lifespan:41 - SCU-FastAPI Starting...
2026-06-05 10:41:11.659 | INFO     | server:lifespan:51 - SCU-FastAPI Started successfully
2026-06-05 10:41:30.350 | INFO     | module_device.controller.topology_controller:get_topology_list:20 - 获取拓扑结构列表成功
2026-06-05 10:41:30.409 | INFO     | module_admin.controller.login_controller:get_login_user_info:71 - 获取成功
2026-06-05 10:41:30.526 | INFO     | module_admin.controller.login_controller:get_login_user_routers:83 - 获取成功
2026-06-05 10:41:30.946 | INFO     | module_device.controller.topology_controller:get_topology_list:20 - 获取拓扑结构列表成功
2026-06-05 10:41:38.634 | INFO     | server:lifespan:41 - SCU-FastAPI Starting...
2026-06-05 10:41:38.639 | INFO     | server:lifespan:51 - SCU-FastAPI Started successfully
2026-06-05 10:41:45.060 | INFO     | module_device.controller.topology_controller:get_topology_list:20 - 获取拓扑结构列表成功
2026-06-05 10:41:45.389 | INFO     | module_admin.controller.login_controller:get_login_user_info:71 - 获取成功
2026-06-05 10:41:45.497 | INFO     | module_admin.controller.login_controller:get_login_user_routers:83 - 获取成功
2026-06-05 10:41:45.899 | INFO     | module_device.controller.topology_controller:get_topology_list:20 - 获取拓扑结构列表成功
2026-06-05 10:42:05.449 | INFO     | server:lifespan:41 - SCU-FastAPI Starting...
2026-06-05 10:42:05.455 | INFO     | server:lifespan:51 - SCU-FastAPI Started successfully
2026-06-05 10:42:32.532 | INFO     | server:lifespan:41 - SCU-FastAPI Starting...
2026-06-05 10:42:32.539 | INFO     | server:lifespan:51 - SCU-FastAPI Started successfully
2026-06-05 10:42:58.653 | INFO     | server:lifespan:41 - SCU-FastAPI Starting...
2026-06-05 10:42:58.659 | INFO     | server:lifespan:51 - SCU-FastAPI Started successfully
2026-06-05 10:43:25.427 | INFO     | server:lifespan:41 - SCU-FastAPI Starting...
2026-06-05 10:43:25.432 | INFO     | server:lifespan:51 - SCU-FastAPI Started successfully
2026-06-05 10:43:54.144 | INFO     | server:lifespan:41 - SCU-FastAPI Starting...
2026-06-05 10:43:54.152 | INFO     | server:lifespan:51 - SCU-FastAPI Started successfully
2026-06-05 10:44:24.697 | INFO     | server:lifespan:41 - SCU-FastAPI Starting...
2026-06-05 10:44:24.702 | INFO     | server:lifespan:51 - SCU-FastAPI Started successfully
2026-06-05 10:44:51.907 | INFO     | server:lifespan:41 - SCU-FastAPI Starting...
2026-06-05 10:44:51.913 | INFO     | server:lifespan:51 - SCU-FastAPI Started successfully
2026-06-05 10:45:21.709 | INFO     | module_admin.controller.login_controller:get_login_user_info:71 - 获取成功
2026-06-05 10:45:21.891 | INFO     | module_admin.controller.login_controller:get_login_user_routers:83 - 获取成功
2026-06-05 10:45:23.033 | INFO     | module_device.controller.topology_controller:get_topology_list:20 - 获取拓扑结构列表成功
2026-06-05 10:45:23.922 | INFO     | server:lifespan:41 - SCU-FastAPI Starting...
2026-06-05 10:45:23.929 | INFO     | server:lifespan:51 - SCU-FastAPI Started successfully
2026-06-05 10:45:50.778 | INFO     | server:lifespan:41 - SCU-FastAPI Starting...
2026-06-05 10:45:50.783 | INFO     | server:lifespan:51 - SCU-FastAPI Started successfully
2026-06-05 10:45:51.565 | INFO     | module_admin.controller.login_controller:get_login_user_info:71 - 获取成功
2026-06-05 10:45:51.683 | INFO     | module_admin.controller.login_controller:get_login_user_routers:83 - 获取成功
2026-06-05 10:45:52.374 | INFO     | module_device.controller.topology_controller:get_topology_list:20 - 获取拓扑结构列表成功
2026-06-05 10:46:18.167 | INFO     | server:lifespan:41 - SCU-FastAPI Starting...
2026-06-05 10:46:18.173 | INFO     | server:lifespan:51 - SCU-FastAPI Started successfully
2026-06-05 10:46:44.952 | INFO     | server:lifespan:41 - SCU-FastAPI Starting...
2026-06-05 10:46:44.957 | INFO     | server:lifespan:51 - SCU-FastAPI Started successfully
2026-06-05 10:47:12.862 | INFO     | server:lifespan:41 - SCU-FastAPI Starting...
2026-06-05 10:47:12.868 | INFO     | server:lifespan:51 - SCU-FastAPI Started successfully
2026-06-05 10:47:23.478 | INFO     | module_device.controller.topology_controller:get_topology_list:20 - 获取拓扑结构列表成功
2026-06-05 10:47:23.554 | INFO     | module_admin.controller.login_controller:get_login_user_info:71 - 获取成功
2026-06-05 10:47:23.676 | INFO     | module_admin.controller.login_controller:get_login_user_routers:83 - 获取成功
2026-06-05 10:47:24.112 | INFO     | module_device.controller.topology_controller:get_topology_list:20 - 获取拓扑结构列表成功
2026-06-05 10:47:39.725 | INFO     | server:lifespan:41 - SCU-FastAPI Starting...
2026-06-05 10:47:39.731 | INFO     | server:lifespan:51 - SCU-FastAPI Started successfully
2026-06-05 10:47:58.422 | INFO     | module_device.controller.device_controller:get_device_list:34 - 获取成功
2026-06-05 10:48:06.817 | INFO     | server:lifespan:41 - SCU-FastAPI Starting...
2026-06-05 10:48:06.822 | INFO     | server:lifespan:51 - SCU-FastAPI Started successfully
2026-06-05 10:48:34.910 | INFO     | server:lifespan:41 - SCU-FastAPI Starting...
2026-06-05 10:48:34.919 | INFO     | server:lifespan:51 - SCU-FastAPI Started successfully
2026-06-05 10:49:01.851 | INFO     | server:lifespan:41 - SCU-FastAPI Starting...
2026-06-05 10:49:01.856 | INFO     | server:lifespan:51 - SCU-FastAPI Started successfully
2026-06-05 10:49:28.167 | INFO     | server:lifespan:41 - SCU-FastAPI Starting...
2026-06-05 10:49:28.172 | INFO     | server:lifespan:51 - SCU-FastAPI Started successfully
2026-06-05 10:49:55.381 | INFO     | server:lifespan:41 - SCU-FastAPI Starting...
2026-06-05 10:49:55.388 | INFO     | server:lifespan:51 - SCU-FastAPI Started successfully
2026-06-05 10:50:21.767 | INFO     | server:lifespan:41 - SCU-FastAPI Starting...
2026-06-05 10:50:21.773 | INFO     | server:lifespan:51 - SCU-FastAPI Started successfully
2026-06-05 10:50:48.725 | INFO     | server:lifespan:41 - SCU-FastAPI Starting...
2026-06-05 10:50:48.732 | INFO     | server:lifespan:51 - SCU-FastAPI Started successfully
2026-06-05 10:50:58.788 | INFO     | module_device.controller.template_controller:get_template_all:62 - 获取成功
2026-06-05 10:51:15.588 | INFO     | server:lifespan:41 - SCU-FastAPI Starting...
2026-06-05 10:51:15.595 | INFO     | server:lifespan:51 - SCU-FastAPI Started successfully
2026-06-05 10:51:16.140 | INFO     | module_device.controller.device_controller:add_system_device:66 - Added successfully, device code: 1
2026-06-05 10:51:16.249 | INFO     | module_device.controller.device_controller:get_device_list:34 - 获取成功
2026-06-05 10:51:33.297 | INFO     | module_device.controller.template_controller:get_template_all:62 - 获取成功
2026-06-05 10:51:40.340 | INFO     | module_device.controller.device_controller:add_system_device:66 - Added successfully, device code: 2
2026-06-05 10:51:40.436 | INFO     | module_device.controller.device_controller:get_device_list:34 - 获取成功
2026-06-05 10:51:43.777 | INFO     | server:lifespan:41 - SCU-FastAPI Starting...
2026-06-05 10:51:43.791 | INFO     | server:lifespan:51 - SCU-FastAPI Started successfully
2026-06-05 10:51:47.271 | INFO     | module_device.controller.device_controller:get_device_list:34 - 获取成功
2026-06-05 10:51:47.324 | INFO     | module_device.controller.topology_controller:get_topology_list:20 - 获取拓扑结构列表成功
2026-06-05 10:51:57.131 | INFO     | module_device.controller.device_controller:get_device_list:34 - 获取成功
2026-06-05 10:52:06.259 | INFO     | module_device.controller.topology_controller:add_topology:33 - Added successfully
2026-06-05 10:52:06.352 | INFO     | module_device.controller.device_controller:get_device_list:34 - 获取成功
2026-06-05 10:52:06.423 | INFO     | module_device.controller.topology_controller:get_topology_list:20 - 获取拓扑结构列表成功
2026-06-05 10:52:09.371 | INFO     | module_device.controller.device_controller:get_device_list:34 - 获取成功
2026-06-05 10:52:11.108 | INFO     | server:lifespan:41 - SCU-FastAPI Starting...
2026-06-05 10:52:11.114 | INFO     | server:lifespan:51 - SCU-FastAPI Started successfully
2026-06-05 10:52:14.948 | INFO     | module_device.controller.topology_controller:add_topology:33 - Added successfully
2026-06-05 10:52:15.074 | INFO     | module_device.controller.device_controller:get_device_list:34 - 获取成功
2026-06-05 10:52:15.173 | INFO     | module_device.controller.topology_controller:get_topology_list:20 - 获取拓扑结构列表成功
2026-06-05 10:52:17.262 | INFO     | module_device.controller.topology_controller:get_topology_list:20 - 获取拓扑结构列表成功
2026-06-05 10:52:23.333 | INFO     | module_device.controller.topology_controller:get_topology_list:20 - 获取拓扑结构列表成功
2026-06-05 10:52:39.434 | INFO     | server:lifespan:41 - SCU-FastAPI Starting...
2026-06-05 10:52:39.440 | INFO     | server:lifespan:51 - SCU-FastAPI Started successfully
2026-06-05 10:53:06.068 | INFO     | server:lifespan:41 - SCU-FastAPI Starting...
2026-06-05 10:53:06.073 | INFO     | server:lifespan:51 - SCU-FastAPI Started successfully
2026-06-05 10:53:32.666 | INFO     | server:lifespan:41 - SCU-FastAPI Starting...
2026-06-05 10:53:32.672 | INFO     | server:lifespan:51 - SCU-FastAPI Started successfully
2026-06-05 10:53:59.550 | INFO     | server:lifespan:41 - SCU-FastAPI Starting...
2026-06-05 10:53:59.555 | INFO     | server:lifespan:51 - SCU-FastAPI Started successfully
2026-06-05 10:54:26.719 | INFO     | server:lifespan:41 - SCU-FastAPI Starting...
2026-06-05 10:54:26.725 | INFO     | server:lifespan:51 - SCU-FastAPI Started successfully
2026-06-05 10:54:53.440 | INFO     | server:lifespan:41 - SCU-FastAPI Starting...
2026-06-05 10:54:53.445 | INFO     | server:lifespan:51 - SCU-FastAPI Started successfully
2026-06-05 10:55:19.556 | INFO     | server:lifespan:41 - SCU-FastAPI Starting...
2026-06-05 10:55:19.566 | INFO     | server:lifespan:51 - SCU-FastAPI Started successfully
2026-06-05 10:55:44.577 | INFO     | module_device.controller.device_controller:get_device_list:34 - 获取成功
2026-06-05 10:55:46.053 | INFO     | server:lifespan:41 - SCU-FastAPI Starting...
2026-06-05 10:55:46.058 | INFO     | server:lifespan:51 - SCU-FastAPI Started successfully
2026-06-05 10:55:54.493 | INFO     | module_device.controller.topology_controller:get_topology_list:20 - 获取拓扑结构列表成功
2026-06-05 10:56:13.205 | INFO     | server:lifespan:41 - SCU-FastAPI Starting...
2026-06-05 10:56:13.211 | INFO     | server:lifespan:51 - SCU-FastAPI Started successfully
2026-06-05 10:56:39.835 | INFO     | server:lifespan:41 - SCU-FastAPI Starting...
2026-06-05 10:56:39.841 | INFO     | server:lifespan:51 - SCU-FastAPI Started successfully
2026-06-05 10:57:07.816 | INFO     | server:lifespan:41 - SCU-FastAPI Starting...
2026-06-05 10:57:07.822 | INFO     | server:lifespan:51 - SCU-FastAPI Started successfully
2026-06-05 10:57:34.576 | INFO     | server:lifespan:41 - SCU-FastAPI Starting...
2026-06-05 10:57:34.581 | INFO     | server:lifespan:51 - SCU-FastAPI Started successfully
2026-06-05 10:58:01.974 | INFO     | server:lifespan:41 - SCU-FastAPI Starting...
2026-06-05 10:58:01.979 | INFO     | server:lifespan:51 - SCU-FastAPI Started successfully
2026-06-05 10:58:29.019 | INFO     | server:lifespan:41 - SCU-FastAPI Starting...
2026-06-05 10:58:29.024 | INFO     | server:lifespan:51 - SCU-FastAPI Started successfully
2026-06-05 10:58:56.412 | INFO     | server:lifespan:41 - SCU-FastAPI Starting...
2026-06-05 10:58:56.417 | INFO     | server:lifespan:51 - SCU-FastAPI Started successfully
2026-06-05 10:59:24.235 | INFO     | server:lifespan:41 - SCU-FastAPI Starting...
2026-06-05 10:59:24.246 | INFO     | server:lifespan:51 - SCU-FastAPI Started successfully
2026-06-05 10:59:52.102 | INFO     | server:lifespan:41 - SCU-FastAPI Starting...
2026-06-05 10:59:52.107 | INFO     | server:lifespan:51 - SCU-FastAPI Started successfully
2026-06-05 11:00:19.486 | INFO     | server:lifespan:41 - SCU-FastAPI Starting...
2026-06-05 11:00:19.491 | INFO     | server:lifespan:51 - SCU-FastAPI Started successfully
2026-06-05 11:00:25.676 | INFO     | module_admin.controller.login_controller:get_login_user_info:71 - 获取成功
2026-06-05 11:00:25.788 | INFO     | module_admin.controller.login_controller:get_login_user_routers:83 - 获取成功
2026-06-05 11:00:26.850 | INFO     | module_device.controller.topology_controller:get_topology_list:20 - 获取拓扑结构列表成功
2026-06-05 11:00:38.284 | INFO     | module_device.controller.device_controller:get_device_list:34 - 获取成功
2026-06-05 11:00:38.375 | INFO     | module_device.controller.topology_controller:get_topology_list:20 - 获取拓扑结构列表成功
2026-06-05 11:00:46.402 | INFO     | server:lifespan:41 - SCU-FastAPI Starting...
2026-06-05 11:00:46.411 | INFO     | server:lifespan:51 - SCU-FastAPI Started successfully
2026-06-05 11:01:14.424 | INFO     | server:lifespan:41 - SCU-FastAPI Starting...
2026-06-05 11:01:14.430 | INFO     | server:lifespan:51 - SCU-FastAPI Started successfully
2026-06-05 11:01:41.732 | INFO     | server:lifespan:41 - SCU-FastAPI Starting...
2026-06-05 11:01:41.741 | INFO     | server:lifespan:51 - SCU-FastAPI Started successfully
2026-06-05 11:02:08.448 | INFO     | server:lifespan:41 - SCU-FastAPI Starting...
2026-06-05 11:02:08.454 | INFO     | server:lifespan:51 - SCU-FastAPI Started successfully
2026-06-05 11:02:35.750 | INFO     | server:lifespan:41 - SCU-FastAPI Starting...
2026-06-05 11:02:35.759 | INFO     | server:lifespan:51 - SCU-FastAPI Started successfully
2026-06-05 11:03:02.231 | INFO     | server:lifespan:41 - SCU-FastAPI Starting...
2026-06-05 11:03:02.236 | INFO     | server:lifespan:51 - SCU-FastAPI Started successfully
2026-06-05 11:03:29.370 | INFO     | server:lifespan:41 - SCU-FastAPI Starting...
2026-06-05 11:03:29.376 | INFO     | server:lifespan:51 - SCU-FastAPI Started successfully
2026-06-05 11:03:57.405 | INFO     | server:lifespan:41 - SCU-FastAPI Starting...
2026-06-05 11:03:57.412 | INFO     | server:lifespan:51 - SCU-FastAPI Started successfully
2026-06-05 11:04:27.391 | INFO     | server:lifespan:41 - SCU-FastAPI Starting...
2026-06-05 11:04:27.397 | INFO     | server:lifespan:51 - SCU-FastAPI Started successfully
2026-06-05 11:04:51.625 | INFO     | module_admin.controller.login_controller:get_login_user_info:71 - 获取成功
2026-06-05 11:04:51.910 | INFO     | module_admin.controller.login_controller:get_login_user_routers:83 - 获取成功
2026-06-05 11:04:53.091 | INFO     | module_device.controller.device_controller:get_device_list:34 - 获取成功
2026-06-05 11:04:53.175 | INFO     | module_device.controller.topology_controller:get_topology_list:20 - 获取拓扑结构列表成功
2026-06-05 11:04:56.952 | INFO     | server:lifespan:41 - SCU-FastAPI Starting...
2026-06-05 11:04:56.957 | INFO     | server:lifespan:51 - SCU-FastAPI Started successfully
2026-06-05 11:05:25.916 | INFO     | server:lifespan:41 - SCU-FastAPI Starting...
2026-06-05 11:05:25.923 | INFO     | server:lifespan:51 - SCU-FastAPI Started successfully
2026-06-05 11:05:53.165 | INFO     | server:lifespan:41 - SCU-FastAPI Starting...
2026-06-05 11:05:53.171 | INFO     | server:lifespan:51 - SCU-FastAPI Started successfully
2026-06-05 11:06:19.811 | INFO     | server:lifespan:41 - SCU-FastAPI Starting...
2026-06-05 11:06:19.816 | INFO     | server:lifespan:51 - SCU-FastAPI Started successfully
2026-06-05 11:06:46.719 | INFO     | server:lifespan:41 - SCU-FastAPI Starting...
2026-06-05 11:06:46.730 | INFO     | server:lifespan:51 - SCU-FastAPI Started successfully
2026-06-05 11:07:13.520 | INFO     | server:lifespan:41 - SCU-FastAPI Starting...
2026-06-05 11:07:13.528 | INFO     | server:lifespan:51 - SCU-FastAPI Started successfully
2026-06-05 11:07:41.320 | INFO     | server:lifespan:41 - SCU-FastAPI Starting...
2026-06-05 11:07:41.325 | INFO     | server:lifespan:51 - SCU-FastAPI Started successfully
2026-06-05 11:08:07.067 | INFO     | server:lifespan:41 - SCU-FastAPI Starting...
2026-06-05 11:08:07.072 | INFO     | server:lifespan:51 - SCU-FastAPI Started successfully
2026-06-05 11:08:35.167 | INFO     | server:lifespan:41 - SCU-FastAPI Starting...
2026-06-05 11:08:35.175 | INFO     | server:lifespan:51 - SCU-FastAPI Started successfully
2026-06-05 11:09:00.922 | INFO     | server:lifespan:41 - SCU-FastAPI Starting...
2026-06-05 11:09:00.928 | INFO     | server:lifespan:51 - SCU-FastAPI Started successfully
2026-06-05 11:09:27.934 | INFO     | server:lifespan:41 - SCU-FastAPI Starting...
2026-06-05 11:09:27.939 | INFO     | server:lifespan:51 - SCU-FastAPI Started successfully
2026-06-05 11:09:55.596 | INFO     | server:lifespan:41 - SCU-FastAPI Starting...
2026-06-05 11:09:55.606 | INFO     | server:lifespan:51 - SCU-FastAPI Started successfully
2026-06-05 11:10:22.566 | INFO     | server:lifespan:41 - SCU-FastAPI Starting...
2026-06-05 11:10:22.572 | INFO     | server:lifespan:51 - SCU-FastAPI Started successfully
2026-06-05 11:10:49.328 | INFO     | server:lifespan:41 - SCU-FastAPI Starting...
2026-06-05 11:10:49.338 | INFO     | server:lifespan:51 - SCU-FastAPI Started successfully
2026-06-05 11:11:16.676 | INFO     | server:lifespan:41 - SCU-FastAPI Starting...
2026-06-05 11:11:16.682 | INFO     | server:lifespan:51 - SCU-FastAPI Started successfully
2026-06-05 11:11:43.843 | INFO     | server:lifespan:41 - SCU-FastAPI Starting...
2026-06-05 11:11:43.854 | INFO     | server:lifespan:51 - SCU-FastAPI Started successfully
2026-06-05 11:12:10.127 | INFO     | server:lifespan:41 - SCU-FastAPI Starting...
2026-06-05 11:12:10.133 | INFO     | server:lifespan:51 - SCU-FastAPI Started successfully
2026-06-05 11:12:37.125 | INFO     | server:lifespan:41 - SCU-FastAPI Starting...
2026-06-05 11:12:37.131 | INFO     | server:lifespan:51 - SCU-FastAPI Started successfully
2026-06-05 11:13:04.601 | INFO     | server:lifespan:41 - SCU-FastAPI Starting...
2026-06-05 11:13:04.607 | INFO     | server:lifespan:51 - SCU-FastAPI Started successfully
2026-06-05 11:13:31.600 | INFO     | server:lifespan:41 - SCU-FastAPI Starting...
2026-06-05 11:13:31.611 | INFO     | server:lifespan:51 - SCU-FastAPI Started successfully
2026-06-05 11:13:59.269 | INFO     | server:lifespan:41 - SCU-FastAPI Starting...
2026-06-05 11:13:59.275 | INFO     | server:lifespan:51 - SCU-FastAPI Started successfully
2026-06-05 11:14:25.098 | INFO     | server:lifespan:41 - SCU-FastAPI Starting...
2026-06-05 11:14:25.104 | INFO     | server:lifespan:51 - SCU-FastAPI Started successfully
2026-06-05 11:14:52.437 | INFO     | server:lifespan:41 - SCU-FastAPI Starting...
2026-06-05 11:14:52.443 | INFO     | server:lifespan:51 - SCU-FastAPI Started successfully
2026-06-05 11:15:18.433 | INFO     | server:lifespan:41 - SCU-FastAPI Starting...
2026-06-05 11:15:18.439 | INFO     | server:lifespan:51 - SCU-FastAPI Started successfully
2026-06-05 11:15:26.517 | INFO     | module_device.controller.topology_controller:get_topology_list:20 - 获取拓扑结构列表成功
2026-06-05 11:15:29.399 | INFO     | module_device.controller.topology_controller:get_topology_list:20 - 获取拓扑结构列表成功
2026-06-05 11:15:34.727 | INFO     | module_device.controller.device_controller:get_device_list:34 - 获取成功
2026-06-05 11:15:37.147 | INFO     | module_device.controller.device_controller:get_device_list:34 - 获取成功
2026-06-05 11:15:37.221 | INFO     | module_device.controller.topology_controller:get_topology_list:20 - 获取拓扑结构列表成功
2026-06-05 11:15:39.872 | INFO     | module_device.controller.template_controller:get_template_list:39 - 获取成功
2026-06-05 11:15:46.170 | INFO     | server:lifespan:41 - SCU-FastAPI Starting...
2026-06-05 11:15:46.176 | INFO     | server:lifespan:51 - SCU-FastAPI Started successfully
2026-06-05 11:16:13.142 | INFO     | server:lifespan:41 - SCU-FastAPI Starting...
2026-06-05 11:16:13.147 | INFO     | server:lifespan:51 - SCU-FastAPI Started successfully
2026-06-05 11:16:40.330 | INFO     | server:lifespan:41 - SCU-FastAPI Starting...
2026-06-05 11:16:40.336 | INFO     | server:lifespan:51 - SCU-FastAPI Started successfully
2026-06-05 11:16:42.249 | INFO     | module_device.controller.history_controller:get_event_data:94 - 获取事件/故障数据成功
2026-06-05 11:16:47.110 | INFO     | module_device.controller.history_controller:get_event_data:94 - 获取事件/故障数据成功
2026-06-05 11:17:07.438 | INFO     | server:lifespan:41 - SCU-FastAPI Starting...
2026-06-05 11:17:07.454 | INFO     | server:lifespan:51 - SCU-FastAPI Started successfully
2026-06-05 11:17:35.342 | INFO     | server:lifespan:41 - SCU-FastAPI Starting...
2026-06-05 11:17:35.347 | INFO     | server:lifespan:51 - SCU-FastAPI Started successfully
2026-06-05 11:18:03.244 | INFO     | server:lifespan:41 - SCU-FastAPI Starting...
2026-06-05 11:18:03.250 | INFO     | server:lifespan:51 - SCU-FastAPI Started successfully
2026-06-05 11:18:33.631 | INFO     | server:lifespan:41 - SCU-FastAPI Starting...
2026-06-05 11:18:33.638 | INFO     | server:lifespan:51 - SCU-FastAPI Started successfully
2026-06-05 11:19:01.722 | INFO     | server:lifespan:41 - SCU-FastAPI Starting...
2026-06-05 11:19:01.732 | INFO     | server:lifespan:51 - SCU-FastAPI Started successfully
2026-06-05 11:19:19.541 | INFO     | module_admin.controller.login_controller:get_login_user_info:71 - 获取成功
2026-06-05 11:19:19.676 | INFO     | module_admin.controller.login_controller:get_login_user_routers:83 - 获取成功
2026-06-05 11:19:29.251 | INFO     | server:lifespan:41 - SCU-FastAPI Starting...
2026-06-05 11:19:29.259 | INFO     | server:lifespan:51 - SCU-FastAPI Started successfully
2026-06-05 11:19:40.283 | INFO     | module_device.controller.topology_controller:get_topology_list:20 - 获取拓扑结构列表成功
2026-06-05 11:19:48.302 | INFO     | module_device.controller.topology_controller:get_topology_list:20 - 获取拓扑结构列表成功
2026-06-05 11:19:48.367 | INFO     | module_admin.controller.login_controller:get_login_user_info:71 - 获取成功
2026-06-05 11:19:48.508 | INFO     | module_admin.controller.login_controller:get_login_user_routers:83 - 获取成功
2026-06-05 11:19:49.361 | INFO     | module_device.controller.topology_controller:get_topology_list:20 - 获取拓扑结构列表成功
2026-06-05 11:19:55.314 | INFO     | module_device.controller.topology_controller:get_topology_list:20 - 获取拓扑结构列表成功
2026-06-05 11:19:56.660 | INFO     | server:lifespan:41 - SCU-FastAPI Starting...
2026-06-05 11:19:56.666 | INFO     | server:lifespan:51 - SCU-FastAPI Started successfully
2026-06-05 11:20:24.335 | INFO     | server:lifespan:41 - SCU-FastAPI Starting...
2026-06-05 11:20:24.342 | INFO     | server:lifespan:51 - SCU-FastAPI Started successfully
2026-06-05 11:20:51.194 | INFO     | server:lifespan:41 - SCU-FastAPI Starting...
2026-06-05 11:20:51.199 | INFO     | server:lifespan:51 - SCU-FastAPI Started successfully
2026-06-05 11:21:18.080 | INFO     | server:lifespan:41 - SCU-FastAPI Starting...
2026-06-05 11:21:18.088 | INFO     | server:lifespan:51 - SCU-FastAPI Started successfully
2026-06-05 11:21:44.689 | INFO     | server:lifespan:41 - SCU-FastAPI Starting...
2026-06-05 11:21:44.695 | INFO     | server:lifespan:51 - SCU-FastAPI Started successfully
2026-06-05 11:22:06.980 | INFO     | module_device.controller.topology_controller:get_topology_list:20 - 获取拓扑结构列表成功
2026-06-05 11:22:12.412 | INFO     | server:lifespan:41 - SCU-FastAPI Starting...
2026-06-05 11:22:12.418 | INFO     | server:lifespan:51 - SCU-FastAPI Started successfully
2026-06-05 11:22:38.869 | INFO     | server:lifespan:41 - SCU-FastAPI Starting...
2026-06-05 11:22:38.874 | INFO     | server:lifespan:51 - SCU-FastAPI Started successfully
2026-06-05 11:23:06.225 | INFO     | server:lifespan:41 - SCU-FastAPI Starting...
2026-06-05 11:23:06.232 | INFO     | server:lifespan:51 - SCU-FastAPI Started successfully
2026-06-05 11:23:26.441 | INFO     | module_device.controller.topology_controller:get_topology_list:20 - 获取拓扑结构列表成功
2026-06-05 11:23:32.267 | INFO     | module_admin.controller.server_controller:get_monitor_server_info:19 - 获取成功
2026-06-05 11:23:32.278 | ERROR    | exceptions.handle:exception_handler:70 - (sqlite3.OperationalError) no such table: pcs_soft_version
[SQL: SELECT pcs_soft_version.id AS pcs_soft_version_id, pcs_soft_version.name AS pcs_soft_version_name, pcs_soft_version.cpld_version AS pcs_soft_version_cpld_version, pcs_soft_version.dsp_cpu1_version AS pcs_soft_version_dsp_cpu1_version, pcs_soft_version.dsp_cpu2_version AS pcs_soft_version_dsp_cpu2_version, pcs_soft_version.pcs_version AS pcs_soft_version_pcs_version 
FROM pcs_soft_version]
(Background on this error at: https://sqlalche.me/e/20/e3q8)
Traceback (most recent call last):

  File "/opt/bbms/web_source/web_backend/web-backend/.venv-lnx/lib/python3.8/site-packages/sqlalchemy/engine/base.py", line 1967, in _exec_single_context
    self.dialect.do_execute(
    │    │       └ <function DefaultDialect.do_execute at 0x7f81dd2550>
    │    └ <sqlalchemy.dialects.sqlite.pysqlite.SQLiteDialect_pysqlite object at 0x7f81a339d0>
    └ <sqlalchemy.engine.base.Connection object at 0x7f6c744340>
  File "/opt/bbms/web_source/web_backend/web-backend/.venv-lnx/lib/python3.8/site-packages/sqlalchemy/engine/default.py", line 924, in do_execute
    cursor.execute(statement, parameters)
    │      │       │          └ ()
    │      │       └ 'SELECT pcs_soft_version.id AS pcs_soft_version_id, pcs_soft_version.name AS pcs_soft_version_name, pcs_soft_version.cpld_ver...
    │      └ <method 'execute' of 'sqlite3.Cursor' objects>
    └ <sqlite3.Cursor object at 0x7f6c69fc00>

sqlite3.OperationalError: no such table: pcs_soft_version


The above exception was the direct cause of the following exception:


Traceback (most recent call last):

  File "app.py", line 18, in <module>
    uvicorn.run(
    │       └ <function run at 0x7f84f49310>
    └ <module 'uvicorn' from '/opt/bbms/web_source/web_backend/web-backend/.venv-lnx/lib/python3.8/site-packages/uvicorn/__init__.py'>

  File "/opt/bbms/web_source/web_backend/web-backend/.venv-lnx/lib/python3.8/site-packages/uvicorn/main.py", line 579, in run
    server.run()
    │      └ <function Server.run at 0x7f84f1d4c0>
    └ <uvicorn.server.Server object at 0x7f6ff104f0>
  File "/opt/bbms/web_source/web_backend/web-backend/.venv-lnx/lib/python3.8/site-packages/uvicorn/server.py", line 65, in run
    return asyncio.run(self.serve(sockets=sockets))
           │       │   │    │             └ None
           │       │   │    └ <function Server.serve at 0x7f84f1d550>
           │       │   └ <uvicorn.server.Server object at 0x7f6ff104f0>
           │       └ <function run at 0x7f8593e790>
           └ <module 'asyncio' from '/usr/lib/python3.8/asyncio/__init__.py'>
  File "/usr/lib/python3.8/asyncio/runners.py", line 44, in run
    return loop.run_until_complete(main)
           │    │                  └ <coroutine object Server.serve at 0x7f6fcb73c0>
           │    └ <cyfunction Loop.run_until_complete at 0x7f6fcde580>
           └ <uvloop.Loop running=True closed=False debug=False>
  File "/opt/bbms/web_source/web_backend/web-backend/.venv-lnx/lib/python3.8/site-packages/uvicorn/protocols/http/httptools_impl.py", line 409, in run_asgi
    result = await app(  # type: ignore[func-returns-value]
                   └ <uvicorn.middleware.proxy_headers.ProxyHeadersMiddleware object at 0x7f6ff06730>
  File "/opt/bbms/web_source/web_backend/web-backend/.venv-lnx/lib/python3.8/site-packages/uvicorn/middleware/proxy_headers.py", line 60, in __call__
    return await self.app(scope, receive, send)
                 │    │   │      │        └ <bound method RequestResponseCycle.send of <uvicorn.protocols.http.httptools_impl.RequestResponseCycle object at 0x7f6c443e80>>
                 │    │   │      └ <bound method RequestResponseCycle.receive of <uvicorn.protocols.http.httptools_impl.RequestResponseCycle object at 0x7f6c443...
                 │    │   └ {'type': 'http', 'asgi': {'version': '3.0', 'spec_version': '2.3'}, 'http_version': '1.1', 'server': ('127.0.0.1', 9099), 'cl...
                 │    └ <fastapi.applications.FastAPI object at 0x7f859cf910>
                 └ <uvicorn.middleware.proxy_headers.ProxyHeadersMiddleware object at 0x7f6ff06730>
  File "/opt/bbms/web_source/web_backend/web-backend/.venv-lnx/lib/python3.8/site-packages/fastapi/applications.py", line 1054, in __call__
    await super().__call__(scope, receive, send)
                           │      │        └ <bound method RequestResponseCycle.send of <uvicorn.protocols.http.httptools_impl.RequestResponseCycle object at 0x7f6c443e80>>
                           │      └ <bound method RequestResponseCycle.receive of <uvicorn.protocols.http.httptools_impl.RequestResponseCycle object at 0x7f6c443...
                           └ {'type': 'http', 'asgi': {'version': '3.0', 'spec_version': '2.3'}, 'http_version': '1.1', 'server': ('127.0.0.1', 9099), 'cl...
  File "/opt/bbms/web_source/web_backend/web-backend/.venv-lnx/lib/python3.8/site-packages/starlette/applications.py", line 113, in __call__
    await self.middleware_stack(scope, receive, send)
          │    │                │      │        └ <bound method RequestResponseCycle.send of <uvicorn.protocols.http.httptools_impl.RequestResponseCycle object at 0x7f6c443e80>>
          │    │                │      └ <bound method RequestResponseCycle.receive of <uvicorn.protocols.http.httptools_impl.RequestResponseCycle object at 0x7f6c443...
          │    │                └ {'type': 'http', 'asgi': {'version': '3.0', 'spec_version': '2.3'}, 'http_version': '1.1', 'server': ('127.0.0.1', 9099), 'cl...
          │    └ <starlette.middleware.errors.ServerErrorMiddleware object at 0x7f6fb7d9a0>
          └ <fastapi.applications.FastAPI object at 0x7f859cf910>
> File "/opt/bbms/web_source/web_backend/web-backend/.venv-lnx/lib/python3.8/site-packages/starlette/middleware/errors.py", line 165, in __call__
    await self.app(scope, receive, _send)
          │    │   │      │        └ <function ServerErrorMiddleware.__call__.<locals>._send at 0x7f70ab1ee0>
          │    │   │      └ <bound method RequestResponseCycle.receive of <uvicorn.protocols.http.httptools_impl.RequestResponseCycle object at 0x7f6c443...
          │    │   └ {'type': 'http', 'asgi': {'version': '3.0', 'spec_version': '2.3'}, 'http_version': '1.1', 'server': ('127.0.0.1', 9099), 'cl...
          │    └ <starlette.middleware.gzip.GZipMiddleware object at 0x7f6fb7d940>
          └ <starlette.middleware.errors.ServerErrorMiddleware object at 0x7f6fb7d9a0>
  File "/opt/bbms/web_source/web_backend/web-backend/.venv-lnx/lib/python3.8/site-packages/starlette/middleware/gzip.py", line 20, in __call__
    await responder(scope, receive, send)
          │         │      │        └ <function ServerErrorMiddleware.__call__.<locals>._send at 0x7f70ab1ee0>
          │         │      └ <bound method RequestResponseCycle.receive of <uvicorn.protocols.http.httptools_impl.RequestResponseCycle object at 0x7f6c443...
          │         └ {'type': 'http', 'asgi': {'version': '3.0', 'spec_version': '2.3'}, 'http_version': '1.1', 'server': ('127.0.0.1', 9099), 'cl...
          └ <starlette.middleware.gzip.GZipResponder object at 0x7f6c83b880>
  File "/opt/bbms/web_source/web_backend/web-backend/.venv-lnx/lib/python3.8/site-packages/starlette/middleware/gzip.py", line 39, in __call__
    await self.app(scope, receive, self.send_with_gzip)
          │    │   │      │        │    └ <function GZipResponder.send_with_gzip at 0x7f83bc11f0>
          │    │   │      │        └ <starlette.middleware.gzip.GZipResponder object at 0x7f6c83b880>
          │    │   │      └ <bound method RequestResponseCycle.receive of <uvicorn.protocols.http.httptools_impl.RequestResponseCycle object at 0x7f6c443...
          │    │   └ {'type': 'http', 'asgi': {'version': '3.0', 'spec_version': '2.3'}, 'http_version': '1.1', 'server': ('127.0.0.1', 9099), 'cl...
          │    └ <starlette.middleware.cors.CORSMiddleware object at 0x7f6fb7d910>
          └ <starlette.middleware.gzip.GZipResponder object at 0x7f6c83b880>
  File "/opt/bbms/web_source/web_backend/web-backend/.venv-lnx/lib/python3.8/site-packages/starlette/middleware/cors.py", line 85, in __call__
    await self.app(scope, receive, send)
          │    │   │      │        └ <bound method GZipResponder.send_with_gzip of <starlette.middleware.gzip.GZipResponder object at 0x7f6c83b880>>
          │    │   │      └ <bound method RequestResponseCycle.receive of <uvicorn.protocols.http.httptools_impl.RequestResponseCycle object at 0x7f6c443...
          │    │   └ {'type': 'http', 'asgi': {'version': '3.0', 'spec_version': '2.3'}, 'http_version': '1.1', 'server': ('127.0.0.1', 9099), 'cl...
          │    └ <starlette.middleware.exceptions.ExceptionMiddleware object at 0x7f6fb7d8b0>
          └ <starlette.middleware.cors.CORSMiddleware object at 0x7f6fb7d910>
  File "/opt/bbms/web_source/web_backend/web-backend/.venv-lnx/lib/python3.8/site-packages/starlette/middleware/exceptions.py", line 62, in __call__
    await wrap_app_handling_exceptions(self.app, conn)(scope, receive, send)
          │                            │    │    │     │      │        └ <bound method GZipResponder.send_with_gzip of <starlette.middleware.gzip.GZipResponder object at 0x7f6c83b880>>
          │                            │    │    │     │      └ <bound method RequestResponseCycle.receive of <uvicorn.protocols.http.httptools_impl.RequestResponseCycle object at 0x7f6c443...
          │                            │    │    │     └ {'type': 'http', 'asgi': {'version': '3.0', 'spec_version': '2.3'}, 'http_version': '1.1', 'server': ('127.0.0.1', 9099), 'cl...
          │                            │    │    └ <starlette.requests.Request object at 0x7f6fb28ac0>
          │                            │    └ <fastapi.routing.APIRouter object at 0x7f7033c460>
          │                            └ <starlette.middleware.exceptions.ExceptionMiddleware object at 0x7f6fb7d8b0>
          └ <function wrap_app_handling_exceptions at 0x7f8422bb80>
  File "/opt/bbms/web_source/web_backend/web-backend/.venv-lnx/lib/python3.8/site-packages/starlette/_exception_handler.py", line 62, in wrapped_app
    raise exc
  File "/opt/bbms/web_source/web_backend/web-backend/.venv-lnx/lib/python3.8/site-packages/starlette/_exception_handler.py", line 51, in wrapped_app
    await app(scope, receive, sender)
          │   │      │        └ <function wrap_app_handling_exceptions.<locals>.wrapped_app.<locals>.sender at 0x7f70ab1d30>
          │   │      └ <bound method RequestResponseCycle.receive of <uvicorn.protocols.http.httptools_impl.RequestResponseCycle object at 0x7f6c443...
          │   └ {'type': 'http', 'asgi': {'version': '3.0', 'spec_version': '2.3'}, 'http_version': '1.1', 'server': ('127.0.0.1', 9099), 'cl...
          └ <fastapi.routing.APIRouter object at 0x7f7033c460>
  File "/opt/bbms/web_source/web_backend/web-backend/.venv-lnx/lib/python3.8/site-packages/starlette/routing.py", line 715, in __call__
    await self.middleware_stack(scope, receive, send)
          │    │                │      │        └ <function wrap_app_handling_exceptions.<locals>.wrapped_app.<locals>.sender at 0x7f70ab1d30>
          │    │                │      └ <bound method RequestResponseCycle.receive of <uvicorn.protocols.http.httptools_impl.RequestResponseCycle object at 0x7f6c443...
          │    │                └ {'type': 'http', 'asgi': {'version': '3.0', 'spec_version': '2.3'}, 'http_version': '1.1', 'server': ('127.0.0.1', 9099), 'cl...
          │    └ <bound method Router.app of <fastapi.routing.APIRouter object at 0x7f7033c460>>
          └ <fastapi.routing.APIRouter object at 0x7f7033c460>
  File "/opt/bbms/web_source/web_backend/web-backend/.venv-lnx/lib/python3.8/site-packages/starlette/routing.py", line 735, in app
    await route.handle(scope, receive, send)
          │     │      │      │        └ <function wrap_app_handling_exceptions.<locals>.wrapped_app.<locals>.sender at 0x7f70ab1d30>
          │     │      │      └ <bound method RequestResponseCycle.receive of <uvicorn.protocols.http.httptools_impl.RequestResponseCycle object at 0x7f6c443...
          │     │      └ {'type': 'http', 'asgi': {'version': '3.0', 'spec_version': '2.3'}, 'http_version': '1.1', 'server': ('127.0.0.1', 9099), 'cl...
          │     └ <function Route.handle at 0x7f8429bf70>
          └ APIRoute(path='/device/pcs-soft-version', name='get_pcs_soft_version', methods=['GET'])
  File "/opt/bbms/web_source/web_backend/web-backend/.venv-lnx/lib/python3.8/site-packages/starlette/routing.py", line 288, in handle
    await self.app(scope, receive, send)
          │    │   │      │        └ <function wrap_app_handling_exceptions.<locals>.wrapped_app.<locals>.sender at 0x7f70ab1d30>
          │    │   │      └ <bound method RequestResponseCycle.receive of <uvicorn.protocols.http.httptools_impl.RequestResponseCycle object at 0x7f6c443...
          │    │   └ {'type': 'http', 'asgi': {'version': '3.0', 'spec_version': '2.3'}, 'http_version': '1.1', 'server': ('127.0.0.1', 9099), 'cl...
          │    └ <function request_response.<locals>.app at 0x7f70069160>
          └ APIRoute(path='/device/pcs-soft-version', name='get_pcs_soft_version', methods=['GET'])
  File "/opt/bbms/web_source/web_backend/web-backend/.venv-lnx/lib/python3.8/site-packages/starlette/routing.py", line 76, in app
    await wrap_app_handling_exceptions(app, request)(scope, receive, send)
          │                            │    │        │      │        └ <function wrap_app_handling_exceptions.<locals>.wrapped_app.<locals>.sender at 0x7f70ab1d30>
          │                            │    │        │      └ <bound method RequestResponseCycle.receive of <uvicorn.protocols.http.httptools_impl.RequestResponseCycle object at 0x7f6c443...
          │                            │    │        └ {'type': 'http', 'asgi': {'version': '3.0', 'spec_version': '2.3'}, 'http_version': '1.1', 'server': ('127.0.0.1', 9099), 'cl...
          │                            │    └ <starlette.requests.Request object at 0x7f6c787820>
          │                            └ <function request_response.<locals>.app.<locals>.app at 0x7f6c7f8670>
          └ <function wrap_app_handling_exceptions at 0x7f8422bb80>
  File "/opt/bbms/web_source/web_backend/web-backend/.venv-lnx/lib/python3.8/site-packages/starlette/_exception_handler.py", line 62, in wrapped_app
    raise exc
  File "/opt/bbms/web_source/web_backend/web-backend/.venv-lnx/lib/python3.8/site-packages/starlette/_exception_handler.py", line 51, in wrapped_app
    await app(scope, receive, sender)
          │   │      │        └ <function wrap_app_handling_exceptions.<locals>.wrapped_app.<locals>.sender at 0x7f6c6baf70>
          │   │      └ <bound method RequestResponseCycle.receive of <uvicorn.protocols.http.httptools_impl.RequestResponseCycle object at 0x7f6c443...
          │   └ {'type': 'http', 'asgi': {'version': '3.0', 'spec_version': '2.3'}, 'http_version': '1.1', 'server': ('127.0.0.1', 9099), 'cl...
          └ <function request_response.<locals>.app.<locals>.app at 0x7f6c7f8670>
  File "/opt/bbms/web_source/web_backend/web-backend/.venv-lnx/lib/python3.8/site-packages/starlette/routing.py", line 73, in app
    response = await f(request)
                     │ └ <starlette.requests.Request object at 0x7f6c787820>
                     └ <function get_request_handler.<locals>.app at 0x7f70069790>
  File "/opt/bbms/web_source/web_backend/web-backend/.venv-lnx/lib/python3.8/site-packages/fastapi/routing.py", line 301, in app
    raw_response = await run_endpoint_function(
                         └ <function run_endpoint_function at 0x7f842a8b80>
  File "/opt/bbms/web_source/web_backend/web-backend/.venv-lnx/lib/python3.8/site-packages/fastapi/routing.py", line 214, in run_endpoint_function
    return await run_in_threadpool(dependant.call, **values)
                 │                 │         │       └ {'query_db': <sqlalchemy.orm.session.Session object at 0x7f6c6e1820>, 'request': <starlette.requests.Request object at 0x7f6c...
                 │                 │         └ <function get_pcs_soft_version at 0x7f704cf670>
                 │                 └ Dependant(path_params=[], query_params=[], header_params=[], cookie_params=[], body_params=[], dependencies=[Dependant(path_p...
                 └ <function run_in_threadpool at 0x7f8393d5e0>
  File "/opt/bbms/web_source/web_backend/web-backend/.venv-lnx/lib/python3.8/site-packages/starlette/concurrency.py", line 39, in run_in_threadpool
    return await anyio.to_thread.run_sync(func, *args)
                 │     │         │        │      └ ()
                 │     │         │        └ functools.partial(<function get_pcs_soft_version at 0x7f704cf670>, query_db=<sqlalchemy.orm.session.Session object at 0x7f6c6...
                 │     │         └ <function run_sync at 0x7f84dd5700>
                 │     └ <module 'anyio.to_thread' from '/opt/bbms/web_source/web_backend/web-backend/.venv-lnx/lib/python3.8/site-packages/anyio/to_t...
                 └ <module 'anyio' from '/opt/bbms/web_source/web_backend/web-backend/.venv-lnx/lib/python3.8/site-packages/anyio/__init__.py'>
  File "/opt/bbms/web_source/web_backend/web-backend/.venv-lnx/lib/python3.8/site-packages/anyio/to_thread.py", line 56, in run_sync
    return await get_async_backend().run_sync_in_worker_thread(
                 └ <function get_async_backend at 0x7f84eae790>
  File "/opt/bbms/web_source/web_backend/web-backend/.venv-lnx/lib/python3.8/site-packages/anyio/_backends/_asyncio.py", line 2364, in run_sync_in_worker_thread
    return await future
                 └ <Future finished exception=OperationalError('(sqlite3.OperationalError) no such table: pcs_soft_version')>
  File "/opt/bbms/web_source/web_backend/web-backend/.venv-lnx/lib/python3.8/site-packages/anyio/_backends/_asyncio.py", line 864, in run
    result = context.run(func, *args)
             │       │   │      └ (None, None, None)
             │       │   └ <bound method _GeneratorContextManager.__exit__ of <contextlib._GeneratorContextManager object at 0x7f6c6d62e0>>
             │       └ <method 'run' of 'Context' objects>
             └ <Context object at 0x7f6c61f0c0>

  File "/opt/bbms/web_source/web_backend/web-backend/module_device/controller/device_controller.py", line 265, in get_pcs_soft_version
    devices = DeviceService.get_pcs_soft_version(query_db)
              │             │                    └ <sqlalchemy.orm.session.Session object at 0x7f6c6e1820>
              │             └ <classmethod object at 0x7f704c6dc0>
              └ <class 'module_device.service.device_service.DeviceService'>

  File "/opt/bbms/web_source/web_backend/web-backend/module_device/service/device_service.py", line 650, in get_pcs_soft_version
    pcs_devices = DeviceDao.get_all_pcs_soft_versions(db)
                  │         │                         └ <sqlalchemy.orm.session.Session object at 0x7f6c6e1820>
                  │         └ <classmethod object at 0x7f7053bdf0>
                  └ <class 'module_device.dao.device_dao.DeviceDao'>

  File "/opt/bbms/web_source/web_backend/web-backend/module_device/dao/device_dao.py", line 242, in get_all_pcs_soft_versions
    return db.query(PcsSoftVersion).all()
           │  │     └ <class 'module_device.entity.do.pcs_soft_version_do.PcsSoftVersion'>
           │  └ <function Session.query at 0x7f81b1d700>
           └ <sqlalchemy.orm.session.Session object at 0x7f6c6e1820>

  File "/opt/bbms/web_source/web_backend/web-backend/.venv-lnx/lib/python3.8/site-packages/sqlalchemy/orm/query.py", line 2673, in all
    return self._iter().all()  # type: ignore
           │    └ <function Query._iter at 0x7f81b94700>
           └ <sqlalchemy.orm.query.Query object at 0x7f6c7779a0>
  File "/opt/bbms/web_source/web_backend/web-backend/.venv-lnx/lib/python3.8/site-packages/sqlalchemy/orm/query.py", line 2827, in _iter
    result: Union[ScalarResult[_T], Result[_T]] = self.session.execute(
            │                  │    │      │      │    │       └ <function Session.execute at 0x7f81b1d040>
            │                  │    │      │      │    └ <sqlalchemy.orm.session.Session object at 0x7f6c6e1820>
            │                  │    │      │      └ <sqlalchemy.orm.query.Query object at 0x7f6c7779a0>
            │                  │    │      └ ~_T
            │                  │    └ <class 'sqlalchemy.engine.result.Result'>
            │                  └ ~_T
            └ typing.Union
  File "/opt/bbms/web_source/web_backend/web-backend/.venv-lnx/lib/python3.8/site-packages/sqlalchemy/orm/session.py", line 2351, in execute
    return self._execute_internal(
           │    └ <function Session._execute_internal at 0x7f81b18f70>
           └ <sqlalchemy.orm.session.Session object at 0x7f6c6e1820>
  File "/opt/bbms/web_source/web_backend/web-backend/.venv-lnx/lib/python3.8/site-packages/sqlalchemy/orm/session.py", line 2236, in _execute_internal
    result: Result[Any] = compile_state_cls.orm_execute_statement(
                   │      │                 └ <classmethod object at 0x7f81ca4bb0>
                   │      └ <class 'sqlalchemy.orm.context.ORMSelectCompileState'>
                   └ typing.Any
  File "/opt/bbms/web_source/web_backend/web-backend/.venv-lnx/lib/python3.8/site-packages/sqlalchemy/orm/context.py", line 293, in orm_execute_statement
    result = conn.execute(
             │    └ <function Connection.execute at 0x7f81e95160>
             └ <sqlalchemy.engine.base.Connection object at 0x7f6c744340>
  File "/opt/bbms/web_source/web_backend/web-backend/.venv-lnx/lib/python3.8/site-packages/sqlalchemy/engine/base.py", line 1418, in execute
    return meth(
           └ <bound method ClauseElement._execute_on_connection of <sqlalchemy.sql.selectable.Select object at 0x7f6c744460>>
  File "/opt/bbms/web_source/web_backend/web-backend/.venv-lnx/lib/python3.8/site-packages/sqlalchemy/sql/elements.py", line 515, in _execute_on_connection
    return connection._execute_clauseelement(
           │          └ <function Connection._execute_clauseelement at 0x7f81e95430>
           └ <sqlalchemy.engine.base.Connection object at 0x7f6c744340>
  File "/opt/bbms/web_source/web_backend/web-backend/.venv-lnx/lib/python3.8/site-packages/sqlalchemy/engine/base.py", line 1640, in _execute_clauseelement
    ret = self._execute_context(
          │    └ <function Connection._execute_context at 0x7f81e955e0>
          └ <sqlalchemy.engine.base.Connection object at 0x7f6c744340>
  File "/opt/bbms/web_source/web_backend/web-backend/.venv-lnx/lib/python3.8/site-packages/sqlalchemy/engine/base.py", line 1846, in _execute_context
    return self._exec_single_context(
           │    └ <function Connection._exec_single_context at 0x7f81e95670>
           └ <sqlalchemy.engine.base.Connection object at 0x7f6c744340>
  File "/opt/bbms/web_source/web_backend/web-backend/.venv-lnx/lib/python3.8/site-packages/sqlalchemy/engine/base.py", line 1986, in _exec_single_context
    self._handle_dbapi_exception(
    │    └ <function Connection._handle_dbapi_exception at 0x7f81e958b0>
    └ <sqlalchemy.engine.base.Connection object at 0x7f6c744340>
  File "/opt/bbms/web_source/web_backend/web-backend/.venv-lnx/lib/python3.8/site-packages/sqlalchemy/engine/base.py", line 2353, in _handle_dbapi_exception
    raise sqlalchemy_exception.with_traceback(exc_info[2]) from e
          │                    │              │                 └ OperationalError('no such table: pcs_soft_version')
          │                    │              └ (<class 'sqlite3.OperationalError'>, OperationalError('no such table: pcs_soft_version'), <traceback object at 0x7f6c420200>)
          │                    └ <method 'with_traceback' of 'BaseException' objects>
          └ OperationalError('(sqlite3.OperationalError) no such table: pcs_soft_version')
  File "/opt/bbms/web_source/web_backend/web-backend/.venv-lnx/lib/python3.8/site-packages/sqlalchemy/engine/base.py", line 1967, in _exec_single_context
    self.dialect.do_execute(
    │    │       └ <function DefaultDialect.do_execute at 0x7f81dd2550>
    │    └ <sqlalchemy.dialects.sqlite.pysqlite.SQLiteDialect_pysqlite object at 0x7f81a339d0>
    └ <sqlalchemy.engine.base.Connection object at 0x7f6c744340>
  File "/opt/bbms/web_source/web_backend/web-backend/.venv-lnx/lib/python3.8/site-packages/sqlalchemy/engine/default.py", line 924, in do_execute
    cursor.execute(statement, parameters)
    │      │       │          └ ()
    │      │       └ 'SELECT pcs_soft_version.id AS pcs_soft_version_id, pcs_soft_version.name AS pcs_soft_version_name, pcs_soft_version.cpld_ver...
    │      └ <method 'execute' of 'sqlite3.Cursor' objects>
    └ <sqlite3.Cursor object at 0x7f6c69fc00>

sqlalchemy.exc.OperationalError: (sqlite3.OperationalError) no such table: pcs_soft_version
[SQL: SELECT pcs_soft_version.id AS pcs_soft_version_id, pcs_soft_version.name AS pcs_soft_version_name, pcs_soft_version.cpld_version AS pcs_soft_version_cpld_version, pcs_soft_version.dsp_cpu1_version AS pcs_soft_version_dsp_cpu1_version, pcs_soft_version.dsp_cpu2_version AS pcs_soft_version_dsp_cpu2_version, pcs_soft_version.pcs_version AS pcs_soft_version_pcs_version 
FROM pcs_soft_version]
(Background on this error at: https://sqlalche.me/e/20/e3q8)
2026-06-05 11:23:34.100 | INFO     | server:lifespan:41 - SCU-FastAPI Starting...
2026-06-05 11:23:34.107 | INFO     | server:lifespan:51 - SCU-FastAPI Started successfully
2026-06-05 11:23:36.424 | INFO     | module_admin.controller.login_controller:get_login_user_info:71 - 获取成功
2026-06-05 11:23:36.537 | INFO     | module_admin.controller.login_controller:get_login_user_routers:83 - 获取成功
2026-06-05 11:23:37.087 | INFO     | module_admin.controller.server_controller:get_monitor_server_info:19 - 获取成功
2026-06-05 11:23:37.108 | ERROR    | exceptions.handle:exception_handler:70 - (sqlite3.OperationalError) no such table: pcs_soft_version
[SQL: SELECT pcs_soft_version.id AS pcs_soft_version_id, pcs_soft_version.name AS pcs_soft_version_name, pcs_soft_version.cpld_version AS pcs_soft_version_cpld_version, pcs_soft_version.dsp_cpu1_version AS pcs_soft_version_dsp_cpu1_version, pcs_soft_version.dsp_cpu2_version AS pcs_soft_version_dsp_cpu2_version, pcs_soft_version.pcs_version AS pcs_soft_version_pcs_version 
FROM pcs_soft_version]
(Background on this error at: https://sqlalche.me/e/20/e3q8)
Traceback (most recent call last):

  File "/opt/bbms/web_source/web_backend/web-backend/.venv-lnx/lib/python3.8/site-packages/sqlalchemy/engine/base.py", line 1967, in _exec_single_context
    self.dialect.do_execute(
    │    │       └ <function DefaultDialect.do_execute at 0x7f81dd2550>
    │    └ <sqlalchemy.dialects.sqlite.pysqlite.SQLiteDialect_pysqlite object at 0x7f81a339d0>
    └ <sqlalchemy.engine.base.Connection object at 0x7f6c744490>
  File "/opt/bbms/web_source/web_backend/web-backend/.venv-lnx/lib/python3.8/site-packages/sqlalchemy/engine/default.py", line 924, in do_execute
    cursor.execute(statement, parameters)
    │      │       │          └ ()
    │      │       └ 'SELECT pcs_soft_version.id AS pcs_soft_version_id, pcs_soft_version.name AS pcs_soft_version_name, pcs_soft_version.cpld_ver...
    │      └ <method 'execute' of 'sqlite3.Cursor' objects>
    └ <sqlite3.Cursor object at 0x7f6c7b1dc0>

sqlite3.OperationalError: no such table: pcs_soft_version


The above exception was the direct cause of the following exception:


Traceback (most recent call last):

  File "app.py", line 18, in <module>
    uvicorn.run(
    │       └ <function run at 0x7f84f49310>
    └ <module 'uvicorn' from '/opt/bbms/web_source/web_backend/web-backend/.venv-lnx/lib/python3.8/site-packages/uvicorn/__init__.py'>

  File "/opt/bbms/web_source/web_backend/web-backend/.venv-lnx/lib/python3.8/site-packages/uvicorn/main.py", line 579, in run
    server.run()
    │      └ <function Server.run at 0x7f84f1d4c0>
    └ <uvicorn.server.Server object at 0x7f6ff104f0>
  File "/opt/bbms/web_source/web_backend/web-backend/.venv-lnx/lib/python3.8/site-packages/uvicorn/server.py", line 65, in run
    return asyncio.run(self.serve(sockets=sockets))
           │       │   │    │             └ None
           │       │   │    └ <function Server.serve at 0x7f84f1d550>
           │       │   └ <uvicorn.server.Server object at 0x7f6ff104f0>
           │       └ <function run at 0x7f8593e790>
           └ <module 'asyncio' from '/usr/lib/python3.8/asyncio/__init__.py'>
  File "/usr/lib/python3.8/asyncio/runners.py", line 44, in run
    return loop.run_until_complete(main)
           │    │                  └ <coroutine object Server.serve at 0x7f6fcb73c0>
           │    └ <cyfunction Loop.run_until_complete at 0x7f6fcde580>
           └ <uvloop.Loop running=True closed=False debug=False>
  File "/opt/bbms/web_source/web_backend/web-backend/.venv-lnx/lib/python3.8/site-packages/uvicorn/protocols/http/httptools_impl.py", line 409, in run_asgi
    result = await app(  # type: ignore[func-returns-value]
                   └ <uvicorn.middleware.proxy_headers.ProxyHeadersMiddleware object at 0x7f6ff06730>
  File "/opt/bbms/web_source/web_backend/web-backend/.venv-lnx/lib/python3.8/site-packages/uvicorn/middleware/proxy_headers.py", line 60, in __call__
    return await self.app(scope, receive, send)
                 │    │   │      │        └ <bound method RequestResponseCycle.send of <uvicorn.protocols.http.httptools_impl.RequestResponseCycle object at 0x7f6c6d6100>>
                 │    │   │      └ <bound method RequestResponseCycle.receive of <uvicorn.protocols.http.httptools_impl.RequestResponseCycle object at 0x7f6c6d6...
                 │    │   └ {'type': 'http', 'asgi': {'version': '3.0', 'spec_version': '2.3'}, 'http_version': '1.1', 'server': ('127.0.0.1', 9099), 'cl...
                 │    └ <fastapi.applications.FastAPI object at 0x7f859cf910>
                 └ <uvicorn.middleware.proxy_headers.ProxyHeadersMiddleware object at 0x7f6ff06730>
  File "/opt/bbms/web_source/web_backend/web-backend/.venv-lnx/lib/python3.8/site-packages/fastapi/applications.py", line 1054, in __call__
    await super().__call__(scope, receive, send)
                           │      │        └ <bound method RequestResponseCycle.send of <uvicorn.protocols.http.httptools_impl.RequestResponseCycle object at 0x7f6c6d6100>>
                           │      └ <bound method RequestResponseCycle.receive of <uvicorn.protocols.http.httptools_impl.RequestResponseCycle object at 0x7f6c6d6...
                           └ {'type': 'http', 'asgi': {'version': '3.0', 'spec_version': '2.3'}, 'http_version': '1.1', 'server': ('127.0.0.1', 9099), 'cl...
  File "/opt/bbms/web_source/web_backend/web-backend/.venv-lnx/lib/python3.8/site-packages/starlette/applications.py", line 113, in __call__
    await self.middleware_stack(scope, receive, send)
          │    │                │      │        └ <bound method RequestResponseCycle.send of <uvicorn.protocols.http.httptools_impl.RequestResponseCycle object at 0x7f6c6d6100>>
          │    │                │      └ <bound method RequestResponseCycle.receive of <uvicorn.protocols.http.httptools_impl.RequestResponseCycle object at 0x7f6c6d6...
          │    │                └ {'type': 'http', 'asgi': {'version': '3.0', 'spec_version': '2.3'}, 'http_version': '1.1', 'server': ('127.0.0.1', 9099), 'cl...
          │    └ <starlette.middleware.errors.ServerErrorMiddleware object at 0x7f6fb7d9a0>
          └ <fastapi.applications.FastAPI object at 0x7f859cf910>
> File "/opt/bbms/web_source/web_backend/web-backend/.venv-lnx/lib/python3.8/site-packages/starlette/middleware/errors.py", line 165, in __call__
    await self.app(scope, receive, _send)
          │    │   │      │        └ <function ServerErrorMiddleware.__call__.<locals>._send at 0x7f6c33edc0>
          │    │   │      └ <bound method RequestResponseCycle.receive of <uvicorn.protocols.http.httptools_impl.RequestResponseCycle object at 0x7f6c6d6...
          │    │   └ {'type': 'http', 'asgi': {'version': '3.0', 'spec_version': '2.3'}, 'http_version': '1.1', 'server': ('127.0.0.1', 9099), 'cl...
          │    └ <starlette.middleware.gzip.GZipMiddleware object at 0x7f6fb7d940>
          └ <starlette.middleware.errors.ServerErrorMiddleware object at 0x7f6fb7d9a0>
  File "/opt/bbms/web_source/web_backend/web-backend/.venv-lnx/lib/python3.8/site-packages/starlette/middleware/gzip.py", line 20, in __call__
    await responder(scope, receive, send)
          │         │      │        └ <function ServerErrorMiddleware.__call__.<locals>._send at 0x7f6c33edc0>
          │         │      └ <bound method RequestResponseCycle.receive of <uvicorn.protocols.http.httptools_impl.RequestResponseCycle object at 0x7f6c6d6...
          │         └ {'type': 'http', 'asgi': {'version': '3.0', 'spec_version': '2.3'}, 'http_version': '1.1', 'server': ('127.0.0.1', 9099), 'cl...
          └ <starlette.middleware.gzip.GZipResponder object at 0x7f6c7c4d30>
  File "/opt/bbms/web_source/web_backend/web-backend/.venv-lnx/lib/python3.8/site-packages/starlette/middleware/gzip.py", line 39, in __call__
    await self.app(scope, receive, self.send_with_gzip)
          │    │   │      │        │    └ <function GZipResponder.send_with_gzip at 0x7f83bc11f0>
          │    │   │      │        └ <starlette.middleware.gzip.GZipResponder object at 0x7f6c7c4d30>
          │    │   │      └ <bound method RequestResponseCycle.receive of <uvicorn.protocols.http.httptools_impl.RequestResponseCycle object at 0x7f6c6d6...
          │    │   └ {'type': 'http', 'asgi': {'version': '3.0', 'spec_version': '2.3'}, 'http_version': '1.1', 'server': ('127.0.0.1', 9099), 'cl...
          │    └ <starlette.middleware.cors.CORSMiddleware object at 0x7f6fb7d910>
          └ <starlette.middleware.gzip.GZipResponder object at 0x7f6c7c4d30>
  File "/opt/bbms/web_source/web_backend/web-backend/.venv-lnx/lib/python3.8/site-packages/starlette/middleware/cors.py", line 85, in __call__
    await self.app(scope, receive, send)
          │    │   │      │        └ <bound method GZipResponder.send_with_gzip of <starlette.middleware.gzip.GZipResponder object at 0x7f6c7c4d30>>
          │    │   │      └ <bound method RequestResponseCycle.receive of <uvicorn.protocols.http.httptools_impl.RequestResponseCycle object at 0x7f6c6d6...
          │    │   └ {'type': 'http', 'asgi': {'version': '3.0', 'spec_version': '2.3'}, 'http_version': '1.1', 'server': ('127.0.0.1', 9099), 'cl...
          │    └ <starlette.middleware.exceptions.ExceptionMiddleware object at 0x7f6fb7d8b0>
          └ <starlette.middleware.cors.CORSMiddleware object at 0x7f6fb7d910>
  File "/opt/bbms/web_source/web_backend/web-backend/.venv-lnx/lib/python3.8/site-packages/starlette/middleware/exceptions.py", line 62, in __call__
    await wrap_app_handling_exceptions(self.app, conn)(scope, receive, send)
          │                            │    │    │     │      │        └ <bound method GZipResponder.send_with_gzip of <starlette.middleware.gzip.GZipResponder object at 0x7f6c7c4d30>>
          │                            │    │    │     │      └ <bound method RequestResponseCycle.receive of <uvicorn.protocols.http.httptools_impl.RequestResponseCycle object at 0x7f6c6d6...
          │                            │    │    │     └ {'type': 'http', 'asgi': {'version': '3.0', 'spec_version': '2.3'}, 'http_version': '1.1', 'server': ('127.0.0.1', 9099), 'cl...
          │                            │    │    └ <starlette.requests.Request object at 0x7f6c443550>
          │                            │    └ <fastapi.routing.APIRouter object at 0x7f7033c460>
          │                            └ <starlette.middleware.exceptions.ExceptionMiddleware object at 0x7f6fb7d8b0>
          └ <function wrap_app_handling_exceptions at 0x7f8422bb80>
  File "/opt/bbms/web_source/web_backend/web-backend/.venv-lnx/lib/python3.8/site-packages/starlette/_exception_handler.py", line 62, in wrapped_app
    raise exc
  File "/opt/bbms/web_source/web_backend/web-backend/.venv-lnx/lib/python3.8/site-packages/starlette/_exception_handler.py", line 51, in wrapped_app
    await app(scope, receive, sender)
          │   │      │        └ <function wrap_app_handling_exceptions.<locals>.wrapped_app.<locals>.sender at 0x7f6c33ef70>
          │   │      └ <bound method RequestResponseCycle.receive of <uvicorn.protocols.http.httptools_impl.RequestResponseCycle object at 0x7f6c6d6...
          │   └ {'type': 'http', 'asgi': {'version': '3.0', 'spec_version': '2.3'}, 'http_version': '1.1', 'server': ('127.0.0.1', 9099), 'cl...
          └ <fastapi.routing.APIRouter object at 0x7f7033c460>
  File "/opt/bbms/web_source/web_backend/web-backend/.venv-lnx/lib/python3.8/site-packages/starlette/routing.py", line 715, in __call__
    await self.middleware_stack(scope, receive, send)
          │    │                │      │        └ <function wrap_app_handling_exceptions.<locals>.wrapped_app.<locals>.sender at 0x7f6c33ef70>
          │    │                │      └ <bound method RequestResponseCycle.receive of <uvicorn.protocols.http.httptools_impl.RequestResponseCycle object at 0x7f6c6d6...
          │    │                └ {'type': 'http', 'asgi': {'version': '3.0', 'spec_version': '2.3'}, 'http_version': '1.1', 'server': ('127.0.0.1', 9099), 'cl...
          │    └ <bound method Router.app of <fastapi.routing.APIRouter object at 0x7f7033c460>>
          └ <fastapi.routing.APIRouter object at 0x7f7033c460>
  File "/opt/bbms/web_source/web_backend/web-backend/.venv-lnx/lib/python3.8/site-packages/starlette/routing.py", line 735, in app
    await route.handle(scope, receive, send)
          │     │      │      │        └ <function wrap_app_handling_exceptions.<locals>.wrapped_app.<locals>.sender at 0x7f6c33ef70>
          │     │      │      └ <bound method RequestResponseCycle.receive of <uvicorn.protocols.http.httptools_impl.RequestResponseCycle object at 0x7f6c6d6...
          │     │      └ {'type': 'http', 'asgi': {'version': '3.0', 'spec_version': '2.3'}, 'http_version': '1.1', 'server': ('127.0.0.1', 9099), 'cl...
          │     └ <function Route.handle at 0x7f8429bf70>
          └ APIRoute(path='/device/pcs-soft-version', name='get_pcs_soft_version', methods=['GET'])
  File "/opt/bbms/web_source/web_backend/web-backend/.venv-lnx/lib/python3.8/site-packages/starlette/routing.py", line 288, in handle
    await self.app(scope, receive, send)
          │    │   │      │        └ <function wrap_app_handling_exceptions.<locals>.wrapped_app.<locals>.sender at 0x7f6c33ef70>
          │    │   │      └ <bound method RequestResponseCycle.receive of <uvicorn.protocols.http.httptools_impl.RequestResponseCycle object at 0x7f6c6d6...
          │    │   └ {'type': 'http', 'asgi': {'version': '3.0', 'spec_version': '2.3'}, 'http_version': '1.1', 'server': ('127.0.0.1', 9099), 'cl...
          │    └ <function request_response.<locals>.app at 0x7f70069160>
          └ APIRoute(path='/device/pcs-soft-version', name='get_pcs_soft_version', methods=['GET'])
  File "/opt/bbms/web_source/web_backend/web-backend/.venv-lnx/lib/python3.8/site-packages/starlette/routing.py", line 76, in app
    await wrap_app_handling_exceptions(app, request)(scope, receive, send)
          │                            │    │        │      │        └ <function wrap_app_handling_exceptions.<locals>.wrapped_app.<locals>.sender at 0x7f6c33ef70>
          │                            │    │        │      └ <bound method RequestResponseCycle.receive of <uvicorn.protocols.http.httptools_impl.RequestResponseCycle object at 0x7f6c6d6...
          │                            │    │        └ {'type': 'http', 'asgi': {'version': '3.0', 'spec_version': '2.3'}, 'http_version': '1.1', 'server': ('127.0.0.1', 9099), 'cl...
          │                            │    └ <starlette.requests.Request object at 0x7f6c7cf040>
          │                            └ <function request_response.<locals>.app.<locals>.app at 0x7f6c33eca0>
          └ <function wrap_app_handling_exceptions at 0x7f8422bb80>
  File "/opt/bbms/web_source/web_backend/web-backend/.venv-lnx/lib/python3.8/site-packages/starlette/_exception_handler.py", line 62, in wrapped_app
    raise exc
  File "/opt/bbms/web_source/web_backend/web-backend/.venv-lnx/lib/python3.8/site-packages/starlette/_exception_handler.py", line 51, in wrapped_app
    await app(scope, receive, sender)
          │   │      │        └ <function wrap_app_handling_exceptions.<locals>.wrapped_app.<locals>.sender at 0x7f6c23b040>
          │   │      └ <bound method RequestResponseCycle.receive of <uvicorn.protocols.http.httptools_impl.RequestResponseCycle object at 0x7f6c6d6...
          │   └ {'type': 'http', 'asgi': {'version': '3.0', 'spec_version': '2.3'}, 'http_version': '1.1', 'server': ('127.0.0.1', 9099), 'cl...
          └ <function request_response.<locals>.app.<locals>.app at 0x7f6c33eca0>
  File "/opt/bbms/web_source/web_backend/web-backend/.venv-lnx/lib/python3.8/site-packages/starlette/routing.py", line 73, in app
    response = await f(request)
                     │ └ <starlette.requests.Request object at 0x7f6c7cf040>
                     └ <function get_request_handler.<locals>.app at 0x7f70069790>
  File "/opt/bbms/web_source/web_backend/web-backend/.venv-lnx/lib/python3.8/site-packages/fastapi/routing.py", line 301, in app
    raw_response = await run_endpoint_function(
                         └ <function run_endpoint_function at 0x7f842a8b80>
  File "/opt/bbms/web_source/web_backend/web-backend/.venv-lnx/lib/python3.8/site-packages/fastapi/routing.py", line 214, in run_endpoint_function
    return await run_in_threadpool(dependant.call, **values)
                 │                 │         │       └ {'query_db': <sqlalchemy.orm.session.Session object at 0x7f6c443340>, 'request': <starlette.requests.Request object at 0x7f6c...
                 │                 │         └ <function get_pcs_soft_version at 0x7f704cf670>
                 │                 └ Dependant(path_params=[], query_params=[], header_params=[], cookie_params=[], body_params=[], dependencies=[Dependant(path_p...
                 └ <function run_in_threadpool at 0x7f8393d5e0>
  File "/opt/bbms/web_source/web_backend/web-backend/.venv-lnx/lib/python3.8/site-packages/starlette/concurrency.py", line 39, in run_in_threadpool
    return await anyio.to_thread.run_sync(func, *args)
                 │     │         │        │      └ ()
                 │     │         │        └ functools.partial(<function get_pcs_soft_version at 0x7f704cf670>, query_db=<sqlalchemy.orm.session.Session object at 0x7f6c4...
                 │     │         └ <function run_sync at 0x7f84dd5700>
                 │     └ <module 'anyio.to_thread' from '/opt/bbms/web_source/web_backend/web-backend/.venv-lnx/lib/python3.8/site-packages/anyio/to_t...
                 └ <module 'anyio' from '/opt/bbms/web_source/web_backend/web-backend/.venv-lnx/lib/python3.8/site-packages/anyio/__init__.py'>
  File "/opt/bbms/web_source/web_backend/web-backend/.venv-lnx/lib/python3.8/site-packages/anyio/to_thread.py", line 56, in run_sync
    return await get_async_backend().run_sync_in_worker_thread(
                 └ <function get_async_backend at 0x7f84eae790>
  File "/opt/bbms/web_source/web_backend/web-backend/.venv-lnx/lib/python3.8/site-packages/anyio/_backends/_asyncio.py", line 2364, in run_sync_in_worker_thread
    return await future
                 └ <Future finished exception=OperationalError('(sqlite3.OperationalError) no such table: pcs_soft_version')>
  File "/opt/bbms/web_source/web_backend/web-backend/.venv-lnx/lib/python3.8/site-packages/anyio/_backends/_asyncio.py", line 864, in run
    result = context.run(func, *args)
             │       │   │      └ (<class 'sqlalchemy.exc.OperationalError'>, OperationalError('(sqlite3.OperationalError) no such table: pcs_soft_version'), N...
             │       │   └ <bound method _GeneratorContextManager.__exit__ of <contextlib._GeneratorContextManager object at 0x7f6c665220>>
             │       └ <method 'run' of 'Context' objects>
             └ <Context object at 0x7f6c68ae80>

  File "/opt/bbms/web_source/web_backend/web-backend/module_device/controller/device_controller.py", line 265, in get_pcs_soft_version
    devices = DeviceService.get_pcs_soft_version(query_db)
              │             │                    └ <sqlalchemy.orm.session.Session object at 0x7f6c443340>
              │             └ <classmethod object at 0x7f704c6dc0>
              └ <class 'module_device.service.device_service.DeviceService'>

  File "/opt/bbms/web_source/web_backend/web-backend/module_device/service/device_service.py", line 650, in get_pcs_soft_version
    pcs_devices = DeviceDao.get_all_pcs_soft_versions(db)
                  │         │                         └ <sqlalchemy.orm.session.Session object at 0x7f6c443340>
                  │         └ <classmethod object at 0x7f7053bdf0>
                  └ <class 'module_device.dao.device_dao.DeviceDao'>

  File "/opt/bbms/web_source/web_backend/web-backend/module_device/dao/device_dao.py", line 242, in get_all_pcs_soft_versions
    return db.query(PcsSoftVersion).all()
           │  │     └ <class 'module_device.entity.do.pcs_soft_version_do.PcsSoftVersion'>
           │  └ <function Session.query at 0x7f81b1d700>
           └ <sqlalchemy.orm.session.Session object at 0x7f6c443340>

  File "/opt/bbms/web_source/web_backend/web-backend/.venv-lnx/lib/python3.8/site-packages/sqlalchemy/orm/query.py", line 2673, in all
    return self._iter().all()  # type: ignore
           │    └ <function Query._iter at 0x7f81b94700>
           └ <sqlalchemy.orm.query.Query object at 0x7f6fb4b550>
  File "/opt/bbms/web_source/web_backend/web-backend/.venv-lnx/lib/python3.8/site-packages/sqlalchemy/orm/query.py", line 2827, in _iter
    result: Union[ScalarResult[_T], Result[_T]] = self.session.execute(
            │                  │    │      │      │    │       └ <function Session.execute at 0x7f81b1d040>
            │                  │    │      │      │    └ <sqlalchemy.orm.session.Session object at 0x7f6c443340>
            │                  │    │      │      └ <sqlalchemy.orm.query.Query object at 0x7f6fb4b550>
            │                  │    │      └ ~_T
            │                  │    └ <class 'sqlalchemy.engine.result.Result'>
            │                  └ ~_T
            └ typing.Union
  File "/opt/bbms/web_source/web_backend/web-backend/.venv-lnx/lib/python3.8/site-packages/sqlalchemy/orm/session.py", line 2351, in execute
    return self._execute_internal(
           │    └ <function Session._execute_internal at 0x7f81b18f70>
           └ <sqlalchemy.orm.session.Session object at 0x7f6c443340>
  File "/opt/bbms/web_source/web_backend/web-backend/.venv-lnx/lib/python3.8/site-packages/sqlalchemy/orm/session.py", line 2236, in _execute_internal
    result: Result[Any] = compile_state_cls.orm_execute_statement(
                   │      │                 └ <classmethod object at 0x7f81ca4bb0>
                   │      └ <class 'sqlalchemy.orm.context.ORMSelectCompileState'>
                   └ typing.Any
  File "/opt/bbms/web_source/web_backend/web-backend/.venv-lnx/lib/python3.8/site-packages/sqlalchemy/orm/context.py", line 293, in orm_execute_statement
    result = conn.execute(
             │    └ <function Connection.execute at 0x7f81e95160>
             └ <sqlalchemy.engine.base.Connection object at 0x7f6c744490>
  File "/opt/bbms/web_source/web_backend/web-backend/.venv-lnx/lib/python3.8/site-packages/sqlalchemy/engine/base.py", line 1418, in execute
    return meth(
           └ <bound method ClauseElement._execute_on_connection of <sqlalchemy.sql.selectable.Select object at 0x7f6c6be160>>
  File "/opt/bbms/web_source/web_backend/web-backend/.venv-lnx/lib/python3.8/site-packages/sqlalchemy/sql/elements.py", line 515, in _execute_on_connection
    return connection._execute_clauseelement(
           │          └ <function Connection._execute_clauseelement at 0x7f81e95430>
           └ <sqlalchemy.engine.base.Connection object at 0x7f6c744490>
  File "/opt/bbms/web_source/web_backend/web-backend/.venv-lnx/lib/python3.8/site-packages/sqlalchemy/engine/base.py", line 1640, in _execute_clauseelement
    ret = self._execute_context(
          │    └ <function Connection._execute_context at 0x7f81e955e0>
          └ <sqlalchemy.engine.base.Connection object at 0x7f6c744490>
  File "/opt/bbms/web_source/web_backend/web-backend/.venv-lnx/lib/python3.8/site-packages/sqlalchemy/engine/base.py", line 1846, in _execute_context
    return self._exec_single_context(
           │    └ <function Connection._exec_single_context at 0x7f81e95670>
           └ <sqlalchemy.engine.base.Connection object at 0x7f6c744490>
  File "/opt/bbms/web_source/web_backend/web-backend/.venv-lnx/lib/python3.8/site-packages/sqlalchemy/engine/base.py", line 1986, in _exec_single_context
    self._handle_dbapi_exception(
    │    └ <function Connection._handle_dbapi_exception at 0x7f81e958b0>
    └ <sqlalchemy.engine.base.Connection object at 0x7f6c744490>
  File "/opt/bbms/web_source/web_backend/web-backend/.venv-lnx/lib/python3.8/site-packages/sqlalchemy/engine/base.py", line 2353, in _handle_dbapi_exception
    raise sqlalchemy_exception.with_traceback(exc_info[2]) from e
          │                    │              │                 └ OperationalError('no such table: pcs_soft_version')
          │                    │              └ (<class 'sqlite3.OperationalError'>, OperationalError('no such table: pcs_soft_version'), <traceback object at 0x7f6c649580>)
          │                    └ <method 'with_traceback' of 'BaseException' objects>
          └ OperationalError('(sqlite3.OperationalError) no such table: pcs_soft_version')
  File "/opt/bbms/web_source/web_backend/web-backend/.venv-lnx/lib/python3.8/site-packages/sqlalchemy/engine/base.py", line 1967, in _exec_single_context
    self.dialect.do_execute(
    │    │       └ <function DefaultDialect.do_execute at 0x7f81dd2550>
    │    └ <sqlalchemy.dialects.sqlite.pysqlite.SQLiteDialect_pysqlite object at 0x7f81a339d0>
    └ <sqlalchemy.engine.base.Connection object at 0x7f6c744490>
  File "/opt/bbms/web_source/web_backend/web-backend/.venv-lnx/lib/python3.8/site-packages/sqlalchemy/engine/default.py", line 924, in do_execute
    cursor.execute(statement, parameters)
    │      │       │          └ ()
    │      │       └ 'SELECT pcs_soft_version.id AS pcs_soft_version_id, pcs_soft_version.name AS pcs_soft_version_name, pcs_soft_version.cpld_ver...
    │      └ <method 'execute' of 'sqlite3.Cursor' objects>
    └ <sqlite3.Cursor object at 0x7f6c7b1dc0>

sqlalchemy.exc.OperationalError: (sqlite3.OperationalError) no such table: pcs_soft_version
[SQL: SELECT pcs_soft_version.id AS pcs_soft_version_id, pcs_soft_version.name AS pcs_soft_version_name, pcs_soft_version.cpld_version AS pcs_soft_version_cpld_version, pcs_soft_version.dsp_cpu1_version AS pcs_soft_version_dsp_cpu1_version, pcs_soft_version.dsp_cpu2_version AS pcs_soft_version_dsp_cpu2_version, pcs_soft_version.pcs_version AS pcs_soft_version_pcs_version 
FROM pcs_soft_version]
(Background on this error at: https://sqlalche.me/e/20/e3q8)
2026-06-05 11:24:00.217 | INFO     | server:lifespan:41 - SCU-FastAPI Starting...
2026-06-05 11:24:00.224 | INFO     | server:lifespan:51 - SCU-FastAPI Started successfully
2026-06-05 11:24:27.006 | INFO     | server:lifespan:41 - SCU-FastAPI Starting...
2026-06-05 11:24:27.016 | INFO     | server:lifespan:51 - SCU-FastAPI Started successfully
2026-06-05 11:24:34.985 | INFO     | module_admin.controller.server_controller:get_monitor_server_info:19 - 获取成功
2026-06-05 11:24:34.998 | ERROR    | exceptions.handle:exception_handler:70 - (sqlite3.OperationalError) no such table: pcs_soft_version
[SQL: SELECT pcs_soft_version.id AS pcs_soft_version_id, pcs_soft_version.name AS pcs_soft_version_name, pcs_soft_version.cpld_version AS pcs_soft_version_cpld_version, pcs_soft_version.dsp_cpu1_version AS pcs_soft_version_dsp_cpu1_version, pcs_soft_version.dsp_cpu2_version AS pcs_soft_version_dsp_cpu2_version, pcs_soft_version.pcs_version AS pcs_soft_version_pcs_version 
FROM pcs_soft_version]
(Background on this error at: https://sqlalche.me/e/20/e3q8)
Traceback (most recent call last):

  File "/opt/bbms/web_source/web_backend/web-backend/.venv-lnx/lib/python3.8/site-packages/sqlalchemy/engine/base.py", line 1967, in _exec_single_context
    self.dialect.do_execute(
    │    │       └ <function DefaultDialect.do_execute at 0x7f81dd2550>
    │    └ <sqlalchemy.dialects.sqlite.pysqlite.SQLiteDialect_pysqlite object at 0x7f81a339d0>
    └ <sqlalchemy.engine.base.Connection object at 0x7f6c2da0d0>
  File "/opt/bbms/web_source/web_backend/web-backend/.venv-lnx/lib/python3.8/site-packages/sqlalchemy/engine/default.py", line 924, in do_execute
    cursor.execute(statement, parameters)
    │      │       │          └ ()
    │      │       └ 'SELECT pcs_soft_version.id AS pcs_soft_version_id, pcs_soft_version.name AS pcs_soft_version_name, pcs_soft_version.cpld_ver...
    │      └ <method 'execute' of 'sqlite3.Cursor' objects>
    └ <sqlite3.Cursor object at 0x7f6c7409d0>

sqlite3.OperationalError: no such table: pcs_soft_version


The above exception was the direct cause of the following exception:


Traceback (most recent call last):

  File "app.py", line 18, in <module>
    uvicorn.run(
    │       └ <function run at 0x7f84f49310>
    └ <module 'uvicorn' from '/opt/bbms/web_source/web_backend/web-backend/.venv-lnx/lib/python3.8/site-packages/uvicorn/__init__.py'>

  File "/opt/bbms/web_source/web_backend/web-backend/.venv-lnx/lib/python3.8/site-packages/uvicorn/main.py", line 579, in run
    server.run()
    │      └ <function Server.run at 0x7f84f1d4c0>
    └ <uvicorn.server.Server object at 0x7f6ff104f0>
  File "/opt/bbms/web_source/web_backend/web-backend/.venv-lnx/lib/python3.8/site-packages/uvicorn/server.py", line 65, in run
    return asyncio.run(self.serve(sockets=sockets))
           │       │   │    │             └ None
           │       │   │    └ <function Server.serve at 0x7f84f1d550>
           │       │   └ <uvicorn.server.Server object at 0x7f6ff104f0>
           │       └ <function run at 0x7f8593e790>
           └ <module 'asyncio' from '/usr/lib/python3.8/asyncio/__init__.py'>
  File "/usr/lib/python3.8/asyncio/runners.py", line 44, in run
    return loop.run_until_complete(main)
           │    │                  └ <coroutine object Server.serve at 0x7f6fcb73c0>
           │    └ <cyfunction Loop.run_until_complete at 0x7f6fcde580>
           └ <uvloop.Loop running=True closed=False debug=False>
  File "/opt/bbms/web_source/web_backend/web-backend/.venv-lnx/lib/python3.8/site-packages/uvicorn/protocols/http/httptools_impl.py", line 409, in run_asgi
    result = await app(  # type: ignore[func-returns-value]
                   └ <uvicorn.middleware.proxy_headers.ProxyHeadersMiddleware object at 0x7f6ff06730>
  File "/opt/bbms/web_source/web_backend/web-backend/.venv-lnx/lib/python3.8/site-packages/uvicorn/middleware/proxy_headers.py", line 60, in __call__
    return await self.app(scope, receive, send)
                 │    │   │      │        └ <bound method RequestResponseCycle.send of <uvicorn.protocols.http.httptools_impl.RequestResponseCycle object at 0x7f6c716160>>
                 │    │   │      └ <bound method RequestResponseCycle.receive of <uvicorn.protocols.http.httptools_impl.RequestResponseCycle object at 0x7f6c716...
                 │    │   └ {'type': 'http', 'asgi': {'version': '3.0', 'spec_version': '2.3'}, 'http_version': '1.1', 'server': ('127.0.0.1', 9099), 'cl...
                 │    └ <fastapi.applications.FastAPI object at 0x7f859cf910>
                 └ <uvicorn.middleware.proxy_headers.ProxyHeadersMiddleware object at 0x7f6ff06730>
  File "/opt/bbms/web_source/web_backend/web-backend/.venv-lnx/lib/python3.8/site-packages/fastapi/applications.py", line 1054, in __call__
    await super().__call__(scope, receive, send)
                           │      │        └ <bound method RequestResponseCycle.send of <uvicorn.protocols.http.httptools_impl.RequestResponseCycle object at 0x7f6c716160>>
                           │      └ <bound method RequestResponseCycle.receive of <uvicorn.protocols.http.httptools_impl.RequestResponseCycle object at 0x7f6c716...
                           └ {'type': 'http', 'asgi': {'version': '3.0', 'spec_version': '2.3'}, 'http_version': '1.1', 'server': ('127.0.0.1', 9099), 'cl...
  File "/opt/bbms/web_source/web_backend/web-backend/.venv-lnx/lib/python3.8/site-packages/starlette/applications.py", line 113, in __call__
    await self.middleware_stack(scope, receive, send)
          │    │                │      │        └ <bound method RequestResponseCycle.send of <uvicorn.protocols.http.httptools_impl.RequestResponseCycle object at 0x7f6c716160>>
          │    │                │      └ <bound method RequestResponseCycle.receive of <uvicorn.protocols.http.httptools_impl.RequestResponseCycle object at 0x7f6c716...
          │    │                └ {'type': 'http', 'asgi': {'version': '3.0', 'spec_version': '2.3'}, 'http_version': '1.1', 'server': ('127.0.0.1', 9099), 'cl...
          │    └ <starlette.middleware.errors.ServerErrorMiddleware object at 0x7f6fb7d9a0>
          └ <fastapi.applications.FastAPI object at 0x7f859cf910>
> File "/opt/bbms/web_source/web_backend/web-backend/.venv-lnx/lib/python3.8/site-packages/starlette/middleware/errors.py", line 165, in __call__
    await self.app(scope, receive, _send)
          │    │   │      │        └ <function ServerErrorMiddleware.__call__.<locals>._send at 0x7f6c6c24c0>
          │    │   │      └ <bound method RequestResponseCycle.receive of <uvicorn.protocols.http.httptools_impl.RequestResponseCycle object at 0x7f6c716...
          │    │   └ {'type': 'http', 'asgi': {'version': '3.0', 'spec_version': '2.3'}, 'http_version': '1.1', 'server': ('127.0.0.1', 9099), 'cl...
          │    └ <starlette.middleware.gzip.GZipMiddleware object at 0x7f6fb7d940>
          └ <starlette.middleware.errors.ServerErrorMiddleware object at 0x7f6fb7d9a0>
  File "/opt/bbms/web_source/web_backend/web-backend/.venv-lnx/lib/python3.8/site-packages/starlette/middleware/gzip.py", line 20, in __call__
    await responder(scope, receive, send)
          │         │      │        └ <function ServerErrorMiddleware.__call__.<locals>._send at 0x7f6c6c24c0>
          │         │      └ <bound method RequestResponseCycle.receive of <uvicorn.protocols.http.httptools_impl.RequestResponseCycle object at 0x7f6c716...
          │         └ {'type': 'http', 'asgi': {'version': '3.0', 'spec_version': '2.3'}, 'http_version': '1.1', 'server': ('127.0.0.1', 9099), 'cl...
          └ <starlette.middleware.gzip.GZipResponder object at 0x7f6c716e50>
  File "/opt/bbms/web_source/web_backend/web-backend/.venv-lnx/lib/python3.8/site-packages/starlette/middleware/gzip.py", line 39, in __call__
    await self.app(scope, receive, self.send_with_gzip)
          │    │   │      │        │    └ <function GZipResponder.send_with_gzip at 0x7f83bc11f0>
          │    │   │      │        └ <starlette.middleware.gzip.GZipResponder object at 0x7f6c716e50>
          │    │   │      └ <bound method RequestResponseCycle.receive of <uvicorn.protocols.http.httptools_impl.RequestResponseCycle object at 0x7f6c716...
          │    │   └ {'type': 'http', 'asgi': {'version': '3.0', 'spec_version': '2.3'}, 'http_version': '1.1', 'server': ('127.0.0.1', 9099), 'cl...
          │    └ <starlette.middleware.cors.CORSMiddleware object at 0x7f6fb7d910>
          └ <starlette.middleware.gzip.GZipResponder object at 0x7f6c716e50>
  File "/opt/bbms/web_source/web_backend/web-backend/.venv-lnx/lib/python3.8/site-packages/starlette/middleware/cors.py", line 85, in __call__
    await self.app(scope, receive, send)
          │    │   │      │        └ <bound method GZipResponder.send_with_gzip of <starlette.middleware.gzip.GZipResponder object at 0x7f6c716e50>>
          │    │   │      └ <bound method RequestResponseCycle.receive of <uvicorn.protocols.http.httptools_impl.RequestResponseCycle object at 0x7f6c716...
          │    │   └ {'type': 'http', 'asgi': {'version': '3.0', 'spec_version': '2.3'}, 'http_version': '1.1', 'server': ('127.0.0.1', 9099), 'cl...
          │    └ <starlette.middleware.exceptions.ExceptionMiddleware object at 0x7f6fb7d8b0>
          └ <starlette.middleware.cors.CORSMiddleware object at 0x7f6fb7d910>
  File "/opt/bbms/web_source/web_backend/web-backend/.venv-lnx/lib/python3.8/site-packages/starlette/middleware/exceptions.py", line 62, in __call__
    await wrap_app_handling_exceptions(self.app, conn)(scope, receive, send)
          │                            │    │    │     │      │        └ <bound method GZipResponder.send_with_gzip of <starlette.middleware.gzip.GZipResponder object at 0x7f6c716e50>>
          │                            │    │    │     │      └ <bound method RequestResponseCycle.receive of <uvicorn.protocols.http.httptools_impl.RequestResponseCycle object at 0x7f6c716...
          │                            │    │    │     └ {'type': 'http', 'asgi': {'version': '3.0', 'spec_version': '2.3'}, 'http_version': '1.1', 'server': ('127.0.0.1', 9099), 'cl...
          │                            │    │    └ <starlette.requests.Request object at 0x7f6c716fa0>
          │                            │    └ <fastapi.routing.APIRouter object at 0x7f7033c460>
          │                            └ <starlette.middleware.exceptions.ExceptionMiddleware object at 0x7f6fb7d8b0>
          └ <function wrap_app_handling_exceptions at 0x7f8422bb80>
  File "/opt/bbms/web_source/web_backend/web-backend/.venv-lnx/lib/python3.8/site-packages/starlette/_exception_handler.py", line 62, in wrapped_app
    raise exc
  File "/opt/bbms/web_source/web_backend/web-backend/.venv-lnx/lib/python3.8/site-packages/starlette/_exception_handler.py", line 51, in wrapped_app
    await app(scope, receive, sender)
          │   │      │        └ <function wrap_app_handling_exceptions.<locals>.wrapped_app.<locals>.sender at 0x7f6c6c29d0>
          │   │      └ <bound method RequestResponseCycle.receive of <uvicorn.protocols.http.httptools_impl.RequestResponseCycle object at 0x7f6c716...
          │   └ {'type': 'http', 'asgi': {'version': '3.0', 'spec_version': '2.3'}, 'http_version': '1.1', 'server': ('127.0.0.1', 9099), 'cl...
          └ <fastapi.routing.APIRouter object at 0x7f7033c460>
  File "/opt/bbms/web_source/web_backend/web-backend/.venv-lnx/lib/python3.8/site-packages/starlette/routing.py", line 715, in __call__
    await self.middleware_stack(scope, receive, send)
          │    │                │      │        └ <function wrap_app_handling_exceptions.<locals>.wrapped_app.<locals>.sender at 0x7f6c6c29d0>
          │    │                │      └ <bound method RequestResponseCycle.receive of <uvicorn.protocols.http.httptools_impl.RequestResponseCycle object at 0x7f6c716...
          │    │                └ {'type': 'http', 'asgi': {'version': '3.0', 'spec_version': '2.3'}, 'http_version': '1.1', 'server': ('127.0.0.1', 9099), 'cl...
          │    └ <bound method Router.app of <fastapi.routing.APIRouter object at 0x7f7033c460>>
          └ <fastapi.routing.APIRouter object at 0x7f7033c460>
  File "/opt/bbms/web_source/web_backend/web-backend/.venv-lnx/lib/python3.8/site-packages/starlette/routing.py", line 735, in app
    await route.handle(scope, receive, send)
          │     │      │      │        └ <function wrap_app_handling_exceptions.<locals>.wrapped_app.<locals>.sender at 0x7f6c6c29d0>
          │     │      │      └ <bound method RequestResponseCycle.receive of <uvicorn.protocols.http.httptools_impl.RequestResponseCycle object at 0x7f6c716...
          │     │      └ {'type': 'http', 'asgi': {'version': '3.0', 'spec_version': '2.3'}, 'http_version': '1.1', 'server': ('127.0.0.1', 9099), 'cl...
          │     └ <function Route.handle at 0x7f8429bf70>
          └ APIRoute(path='/device/pcs-soft-version', name='get_pcs_soft_version', methods=['GET'])
  File "/opt/bbms/web_source/web_backend/web-backend/.venv-lnx/lib/python3.8/site-packages/starlette/routing.py", line 288, in handle
    await self.app(scope, receive, send)
          │    │   │      │        └ <function wrap_app_handling_exceptions.<locals>.wrapped_app.<locals>.sender at 0x7f6c6c29d0>
          │    │   │      └ <bound method RequestResponseCycle.receive of <uvicorn.protocols.http.httptools_impl.RequestResponseCycle object at 0x7f6c716...
          │    │   └ {'type': 'http', 'asgi': {'version': '3.0', 'spec_version': '2.3'}, 'http_version': '1.1', 'server': ('127.0.0.1', 9099), 'cl...
          │    └ <function request_response.<locals>.app at 0x7f70069160>
          └ APIRoute(path='/device/pcs-soft-version', name='get_pcs_soft_version', methods=['GET'])
  File "/opt/bbms/web_source/web_backend/web-backend/.venv-lnx/lib/python3.8/site-packages/starlette/routing.py", line 76, in app
    await wrap_app_handling_exceptions(app, request)(scope, receive, send)
          │                            │    │        │      │        └ <function wrap_app_handling_exceptions.<locals>.wrapped_app.<locals>.sender at 0x7f6c6c29d0>
          │                            │    │        │      └ <bound method RequestResponseCycle.receive of <uvicorn.protocols.http.httptools_impl.RequestResponseCycle object at 0x7f6c716...
          │                            │    │        └ {'type': 'http', 'asgi': {'version': '3.0', 'spec_version': '2.3'}, 'http_version': '1.1', 'server': ('127.0.0.1', 9099), 'cl...
          │                            │    └ <starlette.requests.Request object at 0x7f6c716430>
          │                            └ <function request_response.<locals>.app.<locals>.app at 0x7f6c6c2f70>
          └ <function wrap_app_handling_exceptions at 0x7f8422bb80>
  File "/opt/bbms/web_source/web_backend/web-backend/.venv-lnx/lib/python3.8/site-packages/starlette/_exception_handler.py", line 62, in wrapped_app
    raise exc
  File "/opt/bbms/web_source/web_backend/web-backend/.venv-lnx/lib/python3.8/site-packages/starlette/_exception_handler.py", line 51, in wrapped_app
    await app(scope, receive, sender)
          │   │      │        └ <function wrap_app_handling_exceptions.<locals>.wrapped_app.<locals>.sender at 0x7f6c6c2700>
          │   │      └ <bound method RequestResponseCycle.receive of <uvicorn.protocols.http.httptools_impl.RequestResponseCycle object at 0x7f6c716...
          │   └ {'type': 'http', 'asgi': {'version': '3.0', 'spec_version': '2.3'}, 'http_version': '1.1', 'server': ('127.0.0.1', 9099), 'cl...
          └ <function request_response.<locals>.app.<locals>.app at 0x7f6c6c2f70>
  File "/opt/bbms/web_source/web_backend/web-backend/.venv-lnx/lib/python3.8/site-packages/starlette/routing.py", line 73, in app
    response = await f(request)
                     │ └ <starlette.requests.Request object at 0x7f6c716430>
                     └ <function get_request_handler.<locals>.app at 0x7f70069790>
  File "/opt/bbms/web_source/web_backend/web-backend/.venv-lnx/lib/python3.8/site-packages/fastapi/routing.py", line 301, in app
    raw_response = await run_endpoint_function(
                         └ <function run_endpoint_function at 0x7f842a8b80>
  File "/opt/bbms/web_source/web_backend/web-backend/.venv-lnx/lib/python3.8/site-packages/fastapi/routing.py", line 214, in run_endpoint_function
    return await run_in_threadpool(dependant.call, **values)
                 │                 │         │       └ {'query_db': <sqlalchemy.orm.session.Session object at 0x7f6c46eac0>, 'request': <starlette.requests.Request object at 0x7f6c...
                 │                 │         └ <function get_pcs_soft_version at 0x7f704cf670>
                 │                 └ Dependant(path_params=[], query_params=[], header_params=[], cookie_params=[], body_params=[], dependencies=[Dependant(path_p...
                 └ <function run_in_threadpool at 0x7f8393d5e0>
  File "/opt/bbms/web_source/web_backend/web-backend/.venv-lnx/lib/python3.8/site-packages/starlette/concurrency.py", line 39, in run_in_threadpool
    return await anyio.to_thread.run_sync(func, *args)
                 │     │         │        │      └ ()
                 │     │         │        └ functools.partial(<function get_pcs_soft_version at 0x7f704cf670>, query_db=<sqlalchemy.orm.session.Session object at 0x7f6c4...
                 │     │         └ <function run_sync at 0x7f84dd5700>
                 │     └ <module 'anyio.to_thread' from '/opt/bbms/web_source/web_backend/web-backend/.venv-lnx/lib/python3.8/site-packages/anyio/to_t...
                 └ <module 'anyio' from '/opt/bbms/web_source/web_backend/web-backend/.venv-lnx/lib/python3.8/site-packages/anyio/__init__.py'>
  File "/opt/bbms/web_source/web_backend/web-backend/.venv-lnx/lib/python3.8/site-packages/anyio/to_thread.py", line 56, in run_sync
    return await get_async_backend().run_sync_in_worker_thread(
                 └ <function get_async_backend at 0x7f84eae790>
  File "/opt/bbms/web_source/web_backend/web-backend/.venv-lnx/lib/python3.8/site-packages/anyio/_backends/_asyncio.py", line 2364, in run_sync_in_worker_thread
    return await future
                 └ <Future finished exception=OperationalError('(sqlite3.OperationalError) no such table: pcs_soft_version')>
  File "/opt/bbms/web_source/web_backend/web-backend/.venv-lnx/lib/python3.8/site-packages/anyio/_backends/_asyncio.py", line 864, in run
    result = context.run(func, *args)
             │       │   │      └ (None, None, None)
             │       │   └ <bound method _GeneratorContextManager.__exit__ of <contextlib._GeneratorContextManager object at 0x7f6c6388e0>>
             │       └ <method 'run' of 'Context' objects>
             └ <Context object at 0x7f6c61f0c0>

  File "/opt/bbms/web_source/web_backend/web-backend/module_device/controller/device_controller.py", line 265, in get_pcs_soft_version
    devices = DeviceService.get_pcs_soft_version(query_db)
              │             │                    └ <sqlalchemy.orm.session.Session object at 0x7f6c46eac0>
              │             └ <classmethod object at 0x7f704c6dc0>
              └ <class 'module_device.service.device_service.DeviceService'>

  File "/opt/bbms/web_source/web_backend/web-backend/module_device/service/device_service.py", line 650, in get_pcs_soft_version
    pcs_devices = DeviceDao.get_all_pcs_soft_versions(db)
                  │         │                         └ <sqlalchemy.orm.session.Session object at 0x7f6c46eac0>
                  │         └ <classmethod object at 0x7f7053bdf0>
                  └ <class 'module_device.dao.device_dao.DeviceDao'>

  File "/opt/bbms/web_source/web_backend/web-backend/module_device/dao/device_dao.py", line 242, in get_all_pcs_soft_versions
    return db.query(PcsSoftVersion).all()
           │  │     └ <class 'module_device.entity.do.pcs_soft_version_do.PcsSoftVersion'>
           │  └ <function Session.query at 0x7f81b1d700>
           └ <sqlalchemy.orm.session.Session object at 0x7f6c46eac0>

  File "/opt/bbms/web_source/web_backend/web-backend/.venv-lnx/lib/python3.8/site-packages/sqlalchemy/orm/query.py", line 2673, in all
    return self._iter().all()  # type: ignore
           │    └ <function Query._iter at 0x7f81b94700>
           └ <sqlalchemy.orm.query.Query object at 0x7f6c7165e0>
  File "/opt/bbms/web_source/web_backend/web-backend/.venv-lnx/lib/python3.8/site-packages/sqlalchemy/orm/query.py", line 2827, in _iter
    result: Union[ScalarResult[_T], Result[_T]] = self.session.execute(
            │                  │    │      │      │    │       └ <function Session.execute at 0x7f81b1d040>
            │                  │    │      │      │    └ <sqlalchemy.orm.session.Session object at 0x7f6c46eac0>
            │                  │    │      │      └ <sqlalchemy.orm.query.Query object at 0x7f6c7165e0>
            │                  │    │      └ ~_T
            │                  │    └ <class 'sqlalchemy.engine.result.Result'>
            │                  └ ~_T
            └ typing.Union
  File "/opt/bbms/web_source/web_backend/web-backend/.venv-lnx/lib/python3.8/site-packages/sqlalchemy/orm/session.py", line 2351, in execute
    return self._execute_internal(
           │    └ <function Session._execute_internal at 0x7f81b18f70>
           └ <sqlalchemy.orm.session.Session object at 0x7f6c46eac0>
  File "/opt/bbms/web_source/web_backend/web-backend/.venv-lnx/lib/python3.8/site-packages/sqlalchemy/orm/session.py", line 2236, in _execute_internal
    result: Result[Any] = compile_state_cls.orm_execute_statement(
                   │      │                 └ <classmethod object at 0x7f81ca4bb0>
                   │      └ <class 'sqlalchemy.orm.context.ORMSelectCompileState'>
                   └ typing.Any
  File "/opt/bbms/web_source/web_backend/web-backend/.venv-lnx/lib/python3.8/site-packages/sqlalchemy/orm/context.py", line 293, in orm_execute_statement
    result = conn.execute(
             │    └ <function Connection.execute at 0x7f81e95160>
             └ <sqlalchemy.engine.base.Connection object at 0x7f6c2da0d0>
  File "/opt/bbms/web_source/web_backend/web-backend/.venv-lnx/lib/python3.8/site-packages/sqlalchemy/engine/base.py", line 1418, in execute
    return meth(
           └ <bound method ClauseElement._execute_on_connection of <sqlalchemy.sql.selectable.Select object at 0x7f6c2da670>>
  File "/opt/bbms/web_source/web_backend/web-backend/.venv-lnx/lib/python3.8/site-packages/sqlalchemy/sql/elements.py", line 515, in _execute_on_connection
    return connection._execute_clauseelement(
           │          └ <function Connection._execute_clauseelement at 0x7f81e95430>
           └ <sqlalchemy.engine.base.Connection object at 0x7f6c2da0d0>
  File "/opt/bbms/web_source/web_backend/web-backend/.venv-lnx/lib/python3.8/site-packages/sqlalchemy/engine/base.py", line 1640, in _execute_clauseelement
    ret = self._execute_context(
          │    └ <function Connection._execute_context at 0x7f81e955e0>
          └ <sqlalchemy.engine.base.Connection object at 0x7f6c2da0d0>
  File "/opt/bbms/web_source/web_backend/web-backend/.venv-lnx/lib/python3.8/site-packages/sqlalchemy/engine/base.py", line 1846, in _execute_context
    return self._exec_single_context(
           │    └ <function Connection._exec_single_context at 0x7f81e95670>
           └ <sqlalchemy.engine.base.Connection object at 0x7f6c2da0d0>
  File "/opt/bbms/web_source/web_backend/web-backend/.venv-lnx/lib/python3.8/site-packages/sqlalchemy/engine/base.py", line 1986, in _exec_single_context
    self._handle_dbapi_exception(
    │    └ <function Connection._handle_dbapi_exception at 0x7f81e958b0>
    └ <sqlalchemy.engine.base.Connection object at 0x7f6c2da0d0>
  File "/opt/bbms/web_source/web_backend/web-backend/.venv-lnx/lib/python3.8/site-packages/sqlalchemy/engine/base.py", line 2353, in _handle_dbapi_exception
    raise sqlalchemy_exception.with_traceback(exc_info[2]) from e
          │                    │              │                 └ OperationalError('no such table: pcs_soft_version')
          │                    │              └ (<class 'sqlite3.OperationalError'>, OperationalError('no such table: pcs_soft_version'), <traceback object at 0x7f6c66aec0>)
          │                    └ <method 'with_traceback' of 'BaseException' objects>
          └ OperationalError('(sqlite3.OperationalError) no such table: pcs_soft_version')
  File "/opt/bbms/web_source/web_backend/web-backend/.venv-lnx/lib/python3.8/site-packages/sqlalchemy/engine/base.py", line 1967, in _exec_single_context
    self.dialect.do_execute(
    │    │       └ <function DefaultDialect.do_execute at 0x7f81dd2550>
    │    └ <sqlalchemy.dialects.sqlite.pysqlite.SQLiteDialect_pysqlite object at 0x7f81a339d0>
    └ <sqlalchemy.engine.base.Connection object at 0x7f6c2da0d0>
  File "/opt/bbms/web_source/web_backend/web-backend/.venv-lnx/lib/python3.8/site-packages/sqlalchemy/engine/default.py", line 924, in do_execute
    cursor.execute(statement, parameters)
    │      │       │          └ ()
    │      │       └ 'SELECT pcs_soft_version.id AS pcs_soft_version_id, pcs_soft_version.name AS pcs_soft_version_name, pcs_soft_version.cpld_ver...
    │      └ <method 'execute' of 'sqlite3.Cursor' objects>
    └ <sqlite3.Cursor object at 0x7f6c7409d0>

sqlalchemy.exc.OperationalError: (sqlite3.OperationalError) no such table: pcs_soft_version
[SQL: SELECT pcs_soft_version.id AS pcs_soft_version_id, pcs_soft_version.name AS pcs_soft_version_name, pcs_soft_version.cpld_version AS pcs_soft_version_cpld_version, pcs_soft_version.dsp_cpu1_version AS pcs_soft_version_dsp_cpu1_version, pcs_soft_version.dsp_cpu2_version AS pcs_soft_version_dsp_cpu2_version, pcs_soft_version.pcs_version AS pcs_soft_version_pcs_version 
FROM pcs_soft_version]
(Background on this error at: https://sqlalche.me/e/20/e3q8)
2026-06-05 11:24:54.186 | INFO     | module_device.controller.topology_controller:get_topology_list:20 - 获取拓扑结构列表成功
2026-06-05 11:24:56.095 | INFO     | server:lifespan:41 - SCU-FastAPI Starting...
2026-06-05 11:24:56.114 | INFO     | server:lifespan:51 - SCU-FastAPI Started successfully
2026-06-05 11:25:24.719 | INFO     | server:lifespan:41 - SCU-FastAPI Starting...
2026-06-05 11:25:24.724 | INFO     | server:lifespan:51 - SCU-FastAPI Started successfully
2026-06-05 11:25:51.515 | INFO     | server:lifespan:41 - SCU-FastAPI Starting...
2026-06-05 11:25:51.525 | INFO     | server:lifespan:51 - SCU-FastAPI Started successfully
2026-06-05 11:26:18.217 | INFO     | server:lifespan:41 - SCU-FastAPI Starting...
2026-06-05 11:26:18.222 | INFO     | server:lifespan:51 - SCU-FastAPI Started successfully
2026-06-05 11:26:44.874 | INFO     | server:lifespan:41 - SCU-FastAPI Starting...
2026-06-05 11:26:44.884 | INFO     | server:lifespan:51 - SCU-FastAPI Started successfully
2026-06-05 11:26:46.128 | INFO     | module_admin.controller.server_controller:get_monitor_server_info:19 - 获取成功
2026-06-05 11:26:46.145 | ERROR    | exceptions.handle:exception_handler:70 - (sqlite3.OperationalError) no such table: pcs_soft_version
[SQL: SELECT pcs_soft_version.id AS pcs_soft_version_id, pcs_soft_version.name AS pcs_soft_version_name, pcs_soft_version.cpld_version AS pcs_soft_version_cpld_version, pcs_soft_version.dsp_cpu1_version AS pcs_soft_version_dsp_cpu1_version, pcs_soft_version.dsp_cpu2_version AS pcs_soft_version_dsp_cpu2_version, pcs_soft_version.pcs_version AS pcs_soft_version_pcs_version 
FROM pcs_soft_version]
(Background on this error at: https://sqlalche.me/e/20/e3q8)
Traceback (most recent call last):

  File "/opt/bbms/web_source/web_backend/web-backend/.venv-lnx/lib/python3.8/site-packages/sqlalchemy/engine/base.py", line 1967, in _exec_single_context
    self.dialect.do_execute(
    │    │       └ <function DefaultDialect.do_execute at 0x7f81dd2550>
    │    └ <sqlalchemy.dialects.sqlite.pysqlite.SQLiteDialect_pysqlite object at 0x7f81a339d0>
    └ <sqlalchemy.engine.base.Connection object at 0x7f6c60f8b0>
  File "/opt/bbms/web_source/web_backend/web-backend/.venv-lnx/lib/python3.8/site-packages/sqlalchemy/engine/default.py", line 924, in do_execute
    cursor.execute(statement, parameters)
    │      │       │          └ ()
    │      │       └ 'SELECT pcs_soft_version.id AS pcs_soft_version_id, pcs_soft_version.name AS pcs_soft_version_name, pcs_soft_version.cpld_ver...
    │      └ <method 'execute' of 'sqlite3.Cursor' objects>
    └ <sqlite3.Cursor object at 0x7f6c740f80>

sqlite3.OperationalError: no such table: pcs_soft_version


The above exception was the direct cause of the following exception:


Traceback (most recent call last):

  File "app.py", line 18, in <module>
    uvicorn.run(
    │       └ <function run at 0x7f84f49310>
    └ <module 'uvicorn' from '/opt/bbms/web_source/web_backend/web-backend/.venv-lnx/lib/python3.8/site-packages/uvicorn/__init__.py'>

  File "/opt/bbms/web_source/web_backend/web-backend/.venv-lnx/lib/python3.8/site-packages/uvicorn/main.py", line 579, in run
    server.run()
    │      └ <function Server.run at 0x7f84f1d4c0>
    └ <uvicorn.server.Server object at 0x7f6ff104f0>
  File "/opt/bbms/web_source/web_backend/web-backend/.venv-lnx/lib/python3.8/site-packages/uvicorn/server.py", line 65, in run
    return asyncio.run(self.serve(sockets=sockets))
           │       │   │    │             └ None
           │       │   │    └ <function Server.serve at 0x7f84f1d550>
           │       │   └ <uvicorn.server.Server object at 0x7f6ff104f0>
           │       └ <function run at 0x7f8593e790>
           └ <module 'asyncio' from '/usr/lib/python3.8/asyncio/__init__.py'>
  File "/usr/lib/python3.8/asyncio/runners.py", line 44, in run
    return loop.run_until_complete(main)
           │    │                  └ <coroutine object Server.serve at 0x7f6fcb73c0>
           │    └ <cyfunction Loop.run_until_complete at 0x7f6fcde580>
           └ <uvloop.Loop running=True closed=False debug=False>
  File "/opt/bbms/web_source/web_backend/web-backend/.venv-lnx/lib/python3.8/site-packages/uvicorn/protocols/http/httptools_impl.py", line 409, in run_asgi
    result = await app(  # type: ignore[func-returns-value]
                   └ <uvicorn.middleware.proxy_headers.ProxyHeadersMiddleware object at 0x7f6ff06730>
  File "/opt/bbms/web_source/web_backend/web-backend/.venv-lnx/lib/python3.8/site-packages/uvicorn/middleware/proxy_headers.py", line 60, in __call__
    return await self.app(scope, receive, send)
                 │    │   │      │        └ <bound method RequestResponseCycle.send of <uvicorn.protocols.http.httptools_impl.RequestResponseCycle object at 0x7f6c5cd070>>
                 │    │   │      └ <bound method RequestResponseCycle.receive of <uvicorn.protocols.http.httptools_impl.RequestResponseCycle object at 0x7f6c5cd...
                 │    │   └ {'type': 'http', 'asgi': {'version': '3.0', 'spec_version': '2.3'}, 'http_version': '1.1', 'server': ('127.0.0.1', 9099), 'cl...
                 │    └ <fastapi.applications.FastAPI object at 0x7f859cf910>
                 └ <uvicorn.middleware.proxy_headers.ProxyHeadersMiddleware object at 0x7f6ff06730>
  File "/opt/bbms/web_source/web_backend/web-backend/.venv-lnx/lib/python3.8/site-packages/fastapi/applications.py", line 1054, in __call__
    await super().__call__(scope, receive, send)
                           │      │        └ <bound method RequestResponseCycle.send of <uvicorn.protocols.http.httptools_impl.RequestResponseCycle object at 0x7f6c5cd070>>
                           │      └ <bound method RequestResponseCycle.receive of <uvicorn.protocols.http.httptools_impl.RequestResponseCycle object at 0x7f6c5cd...
                           └ {'type': 'http', 'asgi': {'version': '3.0', 'spec_version': '2.3'}, 'http_version': '1.1', 'server': ('127.0.0.1', 9099), 'cl...
  File "/opt/bbms/web_source/web_backend/web-backend/.venv-lnx/lib/python3.8/site-packages/starlette/applications.py", line 113, in __call__
    await self.middleware_stack(scope, receive, send)
          │    │                │      │        └ <bound method RequestResponseCycle.send of <uvicorn.protocols.http.httptools_impl.RequestResponseCycle object at 0x7f6c5cd070>>
          │    │                │      └ <bound method RequestResponseCycle.receive of <uvicorn.protocols.http.httptools_impl.RequestResponseCycle object at 0x7f6c5cd...
          │    │                └ {'type': 'http', 'asgi': {'version': '3.0', 'spec_version': '2.3'}, 'http_version': '1.1', 'server': ('127.0.0.1', 9099), 'cl...
          │    └ <starlette.middleware.errors.ServerErrorMiddleware object at 0x7f6fb7d9a0>
          └ <fastapi.applications.FastAPI object at 0x7f859cf910>
> File "/opt/bbms/web_source/web_backend/web-backend/.venv-lnx/lib/python3.8/site-packages/starlette/middleware/errors.py", line 165, in __call__
    await self.app(scope, receive, _send)
          │    │   │      │        └ <function ServerErrorMiddleware.__call__.<locals>._send at 0x7f6c6c2f70>
          │    │   │      └ <bound method RequestResponseCycle.receive of <uvicorn.protocols.http.httptools_impl.RequestResponseCycle object at 0x7f6c5cd...
          │    │   └ {'type': 'http', 'asgi': {'version': '3.0', 'spec_version': '2.3'}, 'http_version': '1.1', 'server': ('127.0.0.1', 9099), 'cl...
          │    └ <starlette.middleware.gzip.GZipMiddleware object at 0x7f6fb7d940>
          └ <starlette.middleware.errors.ServerErrorMiddleware object at 0x7f6fb7d9a0>
  File "/opt/bbms/web_source/web_backend/web-backend/.venv-lnx/lib/python3.8/site-packages/starlette/middleware/gzip.py", line 20, in __call__
    await responder(scope, receive, send)
          │         │      │        └ <function ServerErrorMiddleware.__call__.<locals>._send at 0x7f6c6c2f70>
          │         │      └ <bound method RequestResponseCycle.receive of <uvicorn.protocols.http.httptools_impl.RequestResponseCycle object at 0x7f6c5cd...
          │         └ {'type': 'http', 'asgi': {'version': '3.0', 'spec_version': '2.3'}, 'http_version': '1.1', 'server': ('127.0.0.1', 9099), 'cl...
          └ <starlette.middleware.gzip.GZipResponder object at 0x7f6c6d6880>
  File "/opt/bbms/web_source/web_backend/web-backend/.venv-lnx/lib/python3.8/site-packages/starlette/middleware/gzip.py", line 39, in __call__
    await self.app(scope, receive, self.send_with_gzip)
          │    │   │      │        │    └ <function GZipResponder.send_with_gzip at 0x7f83bc11f0>
          │    │   │      │        └ <starlette.middleware.gzip.GZipResponder object at 0x7f6c6d6880>
          │    │   │      └ <bound method RequestResponseCycle.receive of <uvicorn.protocols.http.httptools_impl.RequestResponseCycle object at 0x7f6c5cd...
          │    │   └ {'type': 'http', 'asgi': {'version': '3.0', 'spec_version': '2.3'}, 'http_version': '1.1', 'server': ('127.0.0.1', 9099), 'cl...
          │    └ <starlette.middleware.cors.CORSMiddleware object at 0x7f6fb7d910>
          └ <starlette.middleware.gzip.GZipResponder object at 0x7f6c6d6880>
  File "/opt/bbms/web_source/web_backend/web-backend/.venv-lnx/lib/python3.8/site-packages/starlette/middleware/cors.py", line 85, in __call__
    await self.app(scope, receive, send)
          │    │   │      │        └ <bound method GZipResponder.send_with_gzip of <starlette.middleware.gzip.GZipResponder object at 0x7f6c6d6880>>
          │    │   │      └ <bound method RequestResponseCycle.receive of <uvicorn.protocols.http.httptools_impl.RequestResponseCycle object at 0x7f6c5cd...
          │    │   └ {'type': 'http', 'asgi': {'version': '3.0', 'spec_version': '2.3'}, 'http_version': '1.1', 'server': ('127.0.0.1', 9099), 'cl...
          │    └ <starlette.middleware.exceptions.ExceptionMiddleware object at 0x7f6fb7d8b0>
          └ <starlette.middleware.cors.CORSMiddleware object at 0x7f6fb7d910>
  File "/opt/bbms/web_source/web_backend/web-backend/.venv-lnx/lib/python3.8/site-packages/starlette/middleware/exceptions.py", line 62, in __call__
    await wrap_app_handling_exceptions(self.app, conn)(scope, receive, send)
          │                            │    │    │     │      │        └ <bound method GZipResponder.send_with_gzip of <starlette.middleware.gzip.GZipResponder object at 0x7f6c6d6880>>
          │                            │    │    │     │      └ <bound method RequestResponseCycle.receive of <uvicorn.protocols.http.httptools_impl.RequestResponseCycle object at 0x7f6c5cd...
          │                            │    │    │     └ {'type': 'http', 'asgi': {'version': '3.0', 'spec_version': '2.3'}, 'http_version': '1.1', 'server': ('127.0.0.1', 9099), 'cl...
          │                            │    │    └ <starlette.requests.Request object at 0x7f6c6d6460>
          │                            │    └ <fastapi.routing.APIRouter object at 0x7f7033c460>
          │                            └ <starlette.middleware.exceptions.ExceptionMiddleware object at 0x7f6fb7d8b0>
          └ <function wrap_app_handling_exceptions at 0x7f8422bb80>
  File "/opt/bbms/web_source/web_backend/web-backend/.venv-lnx/lib/python3.8/site-packages/starlette/_exception_handler.py", line 62, in wrapped_app
    raise exc
  File "/opt/bbms/web_source/web_backend/web-backend/.venv-lnx/lib/python3.8/site-packages/starlette/_exception_handler.py", line 51, in wrapped_app
    await app(scope, receive, sender)
          │   │      │        └ <function wrap_app_handling_exceptions.<locals>.wrapped_app.<locals>.sender at 0x7f6c6c2700>
          │   │      └ <bound method RequestResponseCycle.receive of <uvicorn.protocols.http.httptools_impl.RequestResponseCycle object at 0x7f6c5cd...
          │   └ {'type': 'http', 'asgi': {'version': '3.0', 'spec_version': '2.3'}, 'http_version': '1.1', 'server': ('127.0.0.1', 9099), 'cl...
          └ <fastapi.routing.APIRouter object at 0x7f7033c460>
  File "/opt/bbms/web_source/web_backend/web-backend/.venv-lnx/lib/python3.8/site-packages/starlette/routing.py", line 715, in __call__
    await self.middleware_stack(scope, receive, send)
          │    │                │      │        └ <function wrap_app_handling_exceptions.<locals>.wrapped_app.<locals>.sender at 0x7f6c6c2700>
          │    │                │      └ <bound method RequestResponseCycle.receive of <uvicorn.protocols.http.httptools_impl.RequestResponseCycle object at 0x7f6c5cd...
          │    │                └ {'type': 'http', 'asgi': {'version': '3.0', 'spec_version': '2.3'}, 'http_version': '1.1', 'server': ('127.0.0.1', 9099), 'cl...
          │    └ <bound method Router.app of <fastapi.routing.APIRouter object at 0x7f7033c460>>
          └ <fastapi.routing.APIRouter object at 0x7f7033c460>
  File "/opt/bbms/web_source/web_backend/web-backend/.venv-lnx/lib/python3.8/site-packages/starlette/routing.py", line 735, in app
    await route.handle(scope, receive, send)
          │     │      │      │        └ <function wrap_app_handling_exceptions.<locals>.wrapped_app.<locals>.sender at 0x7f6c6c2700>
          │     │      │      └ <bound method RequestResponseCycle.receive of <uvicorn.protocols.http.httptools_impl.RequestResponseCycle object at 0x7f6c5cd...
          │     │      └ {'type': 'http', 'asgi': {'version': '3.0', 'spec_version': '2.3'}, 'http_version': '1.1', 'server': ('127.0.0.1', 9099), 'cl...
          │     └ <function Route.handle at 0x7f8429bf70>
          └ APIRoute(path='/device/pcs-soft-version', name='get_pcs_soft_version', methods=['GET'])
  File "/opt/bbms/web_source/web_backend/web-backend/.venv-lnx/lib/python3.8/site-packages/starlette/routing.py", line 288, in handle
    await self.app(scope, receive, send)
          │    │   │      │        └ <function wrap_app_handling_exceptions.<locals>.wrapped_app.<locals>.sender at 0x7f6c6c2700>
          │    │   │      └ <bound method RequestResponseCycle.receive of <uvicorn.protocols.http.httptools_impl.RequestResponseCycle object at 0x7f6c5cd...
          │    │   └ {'type': 'http', 'asgi': {'version': '3.0', 'spec_version': '2.3'}, 'http_version': '1.1', 'server': ('127.0.0.1', 9099), 'cl...
          │    └ <function request_response.<locals>.app at 0x7f70069160>
          └ APIRoute(path='/device/pcs-soft-version', name='get_pcs_soft_version', methods=['GET'])
  File "/opt/bbms/web_source/web_backend/web-backend/.venv-lnx/lib/python3.8/site-packages/starlette/routing.py", line 76, in app
    await wrap_app_handling_exceptions(app, request)(scope, receive, send)
          │                            │    │        │      │        └ <function wrap_app_handling_exceptions.<locals>.wrapped_app.<locals>.sender at 0x7f6c6c2700>
          │                            │    │        │      └ <bound method RequestResponseCycle.receive of <uvicorn.protocols.http.httptools_impl.RequestResponseCycle object at 0x7f6c5cd...
          │                            │    │        └ {'type': 'http', 'asgi': {'version': '3.0', 'spec_version': '2.3'}, 'http_version': '1.1', 'server': ('127.0.0.1', 9099), 'cl...
          │                            │    └ <starlette.requests.Request object at 0x7f6c6d65e0>
          │                            └ <function request_response.<locals>.app.<locals>.app at 0x7f6c6c2310>
          └ <function wrap_app_handling_exceptions at 0x7f8422bb80>
  File "/opt/bbms/web_source/web_backend/web-backend/.venv-lnx/lib/python3.8/site-packages/starlette/_exception_handler.py", line 62, in wrapped_app
    raise exc
  File "/opt/bbms/web_source/web_backend/web-backend/.venv-lnx/lib/python3.8/site-packages/starlette/_exception_handler.py", line 51, in wrapped_app
    await app(scope, receive, sender)
          │   │      │        └ <function wrap_app_handling_exceptions.<locals>.wrapped_app.<locals>.sender at 0x7f6c6c23a0>
          │   │      └ <bound method RequestResponseCycle.receive of <uvicorn.protocols.http.httptools_impl.RequestResponseCycle object at 0x7f6c5cd...
          │   └ {'type': 'http', 'asgi': {'version': '3.0', 'spec_version': '2.3'}, 'http_version': '1.1', 'server': ('127.0.0.1', 9099), 'cl...
          └ <function request_response.<locals>.app.<locals>.app at 0x7f6c6c2310>
  File "/opt/bbms/web_source/web_backend/web-backend/.venv-lnx/lib/python3.8/site-packages/starlette/routing.py", line 73, in app
    response = await f(request)
                     │ └ <starlette.requests.Request object at 0x7f6c6d65e0>
                     └ <function get_request_handler.<locals>.app at 0x7f70069790>
  File "/opt/bbms/web_source/web_backend/web-backend/.venv-lnx/lib/python3.8/site-packages/fastapi/routing.py", line 301, in app
    raw_response = await run_endpoint_function(
                         └ <function run_endpoint_function at 0x7f842a8b80>
  File "/opt/bbms/web_source/web_backend/web-backend/.venv-lnx/lib/python3.8/site-packages/fastapi/routing.py", line 214, in run_endpoint_function
    return await run_in_threadpool(dependant.call, **values)
                 │                 │         │       └ {'query_db': <sqlalchemy.orm.session.Session object at 0x7f6c76ae20>, 'request': <starlette.requests.Request object at 0x7f6c...
                 │                 │         └ <function get_pcs_soft_version at 0x7f704cf670>
                 │                 └ Dependant(path_params=[], query_params=[], header_params=[], cookie_params=[], body_params=[], dependencies=[Dependant(path_p...
                 └ <function run_in_threadpool at 0x7f8393d5e0>
  File "/opt/bbms/web_source/web_backend/web-backend/.venv-lnx/lib/python3.8/site-packages/starlette/concurrency.py", line 39, in run_in_threadpool
    return await anyio.to_thread.run_sync(func, *args)
                 │     │         │        │      └ ()
                 │     │         │        └ functools.partial(<function get_pcs_soft_version at 0x7f704cf670>, query_db=<sqlalchemy.orm.session.Session object at 0x7f6c7...
                 │     │         └ <function run_sync at 0x7f84dd5700>
                 │     └ <module 'anyio.to_thread' from '/opt/bbms/web_source/web_backend/web-backend/.venv-lnx/lib/python3.8/site-packages/anyio/to_t...
                 └ <module 'anyio' from '/opt/bbms/web_source/web_backend/web-backend/.venv-lnx/lib/python3.8/site-packages/anyio/__init__.py'>
  File "/opt/bbms/web_source/web_backend/web-backend/.venv-lnx/lib/python3.8/site-packages/anyio/to_thread.py", line 56, in run_sync
    return await get_async_backend().run_sync_in_worker_thread(
                 └ <function get_async_backend at 0x7f84eae790>
  File "/opt/bbms/web_source/web_backend/web-backend/.venv-lnx/lib/python3.8/site-packages/anyio/_backends/_asyncio.py", line 2364, in run_sync_in_worker_thread
    return await future
                 └ <Future finished exception=OperationalError('(sqlite3.OperationalError) no such table: pcs_soft_version')>
  File "/opt/bbms/web_source/web_backend/web-backend/.venv-lnx/lib/python3.8/site-packages/anyio/_backends/_asyncio.py", line 864, in run
    result = context.run(func, *args)
             │       │   │      └ (None, None, None)
             │       │   └ <bound method _GeneratorContextManager.__exit__ of <contextlib._GeneratorContextManager object at 0x7f6c71dc70>>
             │       └ <method 'run' of 'Context' objects>
             └ <Context object at 0x7f6c66a480>

  File "/opt/bbms/web_source/web_backend/web-backend/module_device/controller/device_controller.py", line 265, in get_pcs_soft_version
    devices = DeviceService.get_pcs_soft_version(query_db)
              │             │                    └ <sqlalchemy.orm.session.Session object at 0x7f6c76ae20>
              │             └ <classmethod object at 0x7f704c6dc0>
              └ <class 'module_device.service.device_service.DeviceService'>

  File "/opt/bbms/web_source/web_backend/web-backend/module_device/service/device_service.py", line 650, in get_pcs_soft_version
    pcs_devices = DeviceDao.get_all_pcs_soft_versions(db)
                  │         │                         └ <sqlalchemy.orm.session.Session object at 0x7f6c76ae20>
                  │         └ <classmethod object at 0x7f7053bdf0>
                  └ <class 'module_device.dao.device_dao.DeviceDao'>

  File "/opt/bbms/web_source/web_backend/web-backend/module_device/dao/device_dao.py", line 242, in get_all_pcs_soft_versions
    return db.query(PcsSoftVersion).all()
           │  │     └ <class 'module_device.entity.do.pcs_soft_version_do.PcsSoftVersion'>
           │  └ <function Session.query at 0x7f81b1d700>
           └ <sqlalchemy.orm.session.Session object at 0x7f6c76ae20>

  File "/opt/bbms/web_source/web_backend/web-backend/.venv-lnx/lib/python3.8/site-packages/sqlalchemy/orm/query.py", line 2673, in all
    return self._iter().all()  # type: ignore
           │    └ <function Query._iter at 0x7f81b94700>
           └ <sqlalchemy.orm.query.Query object at 0x7f6c5cdc40>
  File "/opt/bbms/web_source/web_backend/web-backend/.venv-lnx/lib/python3.8/site-packages/sqlalchemy/orm/query.py", line 2827, in _iter
    result: Union[ScalarResult[_T], Result[_T]] = self.session.execute(
            │                  │    │      │      │    │       └ <function Session.execute at 0x7f81b1d040>
            │                  │    │      │      │    └ <sqlalchemy.orm.session.Session object at 0x7f6c76ae20>
            │                  │    │      │      └ <sqlalchemy.orm.query.Query object at 0x7f6c5cdc40>
            │                  │    │      └ ~_T
            │                  │    └ <class 'sqlalchemy.engine.result.Result'>
            │                  └ ~_T
            └ typing.Union
  File "/opt/bbms/web_source/web_backend/web-backend/.venv-lnx/lib/python3.8/site-packages/sqlalchemy/orm/session.py", line 2351, in execute
    return self._execute_internal(
           │    └ <function Session._execute_internal at 0x7f81b18f70>
           └ <sqlalchemy.orm.session.Session object at 0x7f6c76ae20>
  File "/opt/bbms/web_source/web_backend/web-backend/.venv-lnx/lib/python3.8/site-packages/sqlalchemy/orm/session.py", line 2236, in _execute_internal
    result: Result[Any] = compile_state_cls.orm_execute_statement(
                   │      │                 └ <classmethod object at 0x7f81ca4bb0>
                   │      └ <class 'sqlalchemy.orm.context.ORMSelectCompileState'>
                   └ typing.Any
  File "/opt/bbms/web_source/web_backend/web-backend/.venv-lnx/lib/python3.8/site-packages/sqlalchemy/orm/context.py", line 293, in orm_execute_statement
    result = conn.execute(
             │    └ <function Connection.execute at 0x7f81e95160>
             └ <sqlalchemy.engine.base.Connection object at 0x7f6c60f8b0>
  File "/opt/bbms/web_source/web_backend/web-backend/.venv-lnx/lib/python3.8/site-packages/sqlalchemy/engine/base.py", line 1418, in execute
    return meth(
           └ <bound method ClauseElement._execute_on_connection of <sqlalchemy.sql.selectable.Select object at 0x7f6c6e13d0>>
  File "/opt/bbms/web_source/web_backend/web-backend/.venv-lnx/lib/python3.8/site-packages/sqlalchemy/sql/elements.py", line 515, in _execute_on_connection
    return connection._execute_clauseelement(
           │          └ <function Connection._execute_clauseelement at 0x7f81e95430>
           └ <sqlalchemy.engine.base.Connection object at 0x7f6c60f8b0>
  File "/opt/bbms/web_source/web_backend/web-backend/.venv-lnx/lib/python3.8/site-packages/sqlalchemy/engine/base.py", line 1640, in _execute_clauseelement
    ret = self._execute_context(
          │    └ <function Connection._execute_context at 0x7f81e955e0>
          └ <sqlalchemy.engine.base.Connection object at 0x7f6c60f8b0>
  File "/opt/bbms/web_source/web_backend/web-backend/.venv-lnx/lib/python3.8/site-packages/sqlalchemy/engine/base.py", line 1846, in _execute_context
    return self._exec_single_context(
           │    └ <function Connection._exec_single_context at 0x7f81e95670>
           └ <sqlalchemy.engine.base.Connection object at 0x7f6c60f8b0>
  File "/opt/bbms/web_source/web_backend/web-backend/.venv-lnx/lib/python3.8/site-packages/sqlalchemy/engine/base.py", line 1986, in _exec_single_context
    self._handle_dbapi_exception(
    │    └ <function Connection._handle_dbapi_exception at 0x7f81e958b0>
    └ <sqlalchemy.engine.base.Connection object at 0x7f6c60f8b0>
  File "/opt/bbms/web_source/web_backend/web-backend/.venv-lnx/lib/python3.8/site-packages/sqlalchemy/engine/base.py", line 2353, in _handle_dbapi_exception
    raise sqlalchemy_exception.with_traceback(exc_info[2]) from e
          │                    │              │                 └ OperationalError('no such table: pcs_soft_version')
          │                    │              └ (<class 'sqlite3.OperationalError'>, OperationalError('no such table: pcs_soft_version'), <traceback object at 0x7f6c7fc140>)
          │                    └ <method 'with_traceback' of 'BaseException' objects>
          └ OperationalError('(sqlite3.OperationalError) no such table: pcs_soft_version')
  File "/opt/bbms/web_source/web_backend/web-backend/.venv-lnx/lib/python3.8/site-packages/sqlalchemy/engine/base.py", line 1967, in _exec_single_context
    self.dialect.do_execute(
    │    │       └ <function DefaultDialect.do_execute at 0x7f81dd2550>
    │    └ <sqlalchemy.dialects.sqlite.pysqlite.SQLiteDialect_pysqlite object at 0x7f81a339d0>
    └ <sqlalchemy.engine.base.Connection object at 0x7f6c60f8b0>
  File "/opt/bbms/web_source/web_backend/web-backend/.venv-lnx/lib/python3.8/site-packages/sqlalchemy/engine/default.py", line 924, in do_execute
    cursor.execute(statement, parameters)
    │      │       │          └ ()
    │      │       └ 'SELECT pcs_soft_version.id AS pcs_soft_version_id, pcs_soft_version.name AS pcs_soft_version_name, pcs_soft_version.cpld_ver...
    │      └ <method 'execute' of 'sqlite3.Cursor' objects>
    └ <sqlite3.Cursor object at 0x7f6c740f80>

sqlalchemy.exc.OperationalError: (sqlite3.OperationalError) no such table: pcs_soft_version
[SQL: SELECT pcs_soft_version.id AS pcs_soft_version_id, pcs_soft_version.name AS pcs_soft_version_name, pcs_soft_version.cpld_version AS pcs_soft_version_cpld_version, pcs_soft_version.dsp_cpu1_version AS pcs_soft_version_dsp_cpu1_version, pcs_soft_version.dsp_cpu2_version AS pcs_soft_version_dsp_cpu2_version, pcs_soft_version.pcs_version AS pcs_soft_version_pcs_version 
FROM pcs_soft_version]
(Background on this error at: https://sqlalche.me/e/20/e3q8)
2026-06-05 11:27:11.768 | INFO     | server:lifespan:41 - SCU-FastAPI Starting...
2026-06-05 11:27:11.775 | INFO     | server:lifespan:51 - SCU-FastAPI Started successfully
2026-06-05 11:27:34.035 | INFO     | module_device.controller.port_controller:get_port_list:40 - 获取成功
2026-06-05 11:27:35.642 | INFO     | module_device.controller.port_controller:get_port_list:40 - 获取成功
2026-06-05 11:27:38.807 | ERROR    | exceptions.handle:exception_handler:70 - (sqlite3.OperationalError) no such table: pcs_soft_version
[SQL: SELECT pcs_soft_version.id AS pcs_soft_version_id, pcs_soft_version.name AS pcs_soft_version_name, pcs_soft_version.cpld_version AS pcs_soft_version_cpld_version, pcs_soft_version.dsp_cpu1_version AS pcs_soft_version_dsp_cpu1_version, pcs_soft_version.dsp_cpu2_version AS pcs_soft_version_dsp_cpu2_version, pcs_soft_version.pcs_version AS pcs_soft_version_pcs_version 
FROM pcs_soft_version]
(Background on this error at: https://sqlalche.me/e/20/e3q8)
Traceback (most recent call last):

  File "/opt/bbms/web_source/web_backend/web-backend/.venv-lnx/lib/python3.8/site-packages/sqlalchemy/engine/base.py", line 1967, in _exec_single_context
    self.dialect.do_execute(
    │    │       └ <function DefaultDialect.do_execute at 0x7f81dd2550>
    │    └ <sqlalchemy.dialects.sqlite.pysqlite.SQLiteDialect_pysqlite object at 0x7f81a339d0>
    └ <sqlalchemy.engine.base.Connection object at 0x7f6c665040>
  File "/opt/bbms/web_source/web_backend/web-backend/.venv-lnx/lib/python3.8/site-packages/sqlalchemy/engine/default.py", line 924, in do_execute
    cursor.execute(statement, parameters)
    │      │       │          └ ()
    │      │       └ 'SELECT pcs_soft_version.id AS pcs_soft_version_id, pcs_soft_version.name AS pcs_soft_version_name, pcs_soft_version.cpld_ver...
    │      └ <method 'execute' of 'sqlite3.Cursor' objects>
    └ <sqlite3.Cursor object at 0x7f6c69f7a0>

sqlite3.OperationalError: no such table: pcs_soft_version


The above exception was the direct cause of the following exception:


Traceback (most recent call last):

  File "app.py", line 18, in <module>
    uvicorn.run(
    │       └ <function run at 0x7f84f49310>
    └ <module 'uvicorn' from '/opt/bbms/web_source/web_backend/web-backend/.venv-lnx/lib/python3.8/site-packages/uvicorn/__init__.py'>

  File "/opt/bbms/web_source/web_backend/web-backend/.venv-lnx/lib/python3.8/site-packages/uvicorn/main.py", line 579, in run
    server.run()
    │      └ <function Server.run at 0x7f84f1d4c0>
    └ <uvicorn.server.Server object at 0x7f6ff104f0>
  File "/opt/bbms/web_source/web_backend/web-backend/.venv-lnx/lib/python3.8/site-packages/uvicorn/server.py", line 65, in run
    return asyncio.run(self.serve(sockets=sockets))
           │       │   │    │             └ None
           │       │   │    └ <function Server.serve at 0x7f84f1d550>
           │       │   └ <uvicorn.server.Server object at 0x7f6ff104f0>
           │       └ <function run at 0x7f8593e790>
           └ <module 'asyncio' from '/usr/lib/python3.8/asyncio/__init__.py'>
  File "/usr/lib/python3.8/asyncio/runners.py", line 44, in run
    return loop.run_until_complete(main)
           │    │                  └ <coroutine object Server.serve at 0x7f6fcb73c0>
           │    └ <cyfunction Loop.run_until_complete at 0x7f6fcde580>
           └ <uvloop.Loop running=True closed=False debug=False>
  File "/opt/bbms/web_source/web_backend/web-backend/.venv-lnx/lib/python3.8/site-packages/uvicorn/protocols/http/httptools_impl.py", line 409, in run_asgi
    result = await app(  # type: ignore[func-returns-value]
                   └ <uvicorn.middleware.proxy_headers.ProxyHeadersMiddleware object at 0x7f6ff06730>
  File "/opt/bbms/web_source/web_backend/web-backend/.venv-lnx/lib/python3.8/site-packages/uvicorn/middleware/proxy_headers.py", line 60, in __call__
    return await self.app(scope, receive, send)
                 │    │   │      │        └ <bound method RequestResponseCycle.send of <uvicorn.protocols.http.httptools_impl.RequestResponseCycle object at 0x7f6c46e1f0>>
                 │    │   │      └ <bound method RequestResponseCycle.receive of <uvicorn.protocols.http.httptools_impl.RequestResponseCycle object at 0x7f6c46e...
                 │    │   └ {'type': 'http', 'asgi': {'version': '3.0', 'spec_version': '2.3'}, 'http_version': '1.1', 'server': ('127.0.0.1', 9099), 'cl...
                 │    └ <fastapi.applications.FastAPI object at 0x7f859cf910>
                 └ <uvicorn.middleware.proxy_headers.ProxyHeadersMiddleware object at 0x7f6ff06730>
  File "/opt/bbms/web_source/web_backend/web-backend/.venv-lnx/lib/python3.8/site-packages/fastapi/applications.py", line 1054, in __call__
    await super().__call__(scope, receive, send)
                           │      │        └ <bound method RequestResponseCycle.send of <uvicorn.protocols.http.httptools_impl.RequestResponseCycle object at 0x7f6c46e1f0>>
                           │      └ <bound method RequestResponseCycle.receive of <uvicorn.protocols.http.httptools_impl.RequestResponseCycle object at 0x7f6c46e...
                           └ {'type': 'http', 'asgi': {'version': '3.0', 'spec_version': '2.3'}, 'http_version': '1.1', 'server': ('127.0.0.1', 9099), 'cl...
  File "/opt/bbms/web_source/web_backend/web-backend/.venv-lnx/lib/python3.8/site-packages/starlette/applications.py", line 113, in __call__
    await self.middleware_stack(scope, receive, send)
          │    │                │      │        └ <bound method RequestResponseCycle.send of <uvicorn.protocols.http.httptools_impl.RequestResponseCycle object at 0x7f6c46e1f0>>
          │    │                │      └ <bound method RequestResponseCycle.receive of <uvicorn.protocols.http.httptools_impl.RequestResponseCycle object at 0x7f6c46e...
          │    │                └ {'type': 'http', 'asgi': {'version': '3.0', 'spec_version': '2.3'}, 'http_version': '1.1', 'server': ('127.0.0.1', 9099), 'cl...
          │    └ <starlette.middleware.errors.ServerErrorMiddleware object at 0x7f6fb7d9a0>
          └ <fastapi.applications.FastAPI object at 0x7f859cf910>
> File "/opt/bbms/web_source/web_backend/web-backend/.venv-lnx/lib/python3.8/site-packages/starlette/middleware/errors.py", line 165, in __call__
    await self.app(scope, receive, _send)
          │    │   │      │        └ <function ServerErrorMiddleware.__call__.<locals>._send at 0x7f6c33ee50>
          │    │   │      └ <bound method RequestResponseCycle.receive of <uvicorn.protocols.http.httptools_impl.RequestResponseCycle object at 0x7f6c46e...
          │    │   └ {'type': 'http', 'asgi': {'version': '3.0', 'spec_version': '2.3'}, 'http_version': '1.1', 'server': ('127.0.0.1', 9099), 'cl...
          │    └ <starlette.middleware.gzip.GZipMiddleware object at 0x7f6fb7d940>
          └ <starlette.middleware.errors.ServerErrorMiddleware object at 0x7f6fb7d9a0>
  File "/opt/bbms/web_source/web_backend/web-backend/.venv-lnx/lib/python3.8/site-packages/starlette/middleware/gzip.py", line 20, in __call__
    await responder(scope, receive, send)
          │         │      │        └ <function ServerErrorMiddleware.__call__.<locals>._send at 0x7f6c33ee50>
          │         │      └ <bound method RequestResponseCycle.receive of <uvicorn.protocols.http.httptools_impl.RequestResponseCycle object at 0x7f6c46e...
          │         └ {'type': 'http', 'asgi': {'version': '3.0', 'spec_version': '2.3'}, 'http_version': '1.1', 'server': ('127.0.0.1', 9099), 'cl...
          └ <starlette.middleware.gzip.GZipResponder object at 0x7f6c46eeb0>
  File "/opt/bbms/web_source/web_backend/web-backend/.venv-lnx/lib/python3.8/site-packages/starlette/middleware/gzip.py", line 39, in __call__
    await self.app(scope, receive, self.send_with_gzip)
          │    │   │      │        │    └ <function GZipResponder.send_with_gzip at 0x7f83bc11f0>
          │    │   │      │        └ <starlette.middleware.gzip.GZipResponder object at 0x7f6c46eeb0>
          │    │   │      └ <bound method RequestResponseCycle.receive of <uvicorn.protocols.http.httptools_impl.RequestResponseCycle object at 0x7f6c46e...
          │    │   └ {'type': 'http', 'asgi': {'version': '3.0', 'spec_version': '2.3'}, 'http_version': '1.1', 'server': ('127.0.0.1', 9099), 'cl...
          │    └ <starlette.middleware.cors.CORSMiddleware object at 0x7f6fb7d910>
          └ <starlette.middleware.gzip.GZipResponder object at 0x7f6c46eeb0>
  File "/opt/bbms/web_source/web_backend/web-backend/.venv-lnx/lib/python3.8/site-packages/starlette/middleware/cors.py", line 85, in __call__
    await self.app(scope, receive, send)
          │    │   │      │        └ <bound method GZipResponder.send_with_gzip of <starlette.middleware.gzip.GZipResponder object at 0x7f6c46eeb0>>
          │    │   │      └ <bound method RequestResponseCycle.receive of <uvicorn.protocols.http.httptools_impl.RequestResponseCycle object at 0x7f6c46e...
          │    │   └ {'type': 'http', 'asgi': {'version': '3.0', 'spec_version': '2.3'}, 'http_version': '1.1', 'server': ('127.0.0.1', 9099), 'cl...
          │    └ <starlette.middleware.exceptions.ExceptionMiddleware object at 0x7f6fb7d8b0>
          └ <starlette.middleware.cors.CORSMiddleware object at 0x7f6fb7d910>
  File "/opt/bbms/web_source/web_backend/web-backend/.venv-lnx/lib/python3.8/site-packages/starlette/middleware/exceptions.py", line 62, in __call__
    await wrap_app_handling_exceptions(self.app, conn)(scope, receive, send)
          │                            │    │    │     │      │        └ <bound method GZipResponder.send_with_gzip of <starlette.middleware.gzip.GZipResponder object at 0x7f6c46eeb0>>
          │                            │    │    │     │      └ <bound method RequestResponseCycle.receive of <uvicorn.protocols.http.httptools_impl.RequestResponseCycle object at 0x7f6c46e...
          │                            │    │    │     └ {'type': 'http', 'asgi': {'version': '3.0', 'spec_version': '2.3'}, 'http_version': '1.1', 'server': ('127.0.0.1', 9099), 'cl...
          │                            │    │    └ <starlette.requests.Request object at 0x7f6c46e400>
          │                            │    └ <fastapi.routing.APIRouter object at 0x7f7033c460>
          │                            └ <starlette.middleware.exceptions.ExceptionMiddleware object at 0x7f6fb7d8b0>
          └ <function wrap_app_handling_exceptions at 0x7f8422bb80>
  File "/opt/bbms/web_source/web_backend/web-backend/.venv-lnx/lib/python3.8/site-packages/starlette/_exception_handler.py", line 62, in wrapped_app
    raise exc
  File "/opt/bbms/web_source/web_backend/web-backend/.venv-lnx/lib/python3.8/site-packages/starlette/_exception_handler.py", line 51, in wrapped_app
    await app(scope, receive, sender)
          │   │      │        └ <function wrap_app_handling_exceptions.<locals>.wrapped_app.<locals>.sender at 0x7f6c33ef70>
          │   │      └ <bound method RequestResponseCycle.receive of <uvicorn.protocols.http.httptools_impl.RequestResponseCycle object at 0x7f6c46e...
          │   └ {'type': 'http', 'asgi': {'version': '3.0', 'spec_version': '2.3'}, 'http_version': '1.1', 'server': ('127.0.0.1', 9099), 'cl...
          └ <fastapi.routing.APIRouter object at 0x7f7033c460>
  File "/opt/bbms/web_source/web_backend/web-backend/.venv-lnx/lib/python3.8/site-packages/starlette/routing.py", line 715, in __call__
    await self.middleware_stack(scope, receive, send)
          │    │                │      │        └ <function wrap_app_handling_exceptions.<locals>.wrapped_app.<locals>.sender at 0x7f6c33ef70>
          │    │                │      └ <bound method RequestResponseCycle.receive of <uvicorn.protocols.http.httptools_impl.RequestResponseCycle object at 0x7f6c46e...
          │    │                └ {'type': 'http', 'asgi': {'version': '3.0', 'spec_version': '2.3'}, 'http_version': '1.1', 'server': ('127.0.0.1', 9099), 'cl...
          │    └ <bound method Router.app of <fastapi.routing.APIRouter object at 0x7f7033c460>>
          └ <fastapi.routing.APIRouter object at 0x7f7033c460>
  File "/opt/bbms/web_source/web_backend/web-backend/.venv-lnx/lib/python3.8/site-packages/starlette/routing.py", line 735, in app
    await route.handle(scope, receive, send)
          │     │      │      │        └ <function wrap_app_handling_exceptions.<locals>.wrapped_app.<locals>.sender at 0x7f6c33ef70>
          │     │      │      └ <bound method RequestResponseCycle.receive of <uvicorn.protocols.http.httptools_impl.RequestResponseCycle object at 0x7f6c46e...
          │     │      └ {'type': 'http', 'asgi': {'version': '3.0', 'spec_version': '2.3'}, 'http_version': '1.1', 'server': ('127.0.0.1', 9099), 'cl...
          │     └ <function Route.handle at 0x7f8429bf70>
          └ APIRoute(path='/device/pcs-soft-version', name='get_pcs_soft_version', methods=['GET'])
  File "/opt/bbms/web_source/web_backend/web-backend/.venv-lnx/lib/python3.8/site-packages/starlette/routing.py", line 288, in handle
    await self.app(scope, receive, send)
          │    │   │      │        └ <function wrap_app_handling_exceptions.<locals>.wrapped_app.<locals>.sender at 0x7f6c33ef70>
          │    │   │      └ <bound method RequestResponseCycle.receive of <uvicorn.protocols.http.httptools_impl.RequestResponseCycle object at 0x7f6c46e...
          │    │   └ {'type': 'http', 'asgi': {'version': '3.0', 'spec_version': '2.3'}, 'http_version': '1.1', 'server': ('127.0.0.1', 9099), 'cl...
          │    └ <function request_response.<locals>.app at 0x7f70069160>
          └ APIRoute(path='/device/pcs-soft-version', name='get_pcs_soft_version', methods=['GET'])
  File "/opt/bbms/web_source/web_backend/web-backend/.venv-lnx/lib/python3.8/site-packages/starlette/routing.py", line 76, in app
    await wrap_app_handling_exceptions(app, request)(scope, receive, send)
          │                            │    │        │      │        └ <function wrap_app_handling_exceptions.<locals>.wrapped_app.<locals>.sender at 0x7f6c33ef70>
          │                            │    │        │      └ <bound method RequestResponseCycle.receive of <uvicorn.protocols.http.httptools_impl.RequestResponseCycle object at 0x7f6c46e...
          │                            │    │        └ {'type': 'http', 'asgi': {'version': '3.0', 'spec_version': '2.3'}, 'http_version': '1.1', 'server': ('127.0.0.1', 9099), 'cl...
          │                            │    └ <starlette.requests.Request object at 0x7f6c43cfa0>
          │                            └ <function request_response.<locals>.app.<locals>.app at 0x7f6c33ed30>
          └ <function wrap_app_handling_exceptions at 0x7f8422bb80>
  File "/opt/bbms/web_source/web_backend/web-backend/.venv-lnx/lib/python3.8/site-packages/starlette/_exception_handler.py", line 62, in wrapped_app
    raise exc
  File "/opt/bbms/web_source/web_backend/web-backend/.venv-lnx/lib/python3.8/site-packages/starlette/_exception_handler.py", line 51, in wrapped_app
    await app(scope, receive, sender)
          │   │      │        └ <function wrap_app_handling_exceptions.<locals>.wrapped_app.<locals>.sender at 0x7f6c33eca0>
          │   │      └ <bound method RequestResponseCycle.receive of <uvicorn.protocols.http.httptools_impl.RequestResponseCycle object at 0x7f6c46e...
          │   └ {'type': 'http', 'asgi': {'version': '3.0', 'spec_version': '2.3'}, 'http_version': '1.1', 'server': ('127.0.0.1', 9099), 'cl...
          └ <function request_response.<locals>.app.<locals>.app at 0x7f6c33ed30>
  File "/opt/bbms/web_source/web_backend/web-backend/.venv-lnx/lib/python3.8/site-packages/starlette/routing.py", line 73, in app
    response = await f(request)
                     │ └ <starlette.requests.Request object at 0x7f6c43cfa0>
                     └ <function get_request_handler.<locals>.app at 0x7f70069790>
  File "/opt/bbms/web_source/web_backend/web-backend/.venv-lnx/lib/python3.8/site-packages/fastapi/routing.py", line 301, in app
    raw_response = await run_endpoint_function(
                         └ <function run_endpoint_function at 0x7f842a8b80>
  File "/opt/bbms/web_source/web_backend/web-backend/.venv-lnx/lib/python3.8/site-packages/fastapi/routing.py", line 214, in run_endpoint_function
    return await run_in_threadpool(dependant.call, **values)
                 │                 │         │       └ {'query_db': <sqlalchemy.orm.session.Session object at 0x7f6c728280>, 'request': <starlette.requests.Request object at 0x7f6c...
                 │                 │         └ <function get_pcs_soft_version at 0x7f704cf670>
                 │                 └ Dependant(path_params=[], query_params=[], header_params=[], cookie_params=[], body_params=[], dependencies=[Dependant(path_p...
                 └ <function run_in_threadpool at 0x7f8393d5e0>
  File "/opt/bbms/web_source/web_backend/web-backend/.venv-lnx/lib/python3.8/site-packages/starlette/concurrency.py", line 39, in run_in_threadpool
    return await anyio.to_thread.run_sync(func, *args)
                 │     │         │        │      └ ()
                 │     │         │        └ functools.partial(<function get_pcs_soft_version at 0x7f704cf670>, query_db=<sqlalchemy.orm.session.Session object at 0x7f6c7...
                 │     │         └ <function run_sync at 0x7f84dd5700>
                 │     └ <module 'anyio.to_thread' from '/opt/bbms/web_source/web_backend/web-backend/.venv-lnx/lib/python3.8/site-packages/anyio/to_t...
                 └ <module 'anyio' from '/opt/bbms/web_source/web_backend/web-backend/.venv-lnx/lib/python3.8/site-packages/anyio/__init__.py'>
  File "/opt/bbms/web_source/web_backend/web-backend/.venv-lnx/lib/python3.8/site-packages/anyio/to_thread.py", line 56, in run_sync
    return await get_async_backend().run_sync_in_worker_thread(
                 └ <function get_async_backend at 0x7f84eae790>
  File "/opt/bbms/web_source/web_backend/web-backend/.venv-lnx/lib/python3.8/site-packages/anyio/_backends/_asyncio.py", line 2364, in run_sync_in_worker_thread
    return await future
                 └ <Future finished exception=OperationalError('(sqlite3.OperationalError) no such table: pcs_soft_version')>
  File "/opt/bbms/web_source/web_backend/web-backend/.venv-lnx/lib/python3.8/site-packages/anyio/_backends/_asyncio.py", line 864, in run
    result = context.run(func, *args)
             │       │   │      └ (<class 'sqlalchemy.exc.OperationalError'>, OperationalError('(sqlite3.OperationalError) no such table: pcs_soft_version'), N...
             │       │   └ <bound method _GeneratorContextManager.__exit__ of <contextlib._GeneratorContextManager object at 0x7f6c43cd00>>
             │       └ <method 'run' of 'Context' objects>
             └ <Context object at 0x7f6c779280>

  File "/opt/bbms/web_source/web_backend/web-backend/module_device/controller/device_controller.py", line 265, in get_pcs_soft_version
    devices = DeviceService.get_pcs_soft_version(query_db)
              │             │                    └ <sqlalchemy.orm.session.Session object at 0x7f6c728280>
              │             └ <classmethod object at 0x7f704c6dc0>
              └ <class 'module_device.service.device_service.DeviceService'>

  File "/opt/bbms/web_source/web_backend/web-backend/module_device/service/device_service.py", line 650, in get_pcs_soft_version
    pcs_devices = DeviceDao.get_all_pcs_soft_versions(db)
                  │         │                         └ <sqlalchemy.orm.session.Session object at 0x7f6c728280>
                  │         └ <classmethod object at 0x7f7053bdf0>
                  └ <class 'module_device.dao.device_dao.DeviceDao'>

  File "/opt/bbms/web_source/web_backend/web-backend/module_device/dao/device_dao.py", line 242, in get_all_pcs_soft_versions
    return db.query(PcsSoftVersion).all()
           │  │     └ <class 'module_device.entity.do.pcs_soft_version_do.PcsSoftVersion'>
           │  └ <function Session.query at 0x7f81b1d700>
           └ <sqlalchemy.orm.session.Session object at 0x7f6c728280>

  File "/opt/bbms/web_source/web_backend/web-backend/.venv-lnx/lib/python3.8/site-packages/sqlalchemy/orm/query.py", line 2673, in all
    return self._iter().all()  # type: ignore
           │    └ <function Query._iter at 0x7f81b94700>
           └ <sqlalchemy.orm.query.Query object at 0x7f6c60f3d0>
  File "/opt/bbms/web_source/web_backend/web-backend/.venv-lnx/lib/python3.8/site-packages/sqlalchemy/orm/query.py", line 2827, in _iter
    result: Union[ScalarResult[_T], Result[_T]] = self.session.execute(
            │                  │    │      │      │    │       └ <function Session.execute at 0x7f81b1d040>
            │                  │    │      │      │    └ <sqlalchemy.orm.session.Session object at 0x7f6c728280>
            │                  │    │      │      └ <sqlalchemy.orm.query.Query object at 0x7f6c60f3d0>
            │                  │    │      └ ~_T
            │                  │    └ <class 'sqlalchemy.engine.result.Result'>
            │                  └ ~_T
            └ typing.Union
  File "/opt/bbms/web_source/web_backend/web-backend/.venv-lnx/lib/python3.8/site-packages/sqlalchemy/orm/session.py", line 2351, in execute
    return self._execute_internal(
           │    └ <function Session._execute_internal at 0x7f81b18f70>
           └ <sqlalchemy.orm.session.Session object at 0x7f6c728280>
  File "/opt/bbms/web_source/web_backend/web-backend/.venv-lnx/lib/python3.8/site-packages/sqlalchemy/orm/session.py", line 2236, in _execute_internal
    result: Result[Any] = compile_state_cls.orm_execute_statement(
                   │      │                 └ <classmethod object at 0x7f81ca4bb0>
                   │      └ <class 'sqlalchemy.orm.context.ORMSelectCompileState'>
                   └ typing.Any
  File "/opt/bbms/web_source/web_backend/web-backend/.venv-lnx/lib/python3.8/site-packages/sqlalchemy/orm/context.py", line 293, in orm_execute_statement
    result = conn.execute(
             │    └ <function Connection.execute at 0x7f81e95160>
             └ <sqlalchemy.engine.base.Connection object at 0x7f6c665040>
  File "/opt/bbms/web_source/web_backend/web-backend/.venv-lnx/lib/python3.8/site-packages/sqlalchemy/engine/base.py", line 1418, in execute
    return meth(
           └ <bound method ClauseElement._execute_on_connection of <sqlalchemy.sql.selectable.Select object at 0x7f6c665700>>
  File "/opt/bbms/web_source/web_backend/web-backend/.venv-lnx/lib/python3.8/site-packages/sqlalchemy/sql/elements.py", line 515, in _execute_on_connection
    return connection._execute_clauseelement(
           │          └ <function Connection._execute_clauseelement at 0x7f81e95430>
           └ <sqlalchemy.engine.base.Connection object at 0x7f6c665040>
  File "/opt/bbms/web_source/web_backend/web-backend/.venv-lnx/lib/python3.8/site-packages/sqlalchemy/engine/base.py", line 1640, in _execute_clauseelement
    ret = self._execute_context(
          │    └ <function Connection._execute_context at 0x7f81e955e0>
          └ <sqlalchemy.engine.base.Connection object at 0x7f6c665040>
  File "/opt/bbms/web_source/web_backend/web-backend/.venv-lnx/lib/python3.8/site-packages/sqlalchemy/engine/base.py", line 1846, in _execute_context
    return self._exec_single_context(
           │    └ <function Connection._exec_single_context at 0x7f81e95670>
           └ <sqlalchemy.engine.base.Connection object at 0x7f6c665040>
  File "/opt/bbms/web_source/web_backend/web-backend/.venv-lnx/lib/python3.8/site-packages/sqlalchemy/engine/base.py", line 1986, in _exec_single_context
    self._handle_dbapi_exception(
    │    └ <function Connection._handle_dbapi_exception at 0x7f81e958b0>
    └ <sqlalchemy.engine.base.Connection object at 0x7f6c665040>
  File "/opt/bbms/web_source/web_backend/web-backend/.venv-lnx/lib/python3.8/site-packages/sqlalchemy/engine/base.py", line 2353, in _handle_dbapi_exception
    raise sqlalchemy_exception.with_traceback(exc_info[2]) from e
          │                    │              │                 └ OperationalError('no such table: pcs_soft_version')
          │                    │              └ (<class 'sqlite3.OperationalError'>, OperationalError('no such table: pcs_soft_version'), <traceback object at 0x7f6c4f6540>)
          │                    └ <method 'with_traceback' of 'BaseException' objects>
          └ OperationalError('(sqlite3.OperationalError) no such table: pcs_soft_version')
  File "/opt/bbms/web_source/web_backend/web-backend/.venv-lnx/lib/python3.8/site-packages/sqlalchemy/engine/base.py", line 1967, in _exec_single_context
    self.dialect.do_execute(
    │    │       └ <function DefaultDialect.do_execute at 0x7f81dd2550>
    │    └ <sqlalchemy.dialects.sqlite.pysqlite.SQLiteDialect_pysqlite object at 0x7f81a339d0>
    └ <sqlalchemy.engine.base.Connection object at 0x7f6c665040>
  File "/opt/bbms/web_source/web_backend/web-backend/.venv-lnx/lib/python3.8/site-packages/sqlalchemy/engine/default.py", line 924, in do_execute
    cursor.execute(statement, parameters)
    │      │       │          └ ()
    │      │       └ 'SELECT pcs_soft_version.id AS pcs_soft_version_id, pcs_soft_version.name AS pcs_soft_version_name, pcs_soft_version.cpld_ver...
    │      └ <method 'execute' of 'sqlite3.Cursor' objects>
    └ <sqlite3.Cursor object at 0x7f6c69f7a0>

sqlalchemy.exc.OperationalError: (sqlite3.OperationalError) no such table: pcs_soft_version
[SQL: SELECT pcs_soft_version.id AS pcs_soft_version_id, pcs_soft_version.name AS pcs_soft_version_name, pcs_soft_version.cpld_version AS pcs_soft_version_cpld_version, pcs_soft_version.dsp_cpu1_version AS pcs_soft_version_dsp_cpu1_version, pcs_soft_version.dsp_cpu2_version AS pcs_soft_version_dsp_cpu2_version, pcs_soft_version.pcs_version AS pcs_soft_version_pcs_version 
FROM pcs_soft_version]
(Background on this error at: https://sqlalche.me/e/20/e3q8)
2026-06-05 11:27:39.003 | INFO     | module_admin.controller.server_controller:get_monitor_server_info:19 - 获取成功
2026-06-05 11:27:43.012 | INFO     | server:lifespan:41 - SCU-FastAPI Starting...
2026-06-05 11:27:43.017 | INFO     | server:lifespan:51 - SCU-FastAPI Started successfully
2026-06-05 11:28:11.668 | INFO     | server:lifespan:41 - SCU-FastAPI Starting...
2026-06-05 11:28:11.674 | INFO     | server:lifespan:51 - SCU-FastAPI Started successfully
2026-06-05 11:28:38.974 | INFO     | server:lifespan:41 - SCU-FastAPI Starting...
2026-06-05 11:28:38.985 | INFO     | server:lifespan:51 - SCU-FastAPI Started successfully
2026-06-05 11:29:06.243 | INFO     | server:lifespan:41 - SCU-FastAPI Starting...
2026-06-05 11:29:06.249 | INFO     | server:lifespan:51 - SCU-FastAPI Started successfully
2026-06-05 11:29:29.859 | INFO     | module_device.controller.topology_controller:get_topology_list:20 - 获取拓扑结构列表成功
2026-06-05 11:29:33.348 | INFO     | server:lifespan:41 - SCU-FastAPI Starting...
2026-06-05 11:29:33.354 | INFO     | server:lifespan:51 - SCU-FastAPI Started successfully
2026-06-05 11:29:34.139 | INFO     | module_device.controller.device_controller:get_device_list:34 - 获取成功
2026-06-05 11:29:36.309 | INFO     | module_device.controller.device_controller:get_device_list:34 - 获取成功
2026-06-05 11:29:36.402 | INFO     | module_device.controller.topology_controller:get_topology_list:20 - 获取拓扑结构列表成功
2026-06-05 11:29:39.861 | INFO     | module_device.controller.topology_controller:get_topology_list:20 - 获取拓扑结构列表成功
2026-06-05 11:29:53.738 | INFO     | module_device.controller.topology_controller:get_topology_list:20 - 获取拓扑结构列表成功
2026-06-05 11:29:59.082 | INFO     | module_device.controller.topology_controller:get_topology_list:20 - 获取拓扑结构列表成功
2026-06-05 11:29:59.802 | INFO     | server:lifespan:41 - SCU-FastAPI Starting...
2026-06-05 11:29:59.808 | INFO     | server:lifespan:51 - SCU-FastAPI Started successfully
2026-06-05 11:30:15.318 | INFO     | module_device.controller.topology_controller:get_topology_list:20 - 获取拓扑结构列表成功
2026-06-05 11:30:26.601 | INFO     | server:lifespan:41 - SCU-FastAPI Starting...
2026-06-05 11:30:26.606 | INFO     | server:lifespan:51 - SCU-FastAPI Started successfully
2026-06-05 11:30:52.874 | INFO     | server:lifespan:41 - SCU-FastAPI Starting...
2026-06-05 11:30:52.880 | INFO     | server:lifespan:51 - SCU-FastAPI Started successfully
2026-06-05 11:31:20.557 | INFO     | server:lifespan:41 - SCU-FastAPI Starting...
2026-06-05 11:31:20.562 | INFO     | server:lifespan:51 - SCU-FastAPI Started successfully
2026-06-05 11:31:48.557 | INFO     | server:lifespan:41 - SCU-FastAPI Starting...
2026-06-05 11:31:48.562 | INFO     | server:lifespan:51 - SCU-FastAPI Started successfully
2026-06-05 11:32:15.875 | INFO     | server:lifespan:41 - SCU-FastAPI Starting...
2026-06-05 11:32:15.881 | INFO     | server:lifespan:51 - SCU-FastAPI Started successfully
2026-06-05 11:32:44.189 | INFO     | server:lifespan:41 - SCU-FastAPI Starting...
2026-06-05 11:32:44.205 | INFO     | server:lifespan:51 - SCU-FastAPI Started successfully
2026-06-05 11:33:09.955 | INFO     | server:lifespan:41 - SCU-FastAPI Starting...
2026-06-05 11:33:09.961 | INFO     | server:lifespan:51 - SCU-FastAPI Started successfully
2026-06-05 11:33:37.666 | INFO     | server:lifespan:41 - SCU-FastAPI Starting...
2026-06-05 11:33:37.675 | INFO     | server:lifespan:51 - SCU-FastAPI Started successfully
2026-06-05 11:34:06.334 | INFO     | server:lifespan:41 - SCU-FastAPI Starting...
2026-06-05 11:34:06.340 | INFO     | server:lifespan:51 - SCU-FastAPI Started successfully
2026-06-05 11:34:32.643 | INFO     | server:lifespan:41 - SCU-FastAPI Starting...
2026-06-05 11:34:32.654 | INFO     | server:lifespan:51 - SCU-FastAPI Started successfully
2026-06-05 11:34:59.996 | INFO     | server:lifespan:41 - SCU-FastAPI Starting...
2026-06-05 11:35:00.002 | INFO     | server:lifespan:51 - SCU-FastAPI Started successfully
2026-06-05 11:35:26.602 | INFO     | server:lifespan:41 - SCU-FastAPI Starting...
2026-06-05 11:35:26.609 | INFO     | server:lifespan:51 - SCU-FastAPI Started successfully
2026-06-05 11:35:54.139 | INFO     | server:lifespan:41 - SCU-FastAPI Starting...
2026-06-05 11:35:54.145 | INFO     | server:lifespan:51 - SCU-FastAPI Started successfully
2026-06-05 11:36:21.029 | INFO     | server:lifespan:41 - SCU-FastAPI Starting...
2026-06-05 11:36:21.038 | INFO     | server:lifespan:51 - SCU-FastAPI Started successfully
2026-06-05 11:36:47.521 | INFO     | server:lifespan:41 - SCU-FastAPI Starting...
2026-06-05 11:36:47.527 | INFO     | server:lifespan:51 - SCU-FastAPI Started successfully
2026-06-05 11:37:15.071 | INFO     | server:lifespan:41 - SCU-FastAPI Starting...
2026-06-05 11:37:15.077 | INFO     | server:lifespan:51 - SCU-FastAPI Started successfully
2026-06-05 11:37:40.602 | INFO     | server:lifespan:41 - SCU-FastAPI Starting...
2026-06-05 11:37:40.607 | INFO     | server:lifespan:51 - SCU-FastAPI Started successfully
2026-06-05 11:38:08.067 | INFO     | server:lifespan:41 - SCU-FastAPI Starting...
2026-06-05 11:38:08.073 | INFO     | server:lifespan:51 - SCU-FastAPI Started successfully
2026-06-05 11:38:34.631 | INFO     | server:lifespan:41 - SCU-FastAPI Starting...
2026-06-05 11:38:34.637 | INFO     | server:lifespan:51 - SCU-FastAPI Started successfully
2026-06-05 11:39:02.440 | INFO     | server:lifespan:41 - SCU-FastAPI Starting...
2026-06-05 11:39:02.445 | INFO     | server:lifespan:51 - SCU-FastAPI Started successfully
2026-06-05 11:39:28.408 | INFO     | server:lifespan:41 - SCU-FastAPI Starting...
2026-06-05 11:39:28.415 | INFO     | server:lifespan:51 - SCU-FastAPI Started successfully
2026-06-05 11:39:55.204 | INFO     | server:lifespan:41 - SCU-FastAPI Starting...
2026-06-05 11:39:55.208 | INFO     | server:lifespan:51 - SCU-FastAPI Started successfully
2026-06-05 11:40:21.152 | INFO     | server:lifespan:41 - SCU-FastAPI Starting...
2026-06-05 11:40:21.158 | INFO     | server:lifespan:51 - SCU-FastAPI Started successfully
2026-06-05 11:40:47.975 | INFO     | server:lifespan:41 - SCU-FastAPI Starting...
2026-06-05 11:40:47.980 | INFO     | server:lifespan:51 - SCU-FastAPI Started successfully
2026-06-05 11:41:14.856 | INFO     | server:lifespan:41 - SCU-FastAPI Starting...
2026-06-05 11:41:14.865 | INFO     | server:lifespan:51 - SCU-FastAPI Started successfully
2026-06-05 11:41:41.504 | INFO     | server:lifespan:41 - SCU-FastAPI Starting...
2026-06-05 11:41:41.509 | INFO     | server:lifespan:51 - SCU-FastAPI Started successfully
2026-06-05 11:42:08.492 | INFO     | server:lifespan:41 - SCU-FastAPI Starting...
2026-06-05 11:42:08.499 | INFO     | server:lifespan:51 - SCU-FastAPI Started successfully
2026-06-05 11:42:35.848 | INFO     | server:lifespan:41 - SCU-FastAPI Starting...
2026-06-05 11:42:35.853 | INFO     | server:lifespan:51 - SCU-FastAPI Started successfully
2026-06-05 11:43:03.583 | INFO     | server:lifespan:41 - SCU-FastAPI Starting...
2026-06-05 11:43:03.588 | INFO     | server:lifespan:51 - SCU-FastAPI Started successfully
2026-06-05 11:43:30.708 | INFO     | server:lifespan:41 - SCU-FastAPI Starting...
2026-06-05 11:43:30.714 | INFO     | server:lifespan:51 - SCU-FastAPI Started successfully
2026-06-05 11:43:56.956 | INFO     | server:lifespan:41 - SCU-FastAPI Starting...
2026-06-05 11:43:56.967 | INFO     | server:lifespan:51 - SCU-FastAPI Started successfully
2026-06-05 11:44:24.113 | INFO     | server:lifespan:41 - SCU-FastAPI Starting...
2026-06-05 11:44:24.119 | INFO     | server:lifespan:51 - SCU-FastAPI Started successfully
2026-06-05 11:44:51.140 | INFO     | server:lifespan:41 - SCU-FastAPI Starting...
2026-06-05 11:44:51.145 | INFO     | server:lifespan:51 - SCU-FastAPI Started successfully
2026-06-05 11:45:18.368 | INFO     | server:lifespan:41 - SCU-FastAPI Starting...
2026-06-05 11:45:18.377 | INFO     | server:lifespan:51 - SCU-FastAPI Started successfully
2026-06-05 11:45:45.199 | INFO     | server:lifespan:41 - SCU-FastAPI Starting...
2026-06-05 11:45:45.204 | INFO     | server:lifespan:51 - SCU-FastAPI Started successfully
2026-06-05 11:46:12.267 | INFO     | server:lifespan:41 - SCU-FastAPI Starting...
2026-06-05 11:46:12.273 | INFO     | server:lifespan:51 - SCU-FastAPI Started successfully
2026-06-05 11:46:38.910 | INFO     | server:lifespan:41 - SCU-FastAPI Starting...
2026-06-05 11:46:38.915 | INFO     | server:lifespan:51 - SCU-FastAPI Started successfully
2026-06-05 11:47:05.502 | INFO     | server:lifespan:41 - SCU-FastAPI Starting...
2026-06-05 11:47:05.507 | INFO     | server:lifespan:51 - SCU-FastAPI Started successfully
2026-06-05 11:47:32.328 | INFO     | server:lifespan:41 - SCU-FastAPI Starting...
2026-06-05 11:47:32.335 | INFO     | server:lifespan:51 - SCU-FastAPI Started successfully
2026-06-05 11:47:59.575 | INFO     | server:lifespan:41 - SCU-FastAPI Starting...
2026-06-05 11:47:59.582 | INFO     | server:lifespan:51 - SCU-FastAPI Started successfully
2026-06-05 11:48:26.740 | INFO     | server:lifespan:41 - SCU-FastAPI Starting...
2026-06-05 11:48:26.747 | INFO     | server:lifespan:51 - SCU-FastAPI Started successfully
2026-06-05 11:48:53.592 | INFO     | server:lifespan:41 - SCU-FastAPI Starting...
2026-06-05 11:48:53.598 | INFO     | server:lifespan:51 - SCU-FastAPI Started successfully
2026-06-05 11:49:20.809 | INFO     | server:lifespan:41 - SCU-FastAPI Starting...
2026-06-05 11:49:20.814 | INFO     | server:lifespan:51 - SCU-FastAPI Started successfully
2026-06-05 11:49:46.947 | INFO     | server:lifespan:41 - SCU-FastAPI Starting...
2026-06-05 11:49:46.953 | INFO     | server:lifespan:51 - SCU-FastAPI Started successfully
2026-06-05 11:50:13.789 | INFO     | server:lifespan:41 - SCU-FastAPI Starting...
2026-06-05 11:50:13.795 | INFO     | server:lifespan:51 - SCU-FastAPI Started successfully
2026-06-05 11:50:40.500 | INFO     | server:lifespan:41 - SCU-FastAPI Starting...
2026-06-05 11:50:40.506 | INFO     | server:lifespan:51 - SCU-FastAPI Started successfully
2026-06-05 11:51:07.364 | INFO     | server:lifespan:41 - SCU-FastAPI Starting...
2026-06-05 11:51:07.371 | INFO     | server:lifespan:51 - SCU-FastAPI Started successfully
2026-06-05 11:51:35.195 | INFO     | server:lifespan:41 - SCU-FastAPI Starting...
2026-06-05 11:51:35.201 | INFO     | server:lifespan:51 - SCU-FastAPI Started successfully
2026-06-05 11:52:03.172 | INFO     | server:lifespan:41 - SCU-FastAPI Starting...
2026-06-05 11:52:03.178 | INFO     | server:lifespan:51 - SCU-FastAPI Started successfully
2026-06-05 11:52:31.226 | INFO     | server:lifespan:41 - SCU-FastAPI Starting...
2026-06-05 11:52:31.231 | INFO     | server:lifespan:51 - SCU-FastAPI Started successfully
2026-06-05 11:52:57.333 | INFO     | server:lifespan:41 - SCU-FastAPI Starting...
2026-06-05 11:52:57.342 | INFO     | server:lifespan:51 - SCU-FastAPI Started successfully
2026-06-05 11:53:24.087 | INFO     | server:lifespan:41 - SCU-FastAPI Starting...
2026-06-05 11:53:24.092 | INFO     | server:lifespan:51 - SCU-FastAPI Started successfully
2026-06-05 11:53:51.079 | INFO     | server:lifespan:41 - SCU-FastAPI Starting...
2026-06-05 11:53:51.088 | INFO     | server:lifespan:51 - SCU-FastAPI Started successfully
2026-06-05 11:54:18.848 | INFO     | server:lifespan:41 - SCU-FastAPI Starting...
2026-06-05 11:54:18.854 | INFO     | server:lifespan:51 - SCU-FastAPI Started successfully
2026-06-05 11:54:47.102 | INFO     | server:lifespan:41 - SCU-FastAPI Starting...
2026-06-05 11:54:47.108 | INFO     | server:lifespan:51 - SCU-FastAPI Started successfully
2026-06-05 11:55:14.181 | INFO     | server:lifespan:41 - SCU-FastAPI Starting...
2026-06-05 11:55:14.187 | INFO     | server:lifespan:51 - SCU-FastAPI Started successfully
2026-06-05 11:55:40.893 | INFO     | server:lifespan:41 - SCU-FastAPI Starting...
2026-06-05 11:55:40.902 | INFO     | server:lifespan:51 - SCU-FastAPI Started successfully
2026-06-05 11:56:08.819 | INFO     | server:lifespan:41 - SCU-FastAPI Starting...
2026-06-05 11:56:08.826 | INFO     | server:lifespan:51 - SCU-FastAPI Started successfully
2026-06-05 11:56:35.017 | INFO     | server:lifespan:41 - SCU-FastAPI Starting...
2026-06-05 11:56:35.023 | INFO     | server:lifespan:51 - SCU-FastAPI Started successfully
2026-06-05 11:57:02.334 | INFO     | server:lifespan:41 - SCU-FastAPI Starting...
2026-06-05 11:57:02.340 | INFO     | server:lifespan:51 - SCU-FastAPI Started successfully
2026-06-05 11:57:30.225 | INFO     | server:lifespan:41 - SCU-FastAPI Starting...
2026-06-05 11:57:30.230 | INFO     | server:lifespan:51 - SCU-FastAPI Started successfully
2026-06-05 11:57:58.941 | INFO     | server:lifespan:41 - SCU-FastAPI Starting...
2026-06-05 11:57:58.951 | INFO     | server:lifespan:51 - SCU-FastAPI Started successfully
2026-06-05 11:58:25.861 | INFO     | server:lifespan:41 - SCU-FastAPI Starting...
2026-06-05 11:58:25.866 | INFO     | server:lifespan:51 - SCU-FastAPI Started successfully
2026-06-05 11:58:53.276 | INFO     | server:lifespan:41 - SCU-FastAPI Starting...
2026-06-05 11:58:53.281 | INFO     | server:lifespan:51 - SCU-FastAPI Started successfully
2026-06-05 11:59:21.161 | INFO     | server:lifespan:41 - SCU-FastAPI Starting...
2026-06-05 11:59:21.166 | INFO     | server:lifespan:51 - SCU-FastAPI Started successfully
2026-06-05 11:59:48.786 | INFO     | server:lifespan:41 - SCU-FastAPI Starting...
2026-06-05 11:59:48.792 | INFO     | server:lifespan:51 - SCU-FastAPI Started successfully
2026-06-05 12:00:15.149 | INFO     | server:lifespan:41 - SCU-FastAPI Starting...
2026-06-05 12:00:15.155 | INFO     | server:lifespan:51 - SCU-FastAPI Started successfully
2026-06-05 12:00:42.080 | INFO     | server:lifespan:41 - SCU-FastAPI Starting...
2026-06-05 12:00:42.086 | INFO     | server:lifespan:51 - SCU-FastAPI Started successfully
2026-06-05 12:01:09.527 | INFO     | server:lifespan:41 - SCU-FastAPI Starting...
2026-06-05 12:01:09.532 | INFO     | server:lifespan:51 - SCU-FastAPI Started successfully
2026-06-05 12:01:35.934 | INFO     | server:lifespan:41 - SCU-FastAPI Starting...
2026-06-05 12:01:35.939 | INFO     | server:lifespan:51 - SCU-FastAPI Started successfully
2026-06-05 12:02:03.460 | INFO     | server:lifespan:41 - SCU-FastAPI Starting...
2026-06-05 12:02:03.466 | INFO     | server:lifespan:51 - SCU-FastAPI Started successfully
2026-06-05 12:02:30.133 | INFO     | server:lifespan:41 - SCU-FastAPI Starting...
2026-06-05 12:02:30.138 | INFO     | server:lifespan:51 - SCU-FastAPI Started successfully
2026-06-05 12:02:56.878 | INFO     | server:lifespan:41 - SCU-FastAPI Starting...
2026-06-05 12:02:56.885 | INFO     | server:lifespan:51 - SCU-FastAPI Started successfully
2026-06-05 12:03:23.825 | INFO     | server:lifespan:41 - SCU-FastAPI Starting...
2026-06-05 12:03:23.830 | INFO     | server:lifespan:51 - SCU-FastAPI Started successfully
2026-06-05 12:03:33.487 | INFO     | module_admin.controller.server_controller:get_monitor_server_info:19 - 获取成功
2026-06-05 12:03:33.499 | ERROR    | exceptions.handle:exception_handler:70 - (sqlite3.OperationalError) no such table: pcs_soft_version
[SQL: SELECT pcs_soft_version.id AS pcs_soft_version_id, pcs_soft_version.name AS pcs_soft_version_name, pcs_soft_version.cpld_version AS pcs_soft_version_cpld_version, pcs_soft_version.dsp_cpu1_version AS pcs_soft_version_dsp_cpu1_version, pcs_soft_version.dsp_cpu2_version AS pcs_soft_version_dsp_cpu2_version, pcs_soft_version.pcs_version AS pcs_soft_version_pcs_version 
FROM pcs_soft_version]
(Background on this error at: https://sqlalche.me/e/20/e3q8)
Traceback (most recent call last):

  File "/opt/bbms/web_source/web_backend/web-backend/.venv-lnx/lib/python3.8/site-packages/sqlalchemy/engine/base.py", line 1967, in _exec_single_context
    self.dialect.do_execute(
    │    │       └ <function DefaultDialect.do_execute at 0x7f81dd2550>
    │    └ <sqlalchemy.dialects.sqlite.pysqlite.SQLiteDialect_pysqlite object at 0x7f81a339d0>
    └ <sqlalchemy.engine.base.Connection object at 0x7f6c541130>
  File "/opt/bbms/web_source/web_backend/web-backend/.venv-lnx/lib/python3.8/site-packages/sqlalchemy/engine/default.py", line 924, in do_execute
    cursor.execute(statement, parameters)
    │      │       │          └ ()
    │      │       └ 'SELECT pcs_soft_version.id AS pcs_soft_version_id, pcs_soft_version.name AS pcs_soft_version_name, pcs_soft_version.cpld_ver...
    │      └ <method 'execute' of 'sqlite3.Cursor' objects>
    └ <sqlite3.Cursor object at 0x7f6c740f80>

sqlite3.OperationalError: no such table: pcs_soft_version


The above exception was the direct cause of the following exception:


Traceback (most recent call last):

  File "app.py", line 18, in <module>
    uvicorn.run(
    │       └ <function run at 0x7f84f49310>
    └ <module 'uvicorn' from '/opt/bbms/web_source/web_backend/web-backend/.venv-lnx/lib/python3.8/site-packages/uvicorn/__init__.py'>

  File "/opt/bbms/web_source/web_backend/web-backend/.venv-lnx/lib/python3.8/site-packages/uvicorn/main.py", line 579, in run
    server.run()
    │      └ <function Server.run at 0x7f84f1d4c0>
    └ <uvicorn.server.Server object at 0x7f6ff104f0>
  File "/opt/bbms/web_source/web_backend/web-backend/.venv-lnx/lib/python3.8/site-packages/uvicorn/server.py", line 65, in run
    return asyncio.run(self.serve(sockets=sockets))
           │       │   │    │             └ None
           │       │   │    └ <function Server.serve at 0x7f84f1d550>
           │       │   └ <uvicorn.server.Server object at 0x7f6ff104f0>
           │       └ <function run at 0x7f8593e790>
           └ <module 'asyncio' from '/usr/lib/python3.8/asyncio/__init__.py'>
  File "/usr/lib/python3.8/asyncio/runners.py", line 44, in run
    return loop.run_until_complete(main)
           │    │                  └ <coroutine object Server.serve at 0x7f6fcb73c0>
           │    └ <cyfunction Loop.run_until_complete at 0x7f6fcde580>
           └ <uvloop.Loop running=True closed=False debug=False>
  File "/opt/bbms/web_source/web_backend/web-backend/.venv-lnx/lib/python3.8/site-packages/uvicorn/protocols/http/httptools_impl.py", line 409, in run_asgi
    result = await app(  # type: ignore[func-returns-value]
                   └ <uvicorn.middleware.proxy_headers.ProxyHeadersMiddleware object at 0x7f6ff06730>
  File "/opt/bbms/web_source/web_backend/web-backend/.venv-lnx/lib/python3.8/site-packages/uvicorn/middleware/proxy_headers.py", line 60, in __call__
    return await self.app(scope, receive, send)
                 │    │   │      │        └ <bound method RequestResponseCycle.send of <uvicorn.protocols.http.httptools_impl.RequestResponseCycle object at 0x7f6c2f4c10>>
                 │    │   │      └ <bound method RequestResponseCycle.receive of <uvicorn.protocols.http.httptools_impl.RequestResponseCycle object at 0x7f6c2f4...
                 │    │   └ {'type': 'http', 'asgi': {'version': '3.0', 'spec_version': '2.3'}, 'http_version': '1.1', 'server': ('127.0.0.1', 9099), 'cl...
                 │    └ <fastapi.applications.FastAPI object at 0x7f859cf910>
                 └ <uvicorn.middleware.proxy_headers.ProxyHeadersMiddleware object at 0x7f6ff06730>
  File "/opt/bbms/web_source/web_backend/web-backend/.venv-lnx/lib/python3.8/site-packages/fastapi/applications.py", line 1054, in __call__
    await super().__call__(scope, receive, send)
                           │      │        └ <bound method RequestResponseCycle.send of <uvicorn.protocols.http.httptools_impl.RequestResponseCycle object at 0x7f6c2f4c10>>
                           │      └ <bound method RequestResponseCycle.receive of <uvicorn.protocols.http.httptools_impl.RequestResponseCycle object at 0x7f6c2f4...
                           └ {'type': 'http', 'asgi': {'version': '3.0', 'spec_version': '2.3'}, 'http_version': '1.1', 'server': ('127.0.0.1', 9099), 'cl...
  File "/opt/bbms/web_source/web_backend/web-backend/.venv-lnx/lib/python3.8/site-packages/starlette/applications.py", line 113, in __call__
    await self.middleware_stack(scope, receive, send)
          │    │                │      │        └ <bound method RequestResponseCycle.send of <uvicorn.protocols.http.httptools_impl.RequestResponseCycle object at 0x7f6c2f4c10>>
          │    │                │      └ <bound method RequestResponseCycle.receive of <uvicorn.protocols.http.httptools_impl.RequestResponseCycle object at 0x7f6c2f4...
          │    │                └ {'type': 'http', 'asgi': {'version': '3.0', 'spec_version': '2.3'}, 'http_version': '1.1', 'server': ('127.0.0.1', 9099), 'cl...
          │    └ <starlette.middleware.errors.ServerErrorMiddleware object at 0x7f6fb7d9a0>
          └ <fastapi.applications.FastAPI object at 0x7f859cf910>
> File "/opt/bbms/web_source/web_backend/web-backend/.venv-lnx/lib/python3.8/site-packages/starlette/middleware/errors.py", line 165, in __call__
    await self.app(scope, receive, _send)
          │    │   │      │        └ <function ServerErrorMiddleware.__call__.<locals>._send at 0x7f6c6c28b0>
          │    │   │      └ <bound method RequestResponseCycle.receive of <uvicorn.protocols.http.httptools_impl.RequestResponseCycle object at 0x7f6c2f4...
          │    │   └ {'type': 'http', 'asgi': {'version': '3.0', 'spec_version': '2.3'}, 'http_version': '1.1', 'server': ('127.0.0.1', 9099), 'cl...
          │    └ <starlette.middleware.gzip.GZipMiddleware object at 0x7f6fb7d940>
          └ <starlette.middleware.errors.ServerErrorMiddleware object at 0x7f6fb7d9a0>
  File "/opt/bbms/web_source/web_backend/web-backend/.venv-lnx/lib/python3.8/site-packages/starlette/middleware/gzip.py", line 20, in __call__
    await responder(scope, receive, send)
          │         │      │        └ <function ServerErrorMiddleware.__call__.<locals>._send at 0x7f6c6c28b0>
          │         │      └ <bound method RequestResponseCycle.receive of <uvicorn.protocols.http.httptools_impl.RequestResponseCycle object at 0x7f6c2f4...
          │         └ {'type': 'http', 'asgi': {'version': '3.0', 'spec_version': '2.3'}, 'http_version': '1.1', 'server': ('127.0.0.1', 9099), 'cl...
          └ <starlette.middleware.gzip.GZipResponder object at 0x7f6c2f46a0>
  File "/opt/bbms/web_source/web_backend/web-backend/.venv-lnx/lib/python3.8/site-packages/starlette/middleware/gzip.py", line 39, in __call__
    await self.app(scope, receive, self.send_with_gzip)
          │    │   │      │        │    └ <function GZipResponder.send_with_gzip at 0x7f83bc11f0>
          │    │   │      │        └ <starlette.middleware.gzip.GZipResponder object at 0x7f6c2f46a0>
          │    │   │      └ <bound method RequestResponseCycle.receive of <uvicorn.protocols.http.httptools_impl.RequestResponseCycle object at 0x7f6c2f4...
          │    │   └ {'type': 'http', 'asgi': {'version': '3.0', 'spec_version': '2.3'}, 'http_version': '1.1', 'server': ('127.0.0.1', 9099), 'cl...
          │    └ <starlette.middleware.cors.CORSMiddleware object at 0x7f6fb7d910>
          └ <starlette.middleware.gzip.GZipResponder object at 0x7f6c2f46a0>
  File "/opt/bbms/web_source/web_backend/web-backend/.venv-lnx/lib/python3.8/site-packages/starlette/middleware/cors.py", line 85, in __call__
    await self.app(scope, receive, send)
          │    │   │      │        └ <bound method GZipResponder.send_with_gzip of <starlette.middleware.gzip.GZipResponder object at 0x7f6c2f46a0>>
          │    │   │      └ <bound method RequestResponseCycle.receive of <uvicorn.protocols.http.httptools_impl.RequestResponseCycle object at 0x7f6c2f4...
          │    │   └ {'type': 'http', 'asgi': {'version': '3.0', 'spec_version': '2.3'}, 'http_version': '1.1', 'server': ('127.0.0.1', 9099), 'cl...
          │    └ <starlette.middleware.exceptions.ExceptionMiddleware object at 0x7f6fb7d8b0>
          └ <starlette.middleware.cors.CORSMiddleware object at 0x7f6fb7d910>
  File "/opt/bbms/web_source/web_backend/web-backend/.venv-lnx/lib/python3.8/site-packages/starlette/middleware/exceptions.py", line 62, in __call__
    await wrap_app_handling_exceptions(self.app, conn)(scope, receive, send)
          │                            │    │    │     │      │        └ <bound method GZipResponder.send_with_gzip of <starlette.middleware.gzip.GZipResponder object at 0x7f6c2f46a0>>
          │                            │    │    │     │      └ <bound method RequestResponseCycle.receive of <uvicorn.protocols.http.httptools_impl.RequestResponseCycle object at 0x7f6c2f4...
          │                            │    │    │     └ {'type': 'http', 'asgi': {'version': '3.0', 'spec_version': '2.3'}, 'http_version': '1.1', 'server': ('127.0.0.1', 9099), 'cl...
          │                            │    │    └ <starlette.requests.Request object at 0x7f6c2f4940>
          │                            │    └ <fastapi.routing.APIRouter object at 0x7f7033c460>
          │                            └ <starlette.middleware.exceptions.ExceptionMiddleware object at 0x7f6fb7d8b0>
          └ <function wrap_app_handling_exceptions at 0x7f8422bb80>
  File "/opt/bbms/web_source/web_backend/web-backend/.venv-lnx/lib/python3.8/site-packages/starlette/_exception_handler.py", line 62, in wrapped_app
    raise exc
  File "/opt/bbms/web_source/web_backend/web-backend/.venv-lnx/lib/python3.8/site-packages/starlette/_exception_handler.py", line 51, in wrapped_app
    await app(scope, receive, sender)
          │   │      │        └ <function wrap_app_handling_exceptions.<locals>.wrapped_app.<locals>.sender at 0x7f6c6c24c0>
          │   │      └ <bound method RequestResponseCycle.receive of <uvicorn.protocols.http.httptools_impl.RequestResponseCycle object at 0x7f6c2f4...
          │   └ {'type': 'http', 'asgi': {'version': '3.0', 'spec_version': '2.3'}, 'http_version': '1.1', 'server': ('127.0.0.1', 9099), 'cl...
          └ <fastapi.routing.APIRouter object at 0x7f7033c460>
  File "/opt/bbms/web_source/web_backend/web-backend/.venv-lnx/lib/python3.8/site-packages/starlette/routing.py", line 715, in __call__
    await self.middleware_stack(scope, receive, send)
          │    │                │      │        └ <function wrap_app_handling_exceptions.<locals>.wrapped_app.<locals>.sender at 0x7f6c6c24c0>
          │    │                │      └ <bound method RequestResponseCycle.receive of <uvicorn.protocols.http.httptools_impl.RequestResponseCycle object at 0x7f6c2f4...
          │    │                └ {'type': 'http', 'asgi': {'version': '3.0', 'spec_version': '2.3'}, 'http_version': '1.1', 'server': ('127.0.0.1', 9099), 'cl...
          │    └ <bound method Router.app of <fastapi.routing.APIRouter object at 0x7f7033c460>>
          └ <fastapi.routing.APIRouter object at 0x7f7033c460>
  File "/opt/bbms/web_source/web_backend/web-backend/.venv-lnx/lib/python3.8/site-packages/starlette/routing.py", line 735, in app
    await route.handle(scope, receive, send)
          │     │      │      │        └ <function wrap_app_handling_exceptions.<locals>.wrapped_app.<locals>.sender at 0x7f6c6c24c0>
          │     │      │      └ <bound method RequestResponseCycle.receive of <uvicorn.protocols.http.httptools_impl.RequestResponseCycle object at 0x7f6c2f4...
          │     │      └ {'type': 'http', 'asgi': {'version': '3.0', 'spec_version': '2.3'}, 'http_version': '1.1', 'server': ('127.0.0.1', 9099), 'cl...
          │     └ <function Route.handle at 0x7f8429bf70>
          └ APIRoute(path='/device/pcs-soft-version', name='get_pcs_soft_version', methods=['GET'])
  File "/opt/bbms/web_source/web_backend/web-backend/.venv-lnx/lib/python3.8/site-packages/starlette/routing.py", line 288, in handle
    await self.app(scope, receive, send)
          │    │   │      │        └ <function wrap_app_handling_exceptions.<locals>.wrapped_app.<locals>.sender at 0x7f6c6c24c0>
          │    │   │      └ <bound method RequestResponseCycle.receive of <uvicorn.protocols.http.httptools_impl.RequestResponseCycle object at 0x7f6c2f4...
          │    │   └ {'type': 'http', 'asgi': {'version': '3.0', 'spec_version': '2.3'}, 'http_version': '1.1', 'server': ('127.0.0.1', 9099), 'cl...
          │    └ <function request_response.<locals>.app at 0x7f70069160>
          └ APIRoute(path='/device/pcs-soft-version', name='get_pcs_soft_version', methods=['GET'])
  File "/opt/bbms/web_source/web_backend/web-backend/.venv-lnx/lib/python3.8/site-packages/starlette/routing.py", line 76, in app
    await wrap_app_handling_exceptions(app, request)(scope, receive, send)
          │                            │    │        │      │        └ <function wrap_app_handling_exceptions.<locals>.wrapped_app.<locals>.sender at 0x7f6c6c24c0>
          │                            │    │        │      └ <bound method RequestResponseCycle.receive of <uvicorn.protocols.http.httptools_impl.RequestResponseCycle object at 0x7f6c2f4...
          │                            │    │        └ {'type': 'http', 'asgi': {'version': '3.0', 'spec_version': '2.3'}, 'http_version': '1.1', 'server': ('127.0.0.1', 9099), 'cl...
          │                            │    └ <starlette.requests.Request object at 0x7f6c2f4190>
          │                            └ <function request_response.<locals>.app.<locals>.app at 0x7f6c6c2430>
          └ <function wrap_app_handling_exceptions at 0x7f8422bb80>
  File "/opt/bbms/web_source/web_backend/web-backend/.venv-lnx/lib/python3.8/site-packages/starlette/_exception_handler.py", line 62, in wrapped_app
    raise exc
  File "/opt/bbms/web_source/web_backend/web-backend/.venv-lnx/lib/python3.8/site-packages/starlette/_exception_handler.py", line 51, in wrapped_app
    await app(scope, receive, sender)
          │   │      │        └ <function wrap_app_handling_exceptions.<locals>.wrapped_app.<locals>.sender at 0x7f6c6c2700>
          │   │      └ <bound method RequestResponseCycle.receive of <uvicorn.protocols.http.httptools_impl.RequestResponseCycle object at 0x7f6c2f4...
          │   └ {'type': 'http', 'asgi': {'version': '3.0', 'spec_version': '2.3'}, 'http_version': '1.1', 'server': ('127.0.0.1', 9099), 'cl...
          └ <function request_response.<locals>.app.<locals>.app at 0x7f6c6c2430>
  File "/opt/bbms/web_source/web_backend/web-backend/.venv-lnx/lib/python3.8/site-packages/starlette/routing.py", line 73, in app
    response = await f(request)
                     │ └ <starlette.requests.Request object at 0x7f6c2f4190>
                     └ <function get_request_handler.<locals>.app at 0x7f70069790>
  File "/opt/bbms/web_source/web_backend/web-backend/.venv-lnx/lib/python3.8/site-packages/fastapi/routing.py", line 301, in app
    raw_response = await run_endpoint_function(
                         └ <function run_endpoint_function at 0x7f842a8b80>
  File "/opt/bbms/web_source/web_backend/web-backend/.venv-lnx/lib/python3.8/site-packages/fastapi/routing.py", line 214, in run_endpoint_function
    return await run_in_threadpool(dependant.call, **values)
                 │                 │         │       └ {'query_db': <sqlalchemy.orm.session.Session object at 0x7f6c56d760>, 'request': <starlette.requests.Request object at 0x7f6c...
                 │                 │         └ <function get_pcs_soft_version at 0x7f704cf670>
                 │                 └ Dependant(path_params=[], query_params=[], header_params=[], cookie_params=[], body_params=[], dependencies=[Dependant(path_p...
                 └ <function run_in_threadpool at 0x7f8393d5e0>
  File "/opt/bbms/web_source/web_backend/web-backend/.venv-lnx/lib/python3.8/site-packages/starlette/concurrency.py", line 39, in run_in_threadpool
    return await anyio.to_thread.run_sync(func, *args)
                 │     │         │        │      └ ()
                 │     │         │        └ functools.partial(<function get_pcs_soft_version at 0x7f704cf670>, query_db=<sqlalchemy.orm.session.Session object at 0x7f6c5...
                 │     │         └ <function run_sync at 0x7f84dd5700>
                 │     └ <module 'anyio.to_thread' from '/opt/bbms/web_source/web_backend/web-backend/.venv-lnx/lib/python3.8/site-packages/anyio/to_t...
                 └ <module 'anyio' from '/opt/bbms/web_source/web_backend/web-backend/.venv-lnx/lib/python3.8/site-packages/anyio/__init__.py'>
  File "/opt/bbms/web_source/web_backend/web-backend/.venv-lnx/lib/python3.8/site-packages/anyio/to_thread.py", line 56, in run_sync
    return await get_async_backend().run_sync_in_worker_thread(
                 └ <function get_async_backend at 0x7f84eae790>
  File "/opt/bbms/web_source/web_backend/web-backend/.venv-lnx/lib/python3.8/site-packages/anyio/_backends/_asyncio.py", line 2364, in run_sync_in_worker_thread
    return await future
                 └ <Future finished exception=OperationalError('(sqlite3.OperationalError) no such table: pcs_soft_version')>
  File "/opt/bbms/web_source/web_backend/web-backend/.venv-lnx/lib/python3.8/site-packages/anyio/_backends/_asyncio.py", line 864, in run
    result = context.run(func, *args)
             │       │   │      └ (None, None, None)
             │       │   └ <bound method _GeneratorContextManager.__exit__ of <contextlib._GeneratorContextManager object at 0x7f6c443520>>
             │       └ <method 'run' of 'Context' objects>
             └ <Context object at 0x7f6c515240>

  File "/opt/bbms/web_source/web_backend/web-backend/module_device/controller/device_controller.py", line 265, in get_pcs_soft_version
    devices = DeviceService.get_pcs_soft_version(query_db)
              │             │                    └ <sqlalchemy.orm.session.Session object at 0x7f6c56d760>
              │             └ <classmethod object at 0x7f704c6dc0>
              └ <class 'module_device.service.device_service.DeviceService'>

  File "/opt/bbms/web_source/web_backend/web-backend/module_device/service/device_service.py", line 650, in get_pcs_soft_version
    pcs_devices = DeviceDao.get_all_pcs_soft_versions(db)
                  │         │                         └ <sqlalchemy.orm.session.Session object at 0x7f6c56d760>
                  │         └ <classmethod object at 0x7f7053bdf0>
                  └ <class 'module_device.dao.device_dao.DeviceDao'>

  File "/opt/bbms/web_source/web_backend/web-backend/module_device/dao/device_dao.py", line 242, in get_all_pcs_soft_versions
    return db.query(PcsSoftVersion).all()
           │  │     └ <class 'module_device.entity.do.pcs_soft_version_do.PcsSoftVersion'>
           │  └ <function Session.query at 0x7f81b1d700>
           └ <sqlalchemy.orm.session.Session object at 0x7f6c56d760>

  File "/opt/bbms/web_source/web_backend/web-backend/.venv-lnx/lib/python3.8/site-packages/sqlalchemy/orm/query.py", line 2673, in all
    return self._iter().all()  # type: ignore
           │    └ <function Query._iter at 0x7f81b94700>
           └ <sqlalchemy.orm.query.Query object at 0x7f6c70e520>
  File "/opt/bbms/web_source/web_backend/web-backend/.venv-lnx/lib/python3.8/site-packages/sqlalchemy/orm/query.py", line 2827, in _iter
    result: Union[ScalarResult[_T], Result[_T]] = self.session.execute(
            │                  │    │      │      │    │       └ <function Session.execute at 0x7f81b1d040>
            │                  │    │      │      │    └ <sqlalchemy.orm.session.Session object at 0x7f6c56d760>
            │                  │    │      │      └ <sqlalchemy.orm.query.Query object at 0x7f6c70e520>
            │                  │    │      └ ~_T
            │                  │    └ <class 'sqlalchemy.engine.result.Result'>
            │                  └ ~_T
            └ typing.Union
  File "/opt/bbms/web_source/web_backend/web-backend/.venv-lnx/lib/python3.8/site-packages/sqlalchemy/orm/session.py", line 2351, in execute
    return self._execute_internal(
           │    └ <function Session._execute_internal at 0x7f81b18f70>
           └ <sqlalchemy.orm.session.Session object at 0x7f6c56d760>
  File "/opt/bbms/web_source/web_backend/web-backend/.venv-lnx/lib/python3.8/site-packages/sqlalchemy/orm/session.py", line 2236, in _execute_internal
    result: Result[Any] = compile_state_cls.orm_execute_statement(
                   │      │                 └ <classmethod object at 0x7f81ca4bb0>
                   │      └ <class 'sqlalchemy.orm.context.ORMSelectCompileState'>
                   └ typing.Any
  File "/opt/bbms/web_source/web_backend/web-backend/.venv-lnx/lib/python3.8/site-packages/sqlalchemy/orm/context.py", line 293, in orm_execute_statement
    result = conn.execute(
             │    └ <function Connection.execute at 0x7f81e95160>
             └ <sqlalchemy.engine.base.Connection object at 0x7f6c541130>
  File "/opt/bbms/web_source/web_backend/web-backend/.venv-lnx/lib/python3.8/site-packages/sqlalchemy/engine/base.py", line 1418, in execute
    return meth(
           └ <bound method ClauseElement._execute_on_connection of <sqlalchemy.sql.selectable.Select object at 0x7f6c541a60>>
  File "/opt/bbms/web_source/web_backend/web-backend/.venv-lnx/lib/python3.8/site-packages/sqlalchemy/sql/elements.py", line 515, in _execute_on_connection
    return connection._execute_clauseelement(
           │          └ <function Connection._execute_clauseelement at 0x7f81e95430>
           └ <sqlalchemy.engine.base.Connection object at 0x7f6c541130>
  File "/opt/bbms/web_source/web_backend/web-backend/.venv-lnx/lib/python3.8/site-packages/sqlalchemy/engine/base.py", line 1640, in _execute_clauseelement
    ret = self._execute_context(
          │    └ <function Connection._execute_context at 0x7f81e955e0>
          └ <sqlalchemy.engine.base.Connection object at 0x7f6c541130>
  File "/opt/bbms/web_source/web_backend/web-backend/.venv-lnx/lib/python3.8/site-packages/sqlalchemy/engine/base.py", line 1846, in _execute_context
    return self._exec_single_context(
           │    └ <function Connection._exec_single_context at 0x7f81e95670>
           └ <sqlalchemy.engine.base.Connection object at 0x7f6c541130>
  File "/opt/bbms/web_source/web_backend/web-backend/.venv-lnx/lib/python3.8/site-packages/sqlalchemy/engine/base.py", line 1986, in _exec_single_context
    self._handle_dbapi_exception(
    │    └ <function Connection._handle_dbapi_exception at 0x7f81e958b0>
    └ <sqlalchemy.engine.base.Connection object at 0x7f6c541130>
  File "/opt/bbms/web_source/web_backend/web-backend/.venv-lnx/lib/python3.8/site-packages/sqlalchemy/engine/base.py", line 2353, in _handle_dbapi_exception
    raise sqlalchemy_exception.with_traceback(exc_info[2]) from e
          │                    │              │                 └ OperationalError('no such table: pcs_soft_version')
          │                    │              └ (<class 'sqlite3.OperationalError'>, OperationalError('no such table: pcs_soft_version'), <traceback object at 0x7f6c6e5bc0>)
          │                    └ <method 'with_traceback' of 'BaseException' objects>
          └ OperationalError('(sqlite3.OperationalError) no such table: pcs_soft_version')
  File "/opt/bbms/web_source/web_backend/web-backend/.venv-lnx/lib/python3.8/site-packages/sqlalchemy/engine/base.py", line 1967, in _exec_single_context
    self.dialect.do_execute(
    │    │       └ <function DefaultDialect.do_execute at 0x7f81dd2550>
    │    └ <sqlalchemy.dialects.sqlite.pysqlite.SQLiteDialect_pysqlite object at 0x7f81a339d0>
    └ <sqlalchemy.engine.base.Connection object at 0x7f6c541130>
  File "/opt/bbms/web_source/web_backend/web-backend/.venv-lnx/lib/python3.8/site-packages/sqlalchemy/engine/default.py", line 924, in do_execute
    cursor.execute(statement, parameters)
    │      │       │          └ ()
    │      │       └ 'SELECT pcs_soft_version.id AS pcs_soft_version_id, pcs_soft_version.name AS pcs_soft_version_name, pcs_soft_version.cpld_ver...
    │      └ <method 'execute' of 'sqlite3.Cursor' objects>
    └ <sqlite3.Cursor object at 0x7f6c740f80>

sqlalchemy.exc.OperationalError: (sqlite3.OperationalError) no such table: pcs_soft_version
[SQL: SELECT pcs_soft_version.id AS pcs_soft_version_id, pcs_soft_version.name AS pcs_soft_version_name, pcs_soft_version.cpld_version AS pcs_soft_version_cpld_version, pcs_soft_version.dsp_cpu1_version AS pcs_soft_version_dsp_cpu1_version, pcs_soft_version.dsp_cpu2_version AS pcs_soft_version_dsp_cpu2_version, pcs_soft_version.pcs_version AS pcs_soft_version_pcs_version 
FROM pcs_soft_version]
(Background on this error at: https://sqlalche.me/e/20/e3q8)
2026-06-05 12:03:52.847 | INFO     | server:lifespan:41 - SCU-FastAPI Starting...
2026-06-05 12:03:52.853 | INFO     | server:lifespan:51 - SCU-FastAPI Started successfully
2026-06-05 12:04:16.033 | INFO     | module_device.controller.history_controller:get_event_data:94 - 获取事件/故障数据成功
2026-06-05 12:04:19.962 | INFO     | server:lifespan:41 - SCU-FastAPI Starting...
2026-06-05 12:04:19.968 | INFO     | server:lifespan:51 - SCU-FastAPI Started successfully
2026-06-05 12:04:46.747 | INFO     | server:lifespan:41 - SCU-FastAPI Starting...
2026-06-05 12:04:46.752 | INFO     | server:lifespan:51 - SCU-FastAPI Started successfully
2026-06-05 12:05:00.087 | INFO     | module_device.controller.history_controller:get_event_data:94 - 获取事件/故障数据成功
2026-06-05 12:05:13.818 | INFO     | server:lifespan:41 - SCU-FastAPI Starting...
2026-06-05 12:05:13.824 | INFO     | server:lifespan:51 - SCU-FastAPI Started successfully
2026-06-05 12:05:42.076 | INFO     | server:lifespan:41 - SCU-FastAPI Starting...
2026-06-05 12:05:42.081 | INFO     | server:lifespan:51 - SCU-FastAPI Started successfully
2026-06-05 12:06:09.704 | INFO     | server:lifespan:41 - SCU-FastAPI Starting...
2026-06-05 12:06:09.709 | INFO     | server:lifespan:51 - SCU-FastAPI Started successfully
2026-06-05 12:06:36.485 | INFO     | server:lifespan:41 - SCU-FastAPI Starting...
2026-06-05 12:06:36.494 | INFO     | server:lifespan:51 - SCU-FastAPI Started successfully
2026-06-05 12:07:03.050 | INFO     | server:lifespan:41 - SCU-FastAPI Starting...
2026-06-05 12:07:03.055 | INFO     | server:lifespan:51 - SCU-FastAPI Started successfully
2026-06-05 12:07:29.921 | INFO     | server:lifespan:41 - SCU-FastAPI Starting...
2026-06-05 12:07:29.930 | INFO     | server:lifespan:51 - SCU-FastAPI Started successfully
2026-06-05 12:07:56.853 | INFO     | server:lifespan:41 - SCU-FastAPI Starting...
2026-06-05 12:07:56.859 | INFO     | server:lifespan:51 - SCU-FastAPI Started successfully
2026-06-05 12:08:25.797 | INFO     | server:lifespan:41 - SCU-FastAPI Starting...
2026-06-05 12:08:25.807 | INFO     | server:lifespan:51 - SCU-FastAPI Started successfully
2026-06-05 12:08:34.617 | INFO     | module_device.controller.topology_controller:get_topology_list:20 - 获取拓扑结构列表成功
2026-06-05 12:08:40.760 | INFO     | module_device.controller.topology_controller:get_topology_list:20 - 获取拓扑结构列表成功
2026-06-05 12:08:52.633 | INFO     | server:lifespan:41 - SCU-FastAPI Starting...
2026-06-05 12:08:52.639 | INFO     | server:lifespan:51 - SCU-FastAPI Started successfully
2026-06-05 12:09:19.757 | INFO     | server:lifespan:41 - SCU-FastAPI Starting...
2026-06-05 12:09:19.762 | INFO     | server:lifespan:51 - SCU-FastAPI Started successfully
2026-06-05 12:09:47.285 | INFO     | server:lifespan:41 - SCU-FastAPI Starting...
2026-06-05 12:09:47.291 | INFO     | server:lifespan:51 - SCU-FastAPI Started successfully
2026-06-05 12:10:13.597 | INFO     | server:lifespan:41 - SCU-FastAPI Starting...
2026-06-05 12:10:13.602 | INFO     | server:lifespan:51 - SCU-FastAPI Started successfully
2026-06-05 12:10:22.851 | INFO     | module_device.controller.history_controller:get_event_data:94 - 获取事件/故障数据成功
2026-06-05 12:10:40.773 | INFO     | server:lifespan:41 - SCU-FastAPI Starting...
2026-06-05 12:10:40.778 | INFO     | server:lifespan:51 - SCU-FastAPI Started successfully
2026-06-05 12:11:07.852 | INFO     | server:lifespan:41 - SCU-FastAPI Starting...
2026-06-05 12:11:07.857 | INFO     | server:lifespan:51 - SCU-FastAPI Started successfully
2026-06-05 12:11:35.804 | INFO     | server:lifespan:41 - SCU-FastAPI Starting...
2026-06-05 12:11:35.809 | INFO     | server:lifespan:51 - SCU-FastAPI Started successfully
2026-06-05 12:12:04.091 | INFO     | server:lifespan:41 - SCU-FastAPI Starting...
2026-06-05 12:12:04.097 | INFO     | server:lifespan:51 - SCU-FastAPI Started successfully
2026-06-05 12:12:30.340 | INFO     | server:lifespan:41 - SCU-FastAPI Starting...
2026-06-05 12:12:30.346 | INFO     | server:lifespan:51 - SCU-FastAPI Started successfully
2026-06-05 12:12:57.564 | INFO     | server:lifespan:41 - SCU-FastAPI Starting...
2026-06-05 12:12:57.569 | INFO     | server:lifespan:51 - SCU-FastAPI Started successfully
2026-06-05 12:13:23.458 | INFO     | server:lifespan:41 - SCU-FastAPI Starting...
2026-06-05 12:13:23.464 | INFO     | server:lifespan:51 - SCU-FastAPI Started successfully
2026-06-05 12:13:51.257 | INFO     | server:lifespan:41 - SCU-FastAPI Starting...
2026-06-05 12:13:51.264 | INFO     | server:lifespan:51 - SCU-FastAPI Started successfully
2026-06-05 12:14:17.433 | INFO     | server:lifespan:41 - SCU-FastAPI Starting...
2026-06-05 12:14:17.439 | INFO     | server:lifespan:51 - SCU-FastAPI Started successfully
2026-06-05 12:14:45.429 | INFO     | server:lifespan:41 - SCU-FastAPI Starting...
2026-06-05 12:14:45.434 | INFO     | server:lifespan:51 - SCU-FastAPI Started successfully
2026-06-05 12:15:12.892 | INFO     | server:lifespan:41 - SCU-FastAPI Starting...
2026-06-05 12:15:12.898 | INFO     | server:lifespan:51 - SCU-FastAPI Started successfully
2026-06-05 12:15:40.015 | INFO     | server:lifespan:41 - SCU-FastAPI Starting...
2026-06-05 12:15:40.023 | INFO     | server:lifespan:51 - SCU-FastAPI Started successfully
2026-06-05 12:16:08.082 | INFO     | server:lifespan:41 - SCU-FastAPI Starting...
2026-06-05 12:16:08.088 | INFO     | server:lifespan:51 - SCU-FastAPI Started successfully
2026-06-05 12:16:34.490 | INFO     | server:lifespan:41 - SCU-FastAPI Starting...
2026-06-05 12:16:34.500 | INFO     | server:lifespan:51 - SCU-FastAPI Started successfully
2026-06-05 12:17:02.201 | INFO     | server:lifespan:41 - SCU-FastAPI Starting...
2026-06-05 12:17:02.207 | INFO     | server:lifespan:51 - SCU-FastAPI Started successfully
2026-06-05 12:17:29.012 | INFO     | server:lifespan:41 - SCU-FastAPI Starting...
2026-06-05 12:17:29.018 | INFO     | server:lifespan:51 - SCU-FastAPI Started successfully
2026-06-05 12:17:55.813 | INFO     | server:lifespan:41 - SCU-FastAPI Starting...
2026-06-05 12:17:55.818 | INFO     | server:lifespan:51 - SCU-FastAPI Started successfully
2026-06-05 12:18:22.982 | INFO     | server:lifespan:41 - SCU-FastAPI Starting...
2026-06-05 12:18:22.988 | INFO     | server:lifespan:51 - SCU-FastAPI Started successfully
2026-06-05 12:18:41.271 | INFO     | module_device.controller.topology_controller:get_topology_list:20 - 获取拓扑结构列表成功
2026-06-05 12:18:44.528 | INFO     | module_device.controller.device_controller:get_device_list:34 - 获取成功
2026-06-05 12:18:48.899 | INFO     | server:lifespan:41 - SCU-FastAPI Starting...
2026-06-05 12:18:48.908 | INFO     | server:lifespan:51 - SCU-FastAPI Started successfully
2026-06-05 12:19:16.068 | INFO     | server:lifespan:41 - SCU-FastAPI Starting...
2026-06-05 12:19:16.073 | INFO     | server:lifespan:51 - SCU-FastAPI Started successfully
2026-06-05 12:19:37.431 | INFO     | module_device.controller.template_controller:get_template_all:62 - 获取成功
2026-06-05 12:19:39.197 | INFO     | module_device.controller.port_controller:get_port_list:40 - 获取成功
2026-06-05 12:19:40.959 | INFO     | module_device.controller.device_controller:add_system_device:66 - Added successfully, device code: 1
2026-06-05 12:19:41.067 | INFO     | module_device.controller.device_controller:get_device_list:34 - 获取成功
2026-06-05 12:19:42.695 | INFO     | server:lifespan:41 - SCU-FastAPI Starting...
2026-06-05 12:19:42.705 | INFO     | server:lifespan:51 - SCU-FastAPI Started successfully
2026-06-05 12:19:44.912 | INFO     | module_device.controller.device_controller:get_device_list:34 - 获取成功
2026-06-05 12:19:45.024 | INFO     | module_device.controller.topology_controller:get_topology_list:20 - 获取拓扑结构列表成功
2026-06-05 12:19:48.468 | INFO     | module_device.controller.device_controller:get_device_list:34 - 获取成功
2026-06-05 12:19:53.093 | INFO     | module_device.controller.topology_controller:add_topology:33 - Added successfully
2026-06-05 12:19:53.187 | INFO     | module_device.controller.device_controller:get_device_list:34 - 获取成功
2026-06-05 12:19:53.257 | INFO     | module_device.controller.topology_controller:get_topology_list:20 - 获取拓扑结构列表成功
2026-06-05 12:19:55.023 | INFO     | module_device.controller.topology_controller:get_topology_list:20 - 获取拓扑结构列表成功
2026-06-05 12:20:10.328 | INFO     | server:lifespan:41 - SCU-FastAPI Starting...
2026-06-05 12:20:10.335 | INFO     | server:lifespan:51 - SCU-FastAPI Started successfully
2026-06-05 12:20:31.608 | INFO     | module_device.controller.topology_controller:get_topology_list:20 - 获取拓扑结构列表成功
2026-06-05 12:20:32.128 | INFO     | module_admin.controller.login_controller:get_login_user_info:71 - 获取成功
2026-06-05 12:20:32.295 | INFO     | module_admin.controller.login_controller:get_login_user_routers:83 - 获取成功
2026-06-05 12:20:32.850 | INFO     | module_device.controller.topology_controller:get_topology_list:20 - 获取拓扑结构列表成功
2026-06-05 12:20:36.923 | INFO     | server:lifespan:41 - SCU-FastAPI Starting...
2026-06-05 12:20:36.928 | INFO     | server:lifespan:51 - SCU-FastAPI Started successfully
2026-06-05 12:21:03.923 | INFO     | server:lifespan:41 - SCU-FastAPI Starting...
2026-06-05 12:21:03.929 | INFO     | server:lifespan:51 - SCU-FastAPI Started successfully
2026-06-05 12:21:29.982 | INFO     | server:lifespan:41 - SCU-FastAPI Starting...
2026-06-05 12:21:29.994 | INFO     | server:lifespan:51 - SCU-FastAPI Started successfully
2026-06-05 12:21:56.849 | INFO     | server:lifespan:41 - SCU-FastAPI Starting...
2026-06-05 12:21:56.855 | INFO     | server:lifespan:51 - SCU-FastAPI Started successfully
2026-06-05 12:22:23.881 | INFO     | server:lifespan:41 - SCU-FastAPI Starting...
2026-06-05 12:22:23.891 | INFO     | server:lifespan:51 - SCU-FastAPI Started successfully
2026-06-05 12:22:50.320 | INFO     | server:lifespan:41 - SCU-FastAPI Starting...
2026-06-05 12:22:50.325 | INFO     | server:lifespan:51 - SCU-FastAPI Started successfully
2026-06-05 12:23:17.126 | INFO     | server:lifespan:41 - SCU-FastAPI Starting...
2026-06-05 12:23:17.133 | INFO     | server:lifespan:51 - SCU-FastAPI Started successfully
2026-06-05 12:23:43.358 | INFO     | server:lifespan:41 - SCU-FastAPI Starting...
2026-06-05 12:23:43.364 | INFO     | server:lifespan:51 - SCU-FastAPI Started successfully
2026-06-05 12:24:11.668 | INFO     | server:lifespan:41 - SCU-FastAPI Starting...
2026-06-05 12:24:11.674 | INFO     | server:lifespan:51 - SCU-FastAPI Started successfully
2026-06-05 12:24:37.908 | INFO     | server:lifespan:41 - SCU-FastAPI Starting...
2026-06-05 12:24:37.914 | INFO     | server:lifespan:51 - SCU-FastAPI Started successfully
2026-06-05 12:25:05.276 | INFO     | server:lifespan:41 - SCU-FastAPI Starting...
2026-06-05 12:25:05.281 | INFO     | server:lifespan:51 - SCU-FastAPI Started successfully
2026-06-05 12:25:32.525 | INFO     | server:lifespan:41 - SCU-FastAPI Starting...
2026-06-05 12:25:32.535 | INFO     | server:lifespan:51 - SCU-FastAPI Started successfully
2026-06-05 12:25:59.094 | INFO     | server:lifespan:41 - SCU-FastAPI Starting...
2026-06-05 12:25:59.100 | INFO     | server:lifespan:51 - SCU-FastAPI Started successfully
2026-06-05 12:26:26.307 | INFO     | server:lifespan:41 - SCU-FastAPI Starting...
2026-06-05 12:26:26.313 | INFO     | server:lifespan:51 - SCU-FastAPI Started successfully
2026-06-05 12:26:52.625 | INFO     | server:lifespan:41 - SCU-FastAPI Starting...
2026-06-05 12:26:52.632 | INFO     | server:lifespan:51 - SCU-FastAPI Started successfully
2026-06-05 12:27:20.440 | INFO     | server:lifespan:41 - SCU-FastAPI Starting...
2026-06-05 12:27:20.445 | INFO     | server:lifespan:51 - SCU-FastAPI Started successfully
2026-06-05 12:27:46.180 | INFO     | server:lifespan:41 - SCU-FastAPI Starting...
2026-06-05 12:27:46.189 | INFO     | server:lifespan:51 - SCU-FastAPI Started successfully
2026-06-05 12:28:12.867 | INFO     | server:lifespan:41 - SCU-FastAPI Starting...
2026-06-05 12:28:12.872 | INFO     | server:lifespan:51 - SCU-FastAPI Started successfully
2026-06-05 12:28:38.842 | INFO     | server:lifespan:41 - SCU-FastAPI Starting...
2026-06-05 12:28:38.847 | INFO     | server:lifespan:51 - SCU-FastAPI Started successfully
2026-06-05 12:29:05.969 | INFO     | server:lifespan:41 - SCU-FastAPI Starting...
2026-06-05 12:29:05.974 | INFO     | server:lifespan:51 - SCU-FastAPI Started successfully
2026-06-05 12:29:32.607 | INFO     | server:lifespan:41 - SCU-FastAPI Starting...
2026-06-05 12:29:32.614 | INFO     | server:lifespan:51 - SCU-FastAPI Started successfully
2026-06-05 12:29:59.646 | INFO     | server:lifespan:41 - SCU-FastAPI Starting...
2026-06-05 12:29:59.651 | INFO     | server:lifespan:51 - SCU-FastAPI Started successfully
2026-06-05 12:30:26.907 | INFO     | server:lifespan:41 - SCU-FastAPI Starting...
2026-06-05 12:30:26.917 | INFO     | server:lifespan:51 - SCU-FastAPI Started successfully
2026-06-05 12:30:53.827 | INFO     | server:lifespan:41 - SCU-FastAPI Starting...
2026-06-05 12:30:53.834 | INFO     | server:lifespan:51 - SCU-FastAPI Started successfully
2026-06-05 12:31:20.157 | INFO     | server:lifespan:41 - SCU-FastAPI Starting...
2026-06-05 12:31:20.163 | INFO     | server:lifespan:51 - SCU-FastAPI Started successfully
2026-06-05 12:31:46.442 | INFO     | server:lifespan:41 - SCU-FastAPI Starting...
2026-06-05 12:31:46.448 | INFO     | server:lifespan:51 - SCU-FastAPI Started successfully
2026-06-05 12:32:13.526 | INFO     | server:lifespan:41 - SCU-FastAPI Starting...
2026-06-05 12:32:13.532 | INFO     | server:lifespan:51 - SCU-FastAPI Started successfully
2026-06-05 12:32:40.414 | INFO     | server:lifespan:41 - SCU-FastAPI Starting...
2026-06-05 12:32:40.420 | INFO     | server:lifespan:51 - SCU-FastAPI Started successfully
2026-06-05 12:33:07.156 | INFO     | server:lifespan:41 - SCU-FastAPI Starting...
2026-06-05 12:33:07.161 | INFO     | server:lifespan:51 - SCU-FastAPI Started successfully
2026-06-05 12:33:34.239 | INFO     | server:lifespan:41 - SCU-FastAPI Starting...
2026-06-05 12:33:34.248 | INFO     | server:lifespan:51 - SCU-FastAPI Started successfully
2026-06-05 12:34:01.199 | INFO     | server:lifespan:41 - SCU-FastAPI Starting...
2026-06-05 12:34:01.205 | INFO     | server:lifespan:51 - SCU-FastAPI Started successfully
2026-06-05 12:34:27.636 | INFO     | server:lifespan:41 - SCU-FastAPI Starting...
2026-06-05 12:34:27.641 | INFO     | server:lifespan:51 - SCU-FastAPI Started successfully
2026-06-05 12:34:54.374 | INFO     | server:lifespan:41 - SCU-FastAPI Starting...
2026-06-05 12:34:54.380 | INFO     | server:lifespan:51 - SCU-FastAPI Started successfully
2026-06-05 12:35:21.822 | INFO     | server:lifespan:41 - SCU-FastAPI Starting...
2026-06-05 12:35:21.832 | INFO     | server:lifespan:51 - SCU-FastAPI Started successfully
2026-06-05 12:35:49.820 | INFO     | server:lifespan:41 - SCU-FastAPI Starting...
2026-06-05 12:35:49.830 | INFO     | server:lifespan:51 - SCU-FastAPI Started successfully
2026-06-05 12:36:16.553 | INFO     | server:lifespan:41 - SCU-FastAPI Starting...
2026-06-05 12:36:16.558 | INFO     | server:lifespan:51 - SCU-FastAPI Started successfully
2026-06-05 12:36:43.093 | INFO     | server:lifespan:41 - SCU-FastAPI Starting...
2026-06-05 12:36:43.100 | INFO     | server:lifespan:51 - SCU-FastAPI Started successfully
2026-06-05 12:37:10.587 | INFO     | server:lifespan:41 - SCU-FastAPI Starting...
2026-06-05 12:37:10.593 | INFO     | server:lifespan:51 - SCU-FastAPI Started successfully
2026-06-05 12:37:38.119 | INFO     | server:lifespan:41 - SCU-FastAPI Starting...
2026-06-05 12:37:38.125 | INFO     | server:lifespan:51 - SCU-FastAPI Started successfully
2026-06-05 12:38:04.762 | INFO     | server:lifespan:41 - SCU-FastAPI Starting...
2026-06-05 12:38:04.768 | INFO     | server:lifespan:51 - SCU-FastAPI Started successfully
2026-06-05 12:38:32.022 | INFO     | server:lifespan:41 - SCU-FastAPI Starting...
2026-06-05 12:38:32.027 | INFO     | server:lifespan:51 - SCU-FastAPI Started successfully
2026-06-05 12:38:58.635 | INFO     | server:lifespan:41 - SCU-FastAPI Starting...
2026-06-05 12:38:58.641 | INFO     | server:lifespan:51 - SCU-FastAPI Started successfully
2026-06-05 12:39:25.675 | INFO     | server:lifespan:41 - SCU-FastAPI Starting...
2026-06-05 12:39:25.680 | INFO     | server:lifespan:51 - SCU-FastAPI Started successfully
2026-06-05 12:39:53.401 | INFO     | server:lifespan:41 - SCU-FastAPI Starting...
2026-06-05 12:39:53.407 | INFO     | server:lifespan:51 - SCU-FastAPI Started successfully
2026-06-05 12:40:20.611 | INFO     | server:lifespan:41 - SCU-FastAPI Starting...
2026-06-05 12:40:20.617 | INFO     | server:lifespan:51 - SCU-FastAPI Started successfully
2026-06-05 12:40:47.781 | INFO     | server:lifespan:41 - SCU-FastAPI Starting...
2026-06-05 12:40:47.787 | INFO     | server:lifespan:51 - SCU-FastAPI Started successfully
2026-06-05 12:41:14.370 | INFO     | server:lifespan:41 - SCU-FastAPI Starting...
2026-06-05 12:41:14.376 | INFO     | server:lifespan:51 - SCU-FastAPI Started successfully
2026-06-05 12:41:41.400 | INFO     | server:lifespan:41 - SCU-FastAPI Starting...
2026-06-05 12:41:41.405 | INFO     | server:lifespan:51 - SCU-FastAPI Started successfully
2026-06-05 12:42:08.027 | INFO     | server:lifespan:41 - SCU-FastAPI Starting...
2026-06-05 12:42:08.033 | INFO     | server:lifespan:51 - SCU-FastAPI Started successfully
2026-06-05 12:42:34.734 | INFO     | server:lifespan:41 - SCU-FastAPI Starting...
2026-06-05 12:42:34.740 | INFO     | server:lifespan:51 - SCU-FastAPI Started successfully
2026-06-05 12:43:01.453 | INFO     | server:lifespan:41 - SCU-FastAPI Starting...
2026-06-05 12:43:01.459 | INFO     | server:lifespan:51 - SCU-FastAPI Started successfully
2026-06-05 12:43:27.211 | INFO     | server:lifespan:41 - SCU-FastAPI Starting...
2026-06-05 12:43:27.217 | INFO     | server:lifespan:51 - SCU-FastAPI Started successfully
2026-06-05 12:43:54.296 | INFO     | server:lifespan:41 - SCU-FastAPI Starting...
2026-06-05 12:43:54.302 | INFO     | server:lifespan:51 - SCU-FastAPI Started successfully
2026-06-05 12:44:22.842 | INFO     | server:lifespan:41 - SCU-FastAPI Starting...
2026-06-05 12:44:22.847 | INFO     | server:lifespan:51 - SCU-FastAPI Started successfully
2026-06-05 12:44:49.703 | INFO     | server:lifespan:41 - SCU-FastAPI Starting...
2026-06-05 12:44:49.709 | INFO     | server:lifespan:51 - SCU-FastAPI Started successfully
2026-06-05 12:45:17.171 | INFO     | server:lifespan:41 - SCU-FastAPI Starting...
2026-06-05 12:45:17.181 | INFO     | server:lifespan:51 - SCU-FastAPI Started successfully
2026-06-05 12:45:44.304 | INFO     | server:lifespan:41 - SCU-FastAPI Starting...
2026-06-05 12:45:44.310 | INFO     | server:lifespan:51 - SCU-FastAPI Started successfully
2026-06-05 12:46:12.016 | INFO     | server:lifespan:41 - SCU-FastAPI Starting...
2026-06-05 12:46:12.027 | INFO     | server:lifespan:51 - SCU-FastAPI Started successfully
2026-06-05 12:46:38.561 | INFO     | server:lifespan:41 - SCU-FastAPI Starting...
2026-06-05 12:46:38.566 | INFO     | server:lifespan:51 - SCU-FastAPI Started successfully
2026-06-05 12:47:05.353 | INFO     | server:lifespan:41 - SCU-FastAPI Starting...
2026-06-05 12:47:05.359 | INFO     | server:lifespan:51 - SCU-FastAPI Started successfully
2026-06-05 12:47:31.889 | INFO     | server:lifespan:41 - SCU-FastAPI Starting...
2026-06-05 12:47:31.895 | INFO     | server:lifespan:51 - SCU-FastAPI Started successfully
2026-06-05 12:47:59.031 | INFO     | server:lifespan:41 - SCU-FastAPI Starting...
2026-06-05 12:47:59.037 | INFO     | server:lifespan:51 - SCU-FastAPI Started successfully
2026-06-05 12:48:26.093 | INFO     | server:lifespan:41 - SCU-FastAPI Starting...
2026-06-05 12:48:26.100 | INFO     | server:lifespan:51 - SCU-FastAPI Started successfully
2026-06-05 12:48:52.865 | INFO     | server:lifespan:41 - SCU-FastAPI Starting...
2026-06-05 12:48:52.870 | INFO     | server:lifespan:51 - SCU-FastAPI Started successfully
2026-06-05 12:49:19.785 | INFO     | server:lifespan:41 - SCU-FastAPI Starting...
2026-06-05 12:49:19.791 | INFO     | server:lifespan:51 - SCU-FastAPI Started successfully
2026-06-05 12:49:47.494 | INFO     | server:lifespan:41 - SCU-FastAPI Starting...
2026-06-05 12:49:47.501 | INFO     | server:lifespan:51 - SCU-FastAPI Started successfully
2026-06-05 12:50:14.104 | INFO     | server:lifespan:41 - SCU-FastAPI Starting...
2026-06-05 12:50:14.110 | INFO     | server:lifespan:51 - SCU-FastAPI Started successfully
2026-06-05 12:50:40.980 | INFO     | server:lifespan:41 - SCU-FastAPI Starting...
2026-06-05 12:50:40.986 | INFO     | server:lifespan:51 - SCU-FastAPI Started successfully
2026-06-05 12:51:07.687 | INFO     | server:lifespan:41 - SCU-FastAPI Starting...
2026-06-05 12:51:07.692 | INFO     | server:lifespan:51 - SCU-FastAPI Started successfully
2026-06-05 12:51:34.231 | INFO     | server:lifespan:41 - SCU-FastAPI Starting...
2026-06-05 12:51:34.237 | INFO     | server:lifespan:51 - SCU-FastAPI Started successfully
2026-06-05 12:52:01.649 | INFO     | server:lifespan:41 - SCU-FastAPI Starting...
2026-06-05 12:52:01.654 | INFO     | server:lifespan:51 - SCU-FastAPI Started successfully
2026-06-05 12:52:29.038 | INFO     | server:lifespan:41 - SCU-FastAPI Starting...
2026-06-05 12:52:29.048 | INFO     | server:lifespan:51 - SCU-FastAPI Started successfully
2026-06-05 12:52:54.749 | INFO     | server:lifespan:41 - SCU-FastAPI Starting...
2026-06-05 12:52:54.755 | INFO     | server:lifespan:51 - SCU-FastAPI Started successfully
2026-06-05 12:53:21.935 | INFO     | server:lifespan:41 - SCU-FastAPI Starting...
2026-06-05 12:53:21.940 | INFO     | server:lifespan:51 - SCU-FastAPI Started successfully
2026-06-05 12:53:49.620 | INFO     | server:lifespan:41 - SCU-FastAPI Starting...
2026-06-05 12:53:49.626 | INFO     | server:lifespan:51 - SCU-FastAPI Started successfully
2026-06-05 12:54:16.052 | INFO     | server:lifespan:41 - SCU-FastAPI Starting...
2026-06-05 12:54:16.057 | INFO     | server:lifespan:51 - SCU-FastAPI Started successfully
2026-06-05 12:54:44.159 | INFO     | server:lifespan:41 - SCU-FastAPI Starting...
2026-06-05 12:54:44.166 | INFO     | server:lifespan:51 - SCU-FastAPI Started successfully
2026-06-05 12:55:10.476 | INFO     | server:lifespan:41 - SCU-FastAPI Starting...
2026-06-05 12:55:10.481 | INFO     | server:lifespan:51 - SCU-FastAPI Started successfully
2026-06-05 12:55:37.192 | INFO     | server:lifespan:41 - SCU-FastAPI Starting...
2026-06-05 12:55:37.197 | INFO     | server:lifespan:51 - SCU-FastAPI Started successfully
2026-06-05 12:56:04.845 | INFO     | server:lifespan:41 - SCU-FastAPI Starting...
2026-06-05 12:56:04.850 | INFO     | server:lifespan:51 - SCU-FastAPI Started successfully
2026-06-05 12:56:32.278 | INFO     | server:lifespan:41 - SCU-FastAPI Starting...
2026-06-05 12:56:32.284 | INFO     | server:lifespan:51 - SCU-FastAPI Started successfully
2026-06-05 12:56:59.071 | INFO     | server:lifespan:41 - SCU-FastAPI Starting...
2026-06-05 12:56:59.077 | INFO     | server:lifespan:51 - SCU-FastAPI Started successfully
2026-06-05 12:57:26.599 | INFO     | server:lifespan:41 - SCU-FastAPI Starting...
2026-06-05 12:57:26.605 | INFO     | server:lifespan:51 - SCU-FastAPI Started successfully
2026-06-05 12:57:53.097 | INFO     | server:lifespan:41 - SCU-FastAPI Starting...
2026-06-05 12:57:53.102 | INFO     | server:lifespan:51 - SCU-FastAPI Started successfully
2026-06-05 12:58:19.843 | INFO     | server:lifespan:41 - SCU-FastAPI Starting...
2026-06-05 12:58:19.848 | INFO     | server:lifespan:51 - SCU-FastAPI Started successfully
2026-06-05 12:58:48.461 | INFO     | server:lifespan:41 - SCU-FastAPI Starting...
2026-06-05 12:58:48.471 | INFO     | server:lifespan:51 - SCU-FastAPI Started successfully
2026-06-05 12:59:14.513 | INFO     | server:lifespan:41 - SCU-FastAPI Starting...
2026-06-05 12:59:14.518 | INFO     | server:lifespan:51 - SCU-FastAPI Started successfully
2026-06-05 12:59:42.526 | INFO     | server:lifespan:41 - SCU-FastAPI Starting...
2026-06-05 12:59:42.532 | INFO     | server:lifespan:51 - SCU-FastAPI Started successfully
2026-06-05 13:00:10.313 | INFO     | server:lifespan:41 - SCU-FastAPI Starting...
2026-06-05 13:00:10.320 | INFO     | server:lifespan:51 - SCU-FastAPI Started successfully
2026-06-05 13:00:36.060 | INFO     | server:lifespan:41 - SCU-FastAPI Starting...
2026-06-05 13:00:36.067 | INFO     | server:lifespan:51 - SCU-FastAPI Started successfully
2026-06-05 13:01:02.745 | INFO     | server:lifespan:41 - SCU-FastAPI Starting...
2026-06-05 13:01:02.751 | INFO     | server:lifespan:51 - SCU-FastAPI Started successfully
2026-06-05 13:01:30.496 | INFO     | server:lifespan:41 - SCU-FastAPI Starting...
2026-06-05 13:01:30.501 | INFO     | server:lifespan:51 - SCU-FastAPI Started successfully
2026-06-05 13:01:58.878 | INFO     | server:lifespan:41 - SCU-FastAPI Starting...
2026-06-05 13:01:58.888 | INFO     | server:lifespan:51 - SCU-FastAPI Started successfully
2026-06-05 13:02:25.489 | INFO     | server:lifespan:41 - SCU-FastAPI Starting...
2026-06-05 13:02:25.494 | INFO     | server:lifespan:51 - SCU-FastAPI Started successfully
2026-06-05 13:02:51.338 | INFO     | server:lifespan:41 - SCU-FastAPI Starting...
2026-06-05 13:02:51.348 | INFO     | server:lifespan:51 - SCU-FastAPI Started successfully
2026-06-05 13:03:18.446 | INFO     | server:lifespan:41 - SCU-FastAPI Starting...
2026-06-05 13:03:18.456 | INFO     | server:lifespan:51 - SCU-FastAPI Started successfully
2026-06-05 13:03:46.361 | INFO     | server:lifespan:41 - SCU-FastAPI Starting...
2026-06-05 13:03:46.367 | INFO     | server:lifespan:51 - SCU-FastAPI Started successfully
2026-06-05 13:04:13.175 | INFO     | server:lifespan:41 - SCU-FastAPI Starting...
2026-06-05 13:04:13.184 | INFO     | server:lifespan:51 - SCU-FastAPI Started successfully
2026-06-05 13:04:39.419 | INFO     | server:lifespan:41 - SCU-FastAPI Starting...
2026-06-05 13:04:39.425 | INFO     | server:lifespan:51 - SCU-FastAPI Started successfully
2026-06-05 13:05:07.186 | INFO     | server:lifespan:41 - SCU-FastAPI Starting...
2026-06-05 13:05:07.195 | INFO     | server:lifespan:51 - SCU-FastAPI Started successfully
2026-06-05 13:05:33.970 | INFO     | server:lifespan:41 - SCU-FastAPI Starting...
2026-06-05 13:05:33.976 | INFO     | server:lifespan:51 - SCU-FastAPI Started successfully
2026-06-05 13:06:01.132 | INFO     | server:lifespan:41 - SCU-FastAPI Starting...
2026-06-05 13:06:01.137 | INFO     | server:lifespan:51 - SCU-FastAPI Started successfully
2026-06-05 13:06:27.986 | INFO     | server:lifespan:41 - SCU-FastAPI Starting...
2026-06-05 13:06:27.991 | INFO     | server:lifespan:51 - SCU-FastAPI Started successfully
2026-06-05 13:06:53.979 | INFO     | server:lifespan:41 - SCU-FastAPI Starting...
2026-06-05 13:06:53.985 | INFO     | server:lifespan:51 - SCU-FastAPI Started successfully
2026-06-05 13:07:22.589 | INFO     | server:lifespan:41 - SCU-FastAPI Starting...
2026-06-05 13:07:22.599 | INFO     | server:lifespan:51 - SCU-FastAPI Started successfully
2026-06-05 13:07:49.607 | INFO     | server:lifespan:41 - SCU-FastAPI Starting...
2026-06-05 13:07:49.615 | INFO     | server:lifespan:51 - SCU-FastAPI Started successfully
2026-06-05 13:08:17.517 | INFO     | server:lifespan:41 - SCU-FastAPI Starting...
2026-06-05 13:08:17.523 | INFO     | server:lifespan:51 - SCU-FastAPI Started successfully
2026-06-05 13:08:44.306 | INFO     | server:lifespan:41 - SCU-FastAPI Starting...
2026-06-05 13:08:44.316 | INFO     | server:lifespan:51 - SCU-FastAPI Started successfully
2026-06-05 13:09:10.880 | INFO     | server:lifespan:41 - SCU-FastAPI Starting...
2026-06-05 13:09:10.886 | INFO     | server:lifespan:51 - SCU-FastAPI Started successfully
2026-06-05 13:09:36.838 | INFO     | server:lifespan:41 - SCU-FastAPI Starting...
2026-06-05 13:09:36.844 | INFO     | server:lifespan:51 - SCU-FastAPI Started successfully
2026-06-05 13:10:03.429 | INFO     | server:lifespan:41 - SCU-FastAPI Starting...
2026-06-05 13:10:03.435 | INFO     | server:lifespan:51 - SCU-FastAPI Started successfully
2026-06-05 13:10:30.049 | INFO     | server:lifespan:41 - SCU-FastAPI Starting...
2026-06-05 13:10:30.055 | INFO     | server:lifespan:51 - SCU-FastAPI Started successfully
2026-06-05 13:10:56.017 | INFO     | server:lifespan:41 - SCU-FastAPI Starting...
2026-06-05 13:10:56.026 | INFO     | server:lifespan:51 - SCU-FastAPI Started successfully
2026-06-05 13:11:22.655 | INFO     | server:lifespan:41 - SCU-FastAPI Starting...
2026-06-05 13:11:22.661 | INFO     | server:lifespan:51 - SCU-FastAPI Started successfully
2026-06-05 13:11:49.578 | INFO     | server:lifespan:41 - SCU-FastAPI Starting...
2026-06-05 13:11:49.583 | INFO     | server:lifespan:51 - SCU-FastAPI Started successfully
2026-06-05 13:12:16.522 | INFO     | server:lifespan:41 - SCU-FastAPI Starting...
2026-06-05 13:12:16.528 | INFO     | server:lifespan:51 - SCU-FastAPI Started successfully
2026-06-05 13:12:43.910 | INFO     | server:lifespan:41 - SCU-FastAPI Starting...
2026-06-05 13:12:43.916 | INFO     | server:lifespan:51 - SCU-FastAPI Started successfully
2026-06-05 13:13:10.265 | INFO     | server:lifespan:41 - SCU-FastAPI Starting...
2026-06-05 13:13:10.271 | INFO     | server:lifespan:51 - SCU-FastAPI Started successfully
2026-06-05 13:13:38.052 | INFO     | server:lifespan:41 - SCU-FastAPI Starting...
2026-06-05 13:13:38.062 | INFO     | server:lifespan:51 - SCU-FastAPI Started successfully
2026-06-05 13:14:05.983 | INFO     | server:lifespan:41 - SCU-FastAPI Starting...
2026-06-05 13:14:05.989 | INFO     | server:lifespan:51 - SCU-FastAPI Started successfully
2026-06-05 13:14:33.610 | INFO     | server:lifespan:41 - SCU-FastAPI Starting...
2026-06-05 13:14:33.620 | INFO     | server:lifespan:51 - SCU-FastAPI Started successfully
2026-06-05 13:15:00.335 | INFO     | server:lifespan:41 - SCU-FastAPI Starting...
2026-06-05 13:15:00.341 | INFO     | server:lifespan:51 - SCU-FastAPI Started successfully
2026-06-05 13:15:27.961 | INFO     | server:lifespan:41 - SCU-FastAPI Starting...
2026-06-05 13:15:27.967 | INFO     | server:lifespan:51 - SCU-FastAPI Started successfully
2026-06-05 13:15:54.097 | INFO     | server:lifespan:41 - SCU-FastAPI Starting...
2026-06-05 13:15:54.102 | INFO     | server:lifespan:51 - SCU-FastAPI Started successfully
2026-06-05 13:16:20.278 | INFO     | server:lifespan:41 - SCU-FastAPI Starting...
2026-06-05 13:16:20.283 | INFO     | server:lifespan:51 - SCU-FastAPI Started successfully
2026-06-05 13:16:47.372 | INFO     | server:lifespan:41 - SCU-FastAPI Starting...
2026-06-05 13:16:47.382 | INFO     | server:lifespan:51 - SCU-FastAPI Started successfully
2026-06-05 13:17:13.973 | INFO     | server:lifespan:41 - SCU-FastAPI Starting...
2026-06-05 13:17:13.979 | INFO     | server:lifespan:51 - SCU-FastAPI Started successfully
2026-06-05 13:17:42.457 | INFO     | server:lifespan:41 - SCU-FastAPI Starting...
2026-06-05 13:17:42.467 | INFO     | server:lifespan:51 - SCU-FastAPI Started successfully
2026-06-05 13:18:08.806 | INFO     | server:lifespan:41 - SCU-FastAPI Starting...
2026-06-05 13:18:08.812 | INFO     | server:lifespan:51 - SCU-FastAPI Started successfully
2026-06-05 13:18:34.883 | INFO     | server:lifespan:41 - SCU-FastAPI Starting...
2026-06-05 13:18:34.889 | INFO     | server:lifespan:51 - SCU-FastAPI Started successfully
2026-06-05 13:19:01.363 | INFO     | server:lifespan:41 - SCU-FastAPI Starting...
2026-06-05 13:19:01.369 | INFO     | server:lifespan:51 - SCU-FastAPI Started successfully
2026-06-05 13:19:28.995 | INFO     | server:lifespan:41 - SCU-FastAPI Starting...
2026-06-05 13:19:29.000 | INFO     | server:lifespan:51 - SCU-FastAPI Started successfully
2026-06-05 13:19:56.195 | INFO     | server:lifespan:41 - SCU-FastAPI Starting...
2026-06-05 13:19:56.200 | INFO     | server:lifespan:51 - SCU-FastAPI Started successfully
2026-06-05 13:20:23.095 | INFO     | server:lifespan:41 - SCU-FastAPI Starting...
2026-06-05 13:20:23.101 | INFO     | server:lifespan:51 - SCU-FastAPI Started successfully
2026-06-05 13:20:50.931 | INFO     | server:lifespan:41 - SCU-FastAPI Starting...
2026-06-05 13:20:50.938 | INFO     | server:lifespan:51 - SCU-FastAPI Started successfully
2026-06-05 13:21:17.502 | INFO     | server:lifespan:41 - SCU-FastAPI Starting...
2026-06-05 13:21:17.508 | INFO     | server:lifespan:51 - SCU-FastAPI Started successfully
2026-06-05 13:21:44.866 | INFO     | server:lifespan:41 - SCU-FastAPI Starting...
2026-06-05 13:21:44.872 | INFO     | server:lifespan:51 - SCU-FastAPI Started successfully
2026-06-05 13:22:11.557 | INFO     | server:lifespan:41 - SCU-FastAPI Starting...
2026-06-05 13:22:11.563 | INFO     | server:lifespan:51 - SCU-FastAPI Started successfully
2026-06-05 13:22:38.363 | INFO     | server:lifespan:41 - SCU-FastAPI Starting...
2026-06-05 13:22:38.368 | INFO     | server:lifespan:51 - SCU-FastAPI Started successfully
2026-06-05 13:23:05.298 | INFO     | server:lifespan:41 - SCU-FastAPI Starting...
2026-06-05 13:23:05.304 | INFO     | server:lifespan:51 - SCU-FastAPI Started successfully
2026-06-05 13:23:32.193 | INFO     | server:lifespan:41 - SCU-FastAPI Starting...
2026-06-05 13:23:32.198 | INFO     | server:lifespan:51 - SCU-FastAPI Started successfully
2026-06-05 13:23:59.109 | INFO     | server:lifespan:41 - SCU-FastAPI Starting...
2026-06-05 13:23:59.115 | INFO     | server:lifespan:51 - SCU-FastAPI Started successfully
2026-06-05 13:24:26.433 | INFO     | server:lifespan:41 - SCU-FastAPI Starting...
2026-06-05 13:24:26.439 | INFO     | server:lifespan:51 - SCU-FastAPI Started successfully
2026-06-05 13:24:53.219 | INFO     | server:lifespan:41 - SCU-FastAPI Starting...
2026-06-05 13:24:53.225 | INFO     | server:lifespan:51 - SCU-FastAPI Started successfully
2026-06-05 13:25:20.161 | INFO     | server:lifespan:41 - SCU-FastAPI Starting...
2026-06-05 13:25:20.166 | INFO     | server:lifespan:51 - SCU-FastAPI Started successfully
2026-06-05 13:25:47.246 | INFO     | server:lifespan:41 - SCU-FastAPI Starting...
2026-06-05 13:25:47.251 | INFO     | server:lifespan:51 - SCU-FastAPI Started successfully
2026-06-05 13:26:13.757 | INFO     | server:lifespan:41 - SCU-FastAPI Starting...
2026-06-05 13:26:13.763 | INFO     | server:lifespan:51 - SCU-FastAPI Started successfully
2026-06-05 13:26:40.613 | INFO     | server:lifespan:41 - SCU-FastAPI Starting...
2026-06-05 13:26:40.620 | INFO     | server:lifespan:51 - SCU-FastAPI Started successfully
2026-06-05 13:27:07.614 | INFO     | server:lifespan:41 - SCU-FastAPI Starting...
2026-06-05 13:27:07.620 | INFO     | server:lifespan:51 - SCU-FastAPI Started successfully
2026-06-05 13:27:34.073 | INFO     | server:lifespan:41 - SCU-FastAPI Starting...
2026-06-05 13:27:34.079 | INFO     | server:lifespan:51 - SCU-FastAPI Started successfully
2026-06-05 13:28:00.969 | INFO     | server:lifespan:41 - SCU-FastAPI Starting...
2026-06-05 13:28:00.976 | INFO     | server:lifespan:51 - SCU-FastAPI Started successfully
2026-06-05 13:28:29.422 | INFO     | server:lifespan:41 - SCU-FastAPI Starting...
2026-06-05 13:28:29.428 | INFO     | server:lifespan:51 - SCU-FastAPI Started successfully
2026-06-05 13:28:56.329 | INFO     | server:lifespan:41 - SCU-FastAPI Starting...
2026-06-05 13:28:56.334 | INFO     | server:lifespan:51 - SCU-FastAPI Started successfully
2026-06-05 13:29:23.550 | INFO     | server:lifespan:41 - SCU-FastAPI Starting...
2026-06-05 13:29:23.560 | INFO     | server:lifespan:51 - SCU-FastAPI Started successfully
2026-06-05 13:29:51.517 | INFO     | server:lifespan:41 - SCU-FastAPI Starting...
2026-06-05 13:29:51.523 | INFO     | server:lifespan:51 - SCU-FastAPI Started successfully
2026-06-05 13:30:18.350 | INFO     | server:lifespan:41 - SCU-FastAPI Starting...
2026-06-05 13:30:18.355 | INFO     | server:lifespan:51 - SCU-FastAPI Started successfully
2026-06-05 13:30:44.525 | INFO     | server:lifespan:41 - SCU-FastAPI Starting...
2026-06-05 13:30:44.530 | INFO     | server:lifespan:51 - SCU-FastAPI Started successfully
2026-06-05 13:31:11.226 | INFO     | server:lifespan:41 - SCU-FastAPI Starting...
2026-06-05 13:31:11.231 | INFO     | server:lifespan:51 - SCU-FastAPI Started successfully
2026-06-05 13:31:38.142 | INFO     | server:lifespan:41 - SCU-FastAPI Starting...
2026-06-05 13:31:38.148 | INFO     | server:lifespan:51 - SCU-FastAPI Started successfully
2026-06-05 13:32:04.934 | INFO     | server:lifespan:41 - SCU-FastAPI Starting...
2026-06-05 13:32:04.941 | INFO     | server:lifespan:51 - SCU-FastAPI Started successfully
2026-06-05 13:32:32.270 | INFO     | server:lifespan:41 - SCU-FastAPI Starting...
2026-06-05 13:32:32.277 | INFO     | server:lifespan:51 - SCU-FastAPI Started successfully
2026-06-05 13:32:59.308 | INFO     | server:lifespan:41 - SCU-FastAPI Starting...
2026-06-05 13:32:59.315 | INFO     | server:lifespan:51 - SCU-FastAPI Started successfully
2026-06-05 13:33:27.442 | INFO     | server:lifespan:41 - SCU-FastAPI Starting...
2026-06-05 13:33:27.449 | INFO     | server:lifespan:51 - SCU-FastAPI Started successfully
2026-06-05 13:33:53.994 | INFO     | server:lifespan:41 - SCU-FastAPI Starting...
2026-06-05 13:33:53.999 | INFO     | server:lifespan:51 - SCU-FastAPI Started successfully
2026-06-05 13:34:20.520 | INFO     | server:lifespan:41 - SCU-FastAPI Starting...
2026-06-05 13:34:20.525 | INFO     | server:lifespan:51 - SCU-FastAPI Started successfully
2026-06-05 13:34:47.248 | INFO     | server:lifespan:41 - SCU-FastAPI Starting...
2026-06-05 13:34:47.254 | INFO     | server:lifespan:51 - SCU-FastAPI Started successfully
2026-06-05 13:35:14.396 | INFO     | server:lifespan:41 - SCU-FastAPI Starting...
2026-06-05 13:35:14.401 | INFO     | server:lifespan:51 - SCU-FastAPI Started successfully
2026-06-05 13:35:41.256 | INFO     | server:lifespan:41 - SCU-FastAPI Starting...
2026-06-05 13:35:41.261 | INFO     | server:lifespan:51 - SCU-FastAPI Started successfully
2026-06-05 13:36:08.876 | INFO     | server:lifespan:41 - SCU-FastAPI Starting...
2026-06-05 13:36:08.881 | INFO     | server:lifespan:51 - SCU-FastAPI Started successfully
2026-06-05 13:36:35.553 | INFO     | server:lifespan:41 - SCU-FastAPI Starting...
2026-06-05 13:36:35.559 | INFO     | server:lifespan:51 - SCU-FastAPI Started successfully
2026-06-05 13:37:02.333 | INFO     | server:lifespan:41 - SCU-FastAPI Starting...
2026-06-05 13:37:02.339 | INFO     | server:lifespan:51 - SCU-FastAPI Started successfully
2026-06-05 13:37:28.897 | INFO     | server:lifespan:41 - SCU-FastAPI Starting...
2026-06-05 13:37:28.902 | INFO     | server:lifespan:51 - SCU-FastAPI Started successfully
2026-06-05 13:37:55.507 | INFO     | server:lifespan:41 - SCU-FastAPI Starting...
2026-06-05 13:37:55.514 | INFO     | server:lifespan:51 - SCU-FastAPI Started successfully
2026-06-05 13:38:23.635 | INFO     | server:lifespan:41 - SCU-FastAPI Starting...
2026-06-05 13:38:23.641 | INFO     | server:lifespan:51 - SCU-FastAPI Started successfully
2026-06-05 13:38:51.230 | INFO     | server:lifespan:41 - SCU-FastAPI Starting...
2026-06-05 13:38:51.240 | INFO     | server:lifespan:51 - SCU-FastAPI Started successfully
2026-06-05 13:39:17.695 | INFO     | server:lifespan:41 - SCU-FastAPI Starting...
2026-06-05 13:39:17.702 | INFO     | server:lifespan:51 - SCU-FastAPI Started successfully
2026-06-05 13:39:44.238 | INFO     | server:lifespan:41 - SCU-FastAPI Starting...
2026-06-05 13:39:44.249 | INFO     | server:lifespan:51 - SCU-FastAPI Started successfully
2026-06-05 13:40:11.216 | INFO     | server:lifespan:41 - SCU-FastAPI Starting...
2026-06-05 13:40:11.222 | INFO     | server:lifespan:51 - SCU-FastAPI Started successfully
2026-06-05 13:40:37.767 | INFO     | server:lifespan:41 - SCU-FastAPI Starting...
2026-06-05 13:40:37.772 | INFO     | server:lifespan:51 - SCU-FastAPI Started successfully
2026-06-05 13:41:04.279 | INFO     | server:lifespan:41 - SCU-FastAPI Starting...
2026-06-05 13:41:04.288 | INFO     | server:lifespan:51 - SCU-FastAPI Started successfully
2026-06-05 13:41:28.660 | INFO     | module_device.controller.device_controller:get_device_list:34 - 获取成功
2026-06-05 13:41:28.736 | INFO     | module_device.controller.topology_controller:get_topology_list:20 - 获取拓扑结构列表成功
2026-06-05 13:41:30.886 | INFO     | server:lifespan:41 - SCU-FastAPI Starting...
2026-06-05 13:41:30.891 | INFO     | server:lifespan:51 - SCU-FastAPI Started successfully
2026-06-05 13:41:58.689 | INFO     | server:lifespan:41 - SCU-FastAPI Starting...
2026-06-05 13:41:58.695 | INFO     | server:lifespan:51 - SCU-FastAPI Started successfully
2026-06-05 13:42:22.937 | INFO     | module_device.controller.topology_controller:add_topology:33 - Added successfully
2026-06-05 13:42:23.030 | INFO     | module_device.controller.device_controller:get_device_list:34 - 获取成功
2026-06-05 13:42:23.106 | INFO     | module_device.controller.topology_controller:get_topology_list:20 - 获取拓扑结构列表成功
2026-06-05 13:42:25.693 | INFO     | module_device.controller.topology_controller:get_topology_list:20 - 获取拓扑结构列表成功
2026-06-05 13:42:25.925 | INFO     | server:lifespan:41 - SCU-FastAPI Starting...
2026-06-05 13:42:25.932 | INFO     | server:lifespan:51 - SCU-FastAPI Started successfully
2026-06-05 13:42:32.378 | INFO     | module_device.controller.topology_controller:get_topology_list:20 - 获取拓扑结构列表成功
2026-06-05 13:42:52.166 | INFO     | server:lifespan:41 - SCU-FastAPI Starting...
2026-06-05 13:42:52.173 | INFO     | server:lifespan:51 - SCU-FastAPI Started successfully
2026-06-05 13:43:18.475 | INFO     | server:lifespan:41 - SCU-FastAPI Starting...
2026-06-05 13:43:18.483 | INFO     | server:lifespan:51 - SCU-FastAPI Started successfully
2026-06-05 13:43:44.744 | INFO     | server:lifespan:41 - SCU-FastAPI Starting...
2026-06-05 13:43:44.751 | INFO     | server:lifespan:51 - SCU-FastAPI Started successfully
2026-06-05 13:43:51.735 | INFO     | module_device.controller.device_controller:get_device_list:34 - 获取成功
2026-06-05 13:44:08.878 | INFO     | module_device.controller.template_controller:get_template_all:62 - 获取成功
2026-06-05 13:44:11.809 | INFO     | server:lifespan:41 - SCU-FastAPI Starting...
2026-06-05 13:44:11.815 | INFO     | server:lifespan:51 - SCU-FastAPI Started successfully
2026-06-05 13:44:18.485 | INFO     | module_device.controller.device_controller:add_system_device:66 - Added successfully, device code: 3
2026-06-05 13:44:18.594 | INFO     | module_device.controller.device_controller:get_device_list:34 - 获取成功
2026-06-05 13:44:21.185 | INFO     | module_device.controller.device_controller:get_device_list:34 - 获取成功
2026-06-05 13:44:21.258 | INFO     | module_device.controller.topology_controller:get_topology_list:20 - 获取拓扑结构列表成功
2026-06-05 13:44:24.657 | INFO     | module_device.controller.device_controller:get_device_list:34 - 获取成功
2026-06-05 13:44:29.508 | ERROR    | exceptions.handle:service_exception_handler:51 - Device must be placed under a stack BMS node
2026-06-05 13:44:38.636 | INFO     | server:lifespan:41 - SCU-FastAPI Starting...
2026-06-05 13:44:38.642 | INFO     | server:lifespan:51 - SCU-FastAPI Started successfully
2026-06-05 13:45:05.877 | INFO     | server:lifespan:41 - SCU-FastAPI Starting...
2026-06-05 13:45:05.884 | INFO     | server:lifespan:51 - SCU-FastAPI Started successfully
2026-06-05 13:45:34.566 | INFO     | server:lifespan:41 - SCU-FastAPI Starting...
2026-06-05 13:45:34.573 | INFO     | server:lifespan:51 - SCU-FastAPI Started successfully
2026-06-05 13:46:04.889 | INFO     | server:lifespan:41 - SCU-FastAPI Starting...
2026-06-05 13:46:04.899 | INFO     | server:lifespan:51 - SCU-FastAPI Started successfully
2026-06-05 13:46:32.272 | INFO     | server:lifespan:41 - SCU-FastAPI Starting...
2026-06-05 13:46:32.278 | INFO     | server:lifespan:51 - SCU-FastAPI Started successfully
2026-06-05 13:46:59.471 | INFO     | server:lifespan:41 - SCU-FastAPI Starting...
2026-06-05 13:46:59.477 | INFO     | server:lifespan:51 - SCU-FastAPI Started successfully
2026-06-05 13:47:13.419 | INFO     | server:lifespan:41 - SCU-FastAPI Starting...
2026-06-05 13:47:13.425 | INFO     | server:lifespan:51 - SCU-FastAPI Started successfully
2026-06-05 13:47:45.411 | INFO     | server:lifespan:41 - SCU-FastAPI Starting...
2026-06-05 13:47:45.418 | INFO     | server:lifespan:51 - SCU-FastAPI Started successfully
2026-06-05 13:48:11.370 | INFO     | module_device.controller.device_controller:get_device_list:34 - 获取成功
2026-06-05 13:48:11.460 | INFO     | module_device.controller.topology_controller:get_topology_list:20 - 获取拓扑结构列表成功
2026-06-05 13:50:08.491 | INFO     | module_device.controller.device_controller:get_device_list:34 - 获取成功
2026-06-05 13:50:13.740 | INFO     | module_admin.controller.login_controller:get_login_user_info:71 - 获取成功
2026-06-05 13:50:13.854 | INFO     | module_admin.controller.login_controller:get_login_user_routers:83 - 获取成功
2026-06-05 13:50:14.980 | INFO     | module_device.controller.device_controller:get_device_list:34 - 获取成功
2026-06-05 13:50:15.089 | INFO     | module_device.controller.topology_controller:get_topology_list:20 - 获取拓扑结构列表成功
2026-06-05 13:50:17.931 | INFO     | module_device.controller.device_controller:get_device_list:34 - 获取成功
2026-06-05 13:50:22.130 | INFO     | module_device.controller.topology_controller:add_topology:33 - Added successfully
2026-06-05 13:50:22.268 | INFO     | module_device.controller.device_controller:get_device_list:34 - 获取成功
2026-06-05 13:50:22.397 | INFO     | module_device.controller.topology_controller:get_topology_list:20 - 获取拓扑结构列表成功
2026-06-05 13:50:25.217 | INFO     | module_device.controller.topology_controller:get_topology_list:20 - 获取拓扑结构列表成功
2026-06-05 13:51:09.493 | INFO     | module_device.controller.device_controller:get_device_list:34 - 获取成功
2026-06-05 13:51:11.214 | INFO     | module_device.controller.device_controller:get_device_list:34 - 获取成功
2026-06-05 13:51:11.295 | INFO     | module_device.controller.topology_controller:get_topology_list:20 - 获取拓扑结构列表成功
2026-06-05 13:51:16.072 | INFO     | module_device.controller.template_controller:get_template_list:39 - 获取成功
2026-06-05 13:51:39.907 | INFO     | module_device.controller.topology_controller:get_topology_list:20 - 获取拓扑结构列表成功
2026-06-05 13:54:37.309 | INFO     | module_device.controller.history_controller:get_event_data:94 - 获取事件/故障数据成功
2026-06-05 13:54:40.695 | INFO     | module_device.controller.topology_controller:get_topology_list:20 - 获取拓扑结构列表成功
2026-06-05 13:59:42.154 | INFO     | module_device.controller.port_controller:get_port_list:40 - 获取成功
2026-06-05 13:59:43.633 | INFO     | module_device.controller.port_controller:get_port_list:40 - 获取成功
2026-06-05 13:59:49.257 | INFO     | module_admin.controller.server_controller:get_monitor_server_info:19 - 获取成功
2026-06-05 13:59:49.280 | ERROR    | exceptions.handle:exception_handler:70 - (sqlite3.OperationalError) no such table: pcs_soft_version
[SQL: SELECT pcs_soft_version.id AS pcs_soft_version_id, pcs_soft_version.name AS pcs_soft_version_name, pcs_soft_version.cpld_version AS pcs_soft_version_cpld_version, pcs_soft_version.dsp_cpu1_version AS pcs_soft_version_dsp_cpu1_version, pcs_soft_version.dsp_cpu2_version AS pcs_soft_version_dsp_cpu2_version, pcs_soft_version.pcs_version AS pcs_soft_version_pcs_version 
FROM pcs_soft_version]
(Background on this error at: https://sqlalche.me/e/20/e3q8)
Traceback (most recent call last):

  File "/opt/bbms/web_source/web_backend/web-backend/.venv-lnx/lib/python3.8/site-packages/sqlalchemy/engine/base.py", line 1967, in _exec_single_context
    self.dialect.do_execute(
    │    │       └ <function DefaultDialect.do_execute at 0x7f8750b4c0>
    │    └ <sqlalchemy.dialects.sqlite.pysqlite.SQLiteDialect_pysqlite object at 0x7f871731f0>
    └ <sqlalchemy.engine.base.Connection object at 0x7f75f0a8e0>
  File "/opt/bbms/web_source/web_backend/web-backend/.venv-lnx/lib/python3.8/site-packages/sqlalchemy/engine/default.py", line 924, in do_execute
    cursor.execute(statement, parameters)
    │      │       │          └ ()
    │      │       └ 'SELECT pcs_soft_version.id AS pcs_soft_version_id, pcs_soft_version.name AS pcs_soft_version_name, pcs_soft_version.cpld_ver...
    │      └ <method 'execute' of 'sqlite3.Cursor' objects>
    └ <sqlite3.Cursor object at 0x7f76810ab0>

sqlite3.OperationalError: no such table: pcs_soft_version


The above exception was the direct cause of the following exception:


Traceback (most recent call last):

  File "app.py", line 18, in <module>
    uvicorn.run(
    │       └ <function run at 0x7f8e689280>
    └ <module 'uvicorn' from '/opt/bbms/web_source/web_backend/web-backend/.venv-lnx/lib/python3.8/site-packages/uvicorn/__init__.py'>

  File "/opt/bbms/web_source/web_backend/web-backend/.venv-lnx/lib/python3.8/site-packages/uvicorn/main.py", line 579, in run
    server.run()
    │      └ <function Server.run at 0x7f8e662430>
    └ <uvicorn.server.Server object at 0x7f79655dc0>
  File "/opt/bbms/web_source/web_backend/web-backend/.venv-lnx/lib/python3.8/site-packages/uvicorn/server.py", line 65, in run
    return asyncio.run(self.serve(sockets=sockets))
           │       │   │    │             └ None
           │       │   │    └ <function Server.serve at 0x7f8e6624c0>
           │       │   └ <uvicorn.server.Server object at 0x7f79655dc0>
           │       └ <function run at 0x7f8f082700>
           └ <module 'asyncio' from '/usr/lib/python3.8/asyncio/__init__.py'>
  File "/usr/lib/python3.8/asyncio/runners.py", line 44, in run
    return loop.run_until_complete(main)
           │    │                  └ <coroutine object Server.serve at 0x7f793fc440>
           │    └ <cyfunction Loop.run_until_complete at 0x7f79425580>
           └ <uvloop.Loop running=True closed=False debug=False>
  File "/opt/bbms/web_source/web_backend/web-backend/.venv-lnx/lib/python3.8/site-packages/uvicorn/protocols/http/httptools_impl.py", line 409, in run_asgi
    result = await app(  # type: ignore[func-returns-value]
                   └ <uvicorn.middleware.proxy_headers.ProxyHeadersMiddleware object at 0x7f793b40a0>
  File "/opt/bbms/web_source/web_backend/web-backend/.venv-lnx/lib/python3.8/site-packages/uvicorn/middleware/proxy_headers.py", line 60, in __call__
    return await self.app(scope, receive, send)
                 │    │   │      │        └ <bound method RequestResponseCycle.send of <uvicorn.protocols.http.httptools_impl.RequestResponseCycle object at 0x7f76741850>>
                 │    │   │      └ <bound method RequestResponseCycle.receive of <uvicorn.protocols.http.httptools_impl.RequestResponseCycle object at 0x7f76741...
                 │    │   └ {'type': 'http', 'asgi': {'version': '3.0', 'spec_version': '2.3'}, 'http_version': '1.1', 'server': ('127.0.0.1', 9099), 'cl...
                 │    └ <fastapi.applications.FastAPI object at 0x7f8f0a10d0>
                 └ <uvicorn.middleware.proxy_headers.ProxyHeadersMiddleware object at 0x7f793b40a0>
  File "/opt/bbms/web_source/web_backend/web-backend/.venv-lnx/lib/python3.8/site-packages/fastapi/applications.py", line 1054, in __call__
    await super().__call__(scope, receive, send)
                           │      │        └ <bound method RequestResponseCycle.send of <uvicorn.protocols.http.httptools_impl.RequestResponseCycle object at 0x7f76741850>>
                           │      └ <bound method RequestResponseCycle.receive of <uvicorn.protocols.http.httptools_impl.RequestResponseCycle object at 0x7f76741...
                           └ {'type': 'http', 'asgi': {'version': '3.0', 'spec_version': '2.3'}, 'http_version': '1.1', 'server': ('127.0.0.1', 9099), 'cl...
  File "/opt/bbms/web_source/web_backend/web-backend/.venv-lnx/lib/python3.8/site-packages/starlette/applications.py", line 113, in __call__
    await self.middleware_stack(scope, receive, send)
          │    │                │      │        └ <bound method RequestResponseCycle.send of <uvicorn.protocols.http.httptools_impl.RequestResponseCycle object at 0x7f76741850>>
          │    │                │      └ <bound method RequestResponseCycle.receive of <uvicorn.protocols.http.httptools_impl.RequestResponseCycle object at 0x7f76741...
          │    │                └ {'type': 'http', 'asgi': {'version': '3.0', 'spec_version': '2.3'}, 'http_version': '1.1', 'server': ('127.0.0.1', 9099), 'cl...
          │    └ <starlette.middleware.errors.ServerErrorMiddleware object at 0x7f792d2250>
          └ <fastapi.applications.FastAPI object at 0x7f8f0a10d0>
> File "/opt/bbms/web_source/web_backend/web-backend/.venv-lnx/lib/python3.8/site-packages/starlette/middleware/errors.py", line 165, in __call__
    await self.app(scope, receive, _send)
          │    │   │      │        └ <function ServerErrorMiddleware.__call__.<locals>._send at 0x7f75d4d550>
          │    │   │      └ <bound method RequestResponseCycle.receive of <uvicorn.protocols.http.httptools_impl.RequestResponseCycle object at 0x7f76741...
          │    │   └ {'type': 'http', 'asgi': {'version': '3.0', 'spec_version': '2.3'}, 'http_version': '1.1', 'server': ('127.0.0.1', 9099), 'cl...
          │    └ <starlette.middleware.gzip.GZipMiddleware object at 0x7f792d21f0>
          └ <starlette.middleware.errors.ServerErrorMiddleware object at 0x7f792d2250>
  File "/opt/bbms/web_source/web_backend/web-backend/.venv-lnx/lib/python3.8/site-packages/starlette/middleware/gzip.py", line 20, in __call__
    await responder(scope, receive, send)
          │         │      │        └ <function ServerErrorMiddleware.__call__.<locals>._send at 0x7f75d4d550>
          │         │      └ <bound method RequestResponseCycle.receive of <uvicorn.protocols.http.httptools_impl.RequestResponseCycle object at 0x7f76741...
          │         └ {'type': 'http', 'asgi': {'version': '3.0', 'spec_version': '2.3'}, 'http_version': '1.1', 'server': ('127.0.0.1', 9099), 'cl...
          └ <starlette.middleware.gzip.GZipResponder object at 0x7f76741c10>
  File "/opt/bbms/web_source/web_backend/web-backend/.venv-lnx/lib/python3.8/site-packages/starlette/middleware/gzip.py", line 39, in __call__
    await self.app(scope, receive, self.send_with_gzip)
          │    │   │      │        │    └ <function GZipResponder.send_with_gzip at 0x7f8d2c4160>
          │    │   │      │        └ <starlette.middleware.gzip.GZipResponder object at 0x7f76741c10>
          │    │   │      └ <bound method RequestResponseCycle.receive of <uvicorn.protocols.http.httptools_impl.RequestResponseCycle object at 0x7f76741...
          │    │   └ {'type': 'http', 'asgi': {'version': '3.0', 'spec_version': '2.3'}, 'http_version': '1.1', 'server': ('127.0.0.1', 9099), 'cl...
          │    └ <starlette.middleware.cors.CORSMiddleware object at 0x7f792d21c0>
          └ <starlette.middleware.gzip.GZipResponder object at 0x7f76741c10>
  File "/opt/bbms/web_source/web_backend/web-backend/.venv-lnx/lib/python3.8/site-packages/starlette/middleware/cors.py", line 85, in __call__
    await self.app(scope, receive, send)
          │    │   │      │        └ <bound method GZipResponder.send_with_gzip of <starlette.middleware.gzip.GZipResponder object at 0x7f76741c10>>
          │    │   │      └ <bound method RequestResponseCycle.receive of <uvicorn.protocols.http.httptools_impl.RequestResponseCycle object at 0x7f76741...
          │    │   └ {'type': 'http', 'asgi': {'version': '3.0', 'spec_version': '2.3'}, 'http_version': '1.1', 'server': ('127.0.0.1', 9099), 'cl...
          │    └ <starlette.middleware.exceptions.ExceptionMiddleware object at 0x7f792d2160>
          └ <starlette.middleware.cors.CORSMiddleware object at 0x7f792d21c0>
  File "/opt/bbms/web_source/web_backend/web-backend/.venv-lnx/lib/python3.8/site-packages/starlette/middleware/exceptions.py", line 62, in __call__
    await wrap_app_handling_exceptions(self.app, conn)(scope, receive, send)
          │                            │    │    │     │      │        └ <bound method GZipResponder.send_with_gzip of <starlette.middleware.gzip.GZipResponder object at 0x7f76741c10>>
          │                            │    │    │     │      └ <bound method RequestResponseCycle.receive of <uvicorn.protocols.http.httptools_impl.RequestResponseCycle object at 0x7f76741...
          │                            │    │    │     └ {'type': 'http', 'asgi': {'version': '3.0', 'spec_version': '2.3'}, 'http_version': '1.1', 'server': ('127.0.0.1', 9099), 'cl...
          │                            │    │    └ <starlette.requests.Request object at 0x7f767412e0>
          │                            │    └ <fastapi.routing.APIRouter object at 0x7f79a82970>
          │                            └ <starlette.middleware.exceptions.ExceptionMiddleware object at 0x7f792d2160>
          └ <function wrap_app_handling_exceptions at 0x7f8d92eaf0>
  File "/opt/bbms/web_source/web_backend/web-backend/.venv-lnx/lib/python3.8/site-packages/starlette/_exception_handler.py", line 62, in wrapped_app
    raise exc
  File "/opt/bbms/web_source/web_backend/web-backend/.venv-lnx/lib/python3.8/site-packages/starlette/_exception_handler.py", line 51, in wrapped_app
    await app(scope, receive, sender)
          │   │      │        └ <function wrap_app_handling_exceptions.<locals>.wrapped_app.<locals>.sender at 0x7f75d4dc10>
          │   │      └ <bound method RequestResponseCycle.receive of <uvicorn.protocols.http.httptools_impl.RequestResponseCycle object at 0x7f76741...
          │   └ {'type': 'http', 'asgi': {'version': '3.0', 'spec_version': '2.3'}, 'http_version': '1.1', 'server': ('127.0.0.1', 9099), 'cl...
          └ <fastapi.routing.APIRouter object at 0x7f79a82970>
  File "/opt/bbms/web_source/web_backend/web-backend/.venv-lnx/lib/python3.8/site-packages/starlette/routing.py", line 715, in __call__
    await self.middleware_stack(scope, receive, send)
          │    │                │      │        └ <function wrap_app_handling_exceptions.<locals>.wrapped_app.<locals>.sender at 0x7f75d4dc10>
          │    │                │      └ <bound method RequestResponseCycle.receive of <uvicorn.protocols.http.httptools_impl.RequestResponseCycle object at 0x7f76741...
          │    │                └ {'type': 'http', 'asgi': {'version': '3.0', 'spec_version': '2.3'}, 'http_version': '1.1', 'server': ('127.0.0.1', 9099), 'cl...
          │    └ <bound method Router.app of <fastapi.routing.APIRouter object at 0x7f79a82970>>
          └ <fastapi.routing.APIRouter object at 0x7f79a82970>
  File "/opt/bbms/web_source/web_backend/web-backend/.venv-lnx/lib/python3.8/site-packages/starlette/routing.py", line 735, in app
    await route.handle(scope, receive, send)
          │     │      │      │        └ <function wrap_app_handling_exceptions.<locals>.wrapped_app.<locals>.sender at 0x7f75d4dc10>
          │     │      │      └ <bound method RequestResponseCycle.receive of <uvicorn.protocols.http.httptools_impl.RequestResponseCycle object at 0x7f76741...
          │     │      └ {'type': 'http', 'asgi': {'version': '3.0', 'spec_version': '2.3'}, 'http_version': '1.1', 'server': ('127.0.0.1', 9099), 'cl...
          │     └ <function Route.handle at 0x7f8d928ee0>
          └ APIRoute(path='/device/pcs-soft-version', name='get_pcs_soft_version', methods=['GET'])
  File "/opt/bbms/web_source/web_backend/web-backend/.venv-lnx/lib/python3.8/site-packages/starlette/routing.py", line 288, in handle
    await self.app(scope, receive, send)
          │    │   │      │        └ <function wrap_app_handling_exceptions.<locals>.wrapped_app.<locals>.sender at 0x7f75d4dc10>
          │    │   │      └ <bound method RequestResponseCycle.receive of <uvicorn.protocols.http.httptools_impl.RequestResponseCycle object at 0x7f76741...
          │    │   └ {'type': 'http', 'asgi': {'version': '3.0', 'spec_version': '2.3'}, 'http_version': '1.1', 'server': ('127.0.0.1', 9099), 'cl...
          │    └ <function request_response.<locals>.app at 0x7f797b2160>
          └ APIRoute(path='/device/pcs-soft-version', name='get_pcs_soft_version', methods=['GET'])
  File "/opt/bbms/web_source/web_backend/web-backend/.venv-lnx/lib/python3.8/site-packages/starlette/routing.py", line 76, in app
    await wrap_app_handling_exceptions(app, request)(scope, receive, send)
          │                            │    │        │      │        └ <function wrap_app_handling_exceptions.<locals>.wrapped_app.<locals>.sender at 0x7f75d4dc10>
          │                            │    │        │      └ <bound method RequestResponseCycle.receive of <uvicorn.protocols.http.httptools_impl.RequestResponseCycle object at 0x7f76741...
          │                            │    │        └ {'type': 'http', 'asgi': {'version': '3.0', 'spec_version': '2.3'}, 'http_version': '1.1', 'server': ('127.0.0.1', 9099), 'cl...
          │                            │    └ <starlette.requests.Request object at 0x7f76741a90>
          │                            └ <function request_response.<locals>.app.<locals>.app at 0x7f75d4d9d0>
          └ <function wrap_app_handling_exceptions at 0x7f8d92eaf0>
  File "/opt/bbms/web_source/web_backend/web-backend/.venv-lnx/lib/python3.8/site-packages/starlette/_exception_handler.py", line 62, in wrapped_app
    raise exc
  File "/opt/bbms/web_source/web_backend/web-backend/.venv-lnx/lib/python3.8/site-packages/starlette/_exception_handler.py", line 51, in wrapped_app
    await app(scope, receive, sender)
          │   │      │        └ <function wrap_app_handling_exceptions.<locals>.wrapped_app.<locals>.sender at 0x7f75d4d790>
          │   │      └ <bound method RequestResponseCycle.receive of <uvicorn.protocols.http.httptools_impl.RequestResponseCycle object at 0x7f76741...
          │   └ {'type': 'http', 'asgi': {'version': '3.0', 'spec_version': '2.3'}, 'http_version': '1.1', 'server': ('127.0.0.1', 9099), 'cl...
          └ <function request_response.<locals>.app.<locals>.app at 0x7f75d4d9d0>
  File "/opt/bbms/web_source/web_backend/web-backend/.venv-lnx/lib/python3.8/site-packages/starlette/routing.py", line 73, in app
    response = await f(request)
                     │ └ <starlette.requests.Request object at 0x7f76741a90>
                     └ <function get_request_handler.<locals>.app at 0x7f797b2670>
  File "/opt/bbms/web_source/web_backend/web-backend/.venv-lnx/lib/python3.8/site-packages/fastapi/routing.py", line 301, in app
    raw_response = await run_endpoint_function(
                         └ <function run_endpoint_function at 0x7f8d8aaaf0>
  File "/opt/bbms/web_source/web_backend/web-backend/.venv-lnx/lib/python3.8/site-packages/fastapi/routing.py", line 214, in run_endpoint_function
    return await run_in_threadpool(dependant.call, **values)
                 │                 │         │       └ {'query_db': <sqlalchemy.orm.session.Session object at 0x7f767f0460>, 'request': <starlette.requests.Request object at 0x7f76...
                 │                 │         └ <function get_pcs_soft_version at 0x7f79c17700>
                 │                 └ Dependant(path_params=[], query_params=[], header_params=[], cookie_params=[], body_params=[], dependencies=[Dependant(path_p...
                 └ <function run_in_threadpool at 0x7f8d07b550>
  File "/opt/bbms/web_source/web_backend/web-backend/.venv-lnx/lib/python3.8/site-packages/starlette/concurrency.py", line 39, in run_in_threadpool
    return await anyio.to_thread.run_sync(func, *args)
                 │     │         │        │      └ ()
                 │     │         │        └ functools.partial(<function get_pcs_soft_version at 0x7f79c17700>, query_db=<sqlalchemy.orm.session.Session object at 0x7f767...
                 │     │         └ <function run_sync at 0x7f8e517670>
                 │     └ <module 'anyio.to_thread' from '/opt/bbms/web_source/web_backend/web-backend/.venv-lnx/lib/python3.8/site-packages/anyio/to_t...
                 └ <module 'anyio' from '/opt/bbms/web_source/web_backend/web-backend/.venv-lnx/lib/python3.8/site-packages/anyio/__init__.py'>
  File "/opt/bbms/web_source/web_backend/web-backend/.venv-lnx/lib/python3.8/site-packages/anyio/to_thread.py", line 56, in run_sync
    return await get_async_backend().run_sync_in_worker_thread(
                 └ <function get_async_backend at 0x7f8e5f5700>
  File "/opt/bbms/web_source/web_backend/web-backend/.venv-lnx/lib/python3.8/site-packages/anyio/_backends/_asyncio.py", line 2364, in run_sync_in_worker_thread
    return await future
                 └ <Future finished exception=OperationalError('(sqlite3.OperationalError) no such table: pcs_soft_version')>
  File "/opt/bbms/web_source/web_backend/web-backend/.venv-lnx/lib/python3.8/site-packages/anyio/_backends/_asyncio.py", line 864, in run
    result = context.run(func, *args)
             │       │   │      └ (None, None, None)
             │       │   └ <bound method _GeneratorContextManager.__exit__ of <contextlib._GeneratorContextManager object at 0x7f75a32550>>
             │       └ <method 'run' of 'Context' objects>
             └ <Context object at 0x7f7679aa00>

  File "/opt/bbms/web_source/web_backend/web-backend/module_device/controller/device_controller.py", line 265, in get_pcs_soft_version
    devices = DeviceService.get_pcs_soft_version(query_db)
              │             │                    └ <sqlalchemy.orm.session.Session object at 0x7f767f0460>
              │             └ <classmethod object at 0x7f79c1d670>
              └ <class 'module_device.service.device_service.DeviceService'>

  File "/opt/bbms/web_source/web_backend/web-backend/module_device/service/device_service.py", line 650, in get_pcs_soft_version
    pcs_devices = DeviceDao.get_all_pcs_soft_versions(db)
                  │         │                         └ <sqlalchemy.orm.session.Session object at 0x7f767f0460>
                  │         └ <classmethod object at 0x7f79c59670>
                  └ <class 'module_device.dao.device_dao.DeviceDao'>

  File "/opt/bbms/web_source/web_backend/web-backend/module_device/dao/device_dao.py", line 242, in get_all_pcs_soft_versions
    return db.query(PcsSoftVersion).all()
           │  │     └ <class 'module_device.entity.do.pcs_soft_version_do.PcsSoftVersion'>
           │  └ <function Session.query at 0x7f87254670>
           └ <sqlalchemy.orm.session.Session object at 0x7f767f0460>

  File "/opt/bbms/web_source/web_backend/web-backend/.venv-lnx/lib/python3.8/site-packages/sqlalchemy/orm/query.py", line 2673, in all
    return self._iter().all()  # type: ignore
           │    └ <function Query._iter at 0x7f872cd670>
           └ <sqlalchemy.orm.query.Query object at 0x7f75ea65b0>
  File "/opt/bbms/web_source/web_backend/web-backend/.venv-lnx/lib/python3.8/site-packages/sqlalchemy/orm/query.py", line 2827, in _iter
    result: Union[ScalarResult[_T], Result[_T]] = self.session.execute(
            │                  │    │      │      │    │       └ <function Session.execute at 0x7f87252f70>
            │                  │    │      │      │    └ <sqlalchemy.orm.session.Session object at 0x7f767f0460>
            │                  │    │      │      └ <sqlalchemy.orm.query.Query object at 0x7f75ea65b0>
            │                  │    │      └ ~_T
            │                  │    └ <class 'sqlalchemy.engine.result.Result'>
            │                  └ ~_T
            └ typing.Union
  File "/opt/bbms/web_source/web_backend/web-backend/.venv-lnx/lib/python3.8/site-packages/sqlalchemy/orm/session.py", line 2351, in execute
    return self._execute_internal(
           │    └ <function Session._execute_internal at 0x7f87252ee0>
           └ <sqlalchemy.orm.session.Session object at 0x7f767f0460>
  File "/opt/bbms/web_source/web_backend/web-backend/.venv-lnx/lib/python3.8/site-packages/sqlalchemy/orm/session.py", line 2236, in _execute_internal
    result: Result[Any] = compile_state_cls.orm_execute_statement(
                   │      │                 └ <classmethod object at 0x7f873e33d0>
                   │      └ <class 'sqlalchemy.orm.context.ORMSelectCompileState'>
                   └ typing.Any
  File "/opt/bbms/web_source/web_backend/web-backend/.venv-lnx/lib/python3.8/site-packages/sqlalchemy/orm/context.py", line 293, in orm_execute_statement
    result = conn.execute(
             │    └ <function Connection.execute at 0x7f875cd0d0>
             └ <sqlalchemy.engine.base.Connection object at 0x7f75f0a8e0>
  File "/opt/bbms/web_source/web_backend/web-backend/.venv-lnx/lib/python3.8/site-packages/sqlalchemy/engine/base.py", line 1418, in execute
    return meth(
           └ <bound method ClauseElement._execute_on_connection of <sqlalchemy.sql.selectable.Select object at 0x7f75f0afa0>>
  File "/opt/bbms/web_source/web_backend/web-backend/.venv-lnx/lib/python3.8/site-packages/sqlalchemy/sql/elements.py", line 515, in _execute_on_connection
    return connection._execute_clauseelement(
           │          └ <function Connection._execute_clauseelement at 0x7f875cd3a0>
           └ <sqlalchemy.engine.base.Connection object at 0x7f75f0a8e0>
  File "/opt/bbms/web_source/web_backend/web-backend/.venv-lnx/lib/python3.8/site-packages/sqlalchemy/engine/base.py", line 1640, in _execute_clauseelement
    ret = self._execute_context(
          │    └ <function Connection._execute_context at 0x7f875cd550>
          └ <sqlalchemy.engine.base.Connection object at 0x7f75f0a8e0>
  File "/opt/bbms/web_source/web_backend/web-backend/.venv-lnx/lib/python3.8/site-packages/sqlalchemy/engine/base.py", line 1846, in _execute_context
    return self._exec_single_context(
           │    └ <function Connection._exec_single_context at 0x7f875cd5e0>
           └ <sqlalchemy.engine.base.Connection object at 0x7f75f0a8e0>
  File "/opt/bbms/web_source/web_backend/web-backend/.venv-lnx/lib/python3.8/site-packages/sqlalchemy/engine/base.py", line 1986, in _exec_single_context
    self._handle_dbapi_exception(
    │    └ <function Connection._handle_dbapi_exception at 0x7f875cd820>
    └ <sqlalchemy.engine.base.Connection object at 0x7f75f0a8e0>
  File "/opt/bbms/web_source/web_backend/web-backend/.venv-lnx/lib/python3.8/site-packages/sqlalchemy/engine/base.py", line 2353, in _handle_dbapi_exception
    raise sqlalchemy_exception.with_traceback(exc_info[2]) from e
          │                    │              │                 └ OperationalError('no such table: pcs_soft_version')
          │                    │              └ (<class 'sqlite3.OperationalError'>, OperationalError('no such table: pcs_soft_version'), <traceback object at 0x7f75c6cec0>)
          │                    └ <method 'with_traceback' of 'BaseException' objects>
          └ OperationalError('(sqlite3.OperationalError) no such table: pcs_soft_version')
  File "/opt/bbms/web_source/web_backend/web-backend/.venv-lnx/lib/python3.8/site-packages/sqlalchemy/engine/base.py", line 1967, in _exec_single_context
    self.dialect.do_execute(
    │    │       └ <function DefaultDialect.do_execute at 0x7f8750b4c0>
    │    └ <sqlalchemy.dialects.sqlite.pysqlite.SQLiteDialect_pysqlite object at 0x7f871731f0>
    └ <sqlalchemy.engine.base.Connection object at 0x7f75f0a8e0>
  File "/opt/bbms/web_source/web_backend/web-backend/.venv-lnx/lib/python3.8/site-packages/sqlalchemy/engine/default.py", line 924, in do_execute
    cursor.execute(statement, parameters)
    │      │       │          └ ()
    │      │       └ 'SELECT pcs_soft_version.id AS pcs_soft_version_id, pcs_soft_version.name AS pcs_soft_version_name, pcs_soft_version.cpld_ver...
    │      └ <method 'execute' of 'sqlite3.Cursor' objects>
    └ <sqlite3.Cursor object at 0x7f76810ab0>

sqlalchemy.exc.OperationalError: (sqlite3.OperationalError) no such table: pcs_soft_version
[SQL: SELECT pcs_soft_version.id AS pcs_soft_version_id, pcs_soft_version.name AS pcs_soft_version_name, pcs_soft_version.cpld_version AS pcs_soft_version_cpld_version, pcs_soft_version.dsp_cpu1_version AS pcs_soft_version_dsp_cpu1_version, pcs_soft_version.dsp_cpu2_version AS pcs_soft_version_dsp_cpu2_version, pcs_soft_version.pcs_version AS pcs_soft_version_pcs_version 
FROM pcs_soft_version]
(Background on this error at: https://sqlalche.me/e/20/e3q8)
2026-06-05 13:59:56.304 | INFO     | module_device.controller.port_controller:get_port_list:40 - 获取成功
2026-06-05 14:07:10.601 | INFO     | module_device.controller.topology_controller:get_topology_list:20 - 获取拓扑结构列表成功
2026-06-05 14:15:56.185 | INFO     | module_admin.controller.login_controller:get_login_user_info:71 - 获取成功
2026-06-05 14:15:56.405 | INFO     | module_admin.controller.login_controller:get_login_user_routers:83 - 获取成功
2026-06-05 14:16:32.686 | INFO     | module_device.controller.topology_controller:get_topology_list:20 - 获取拓扑结构列表成功
2026-06-05 14:19:19.935 | INFO     | module_admin.controller.login_controller:login:58 - 登录成功
2026-06-05 14:19:25.443 | INFO     | module_device.controller.history_controller:get_timed_data:32 - 获取存储数据成功
2026-06-05 14:19:25.645 | INFO     | module_device.controller.history_controller:get_event_data:94 - 获取事件/故障数据成功
2026-06-05 14:19:25.931 | INFO     | module_device.controller.history_controller:get_event_data:94 - 获取事件/故障数据成功
2026-06-05 14:20:28.880 | INFO     | module_device.controller.topology_controller:get_topology_list:20 - 获取拓扑结构列表成功
2026-06-05 14:20:58.766 | INFO     | module_admin.controller.login_controller:login:58 - 登录成功
2026-06-05 14:20:59.022 | INFO     | module_admin.controller.login_controller:get_login_user_routers:83 - 获取成功
2026-06-05 14:21:06.297 | INFO     | module_admin.controller.login_controller:login:58 - 登录成功
2026-06-05 14:21:12.534 | INFO     | module_admin.controller.login_controller:login:58 - 登录成功
2026-06-05 14:21:12.764 | INFO     | module_admin.controller.login_controller:get_login_user_routers:83 - 获取成功
2026-06-05 14:21:16.902 | INFO     | module_admin.controller.login_controller:login:58 - 登录成功
2026-06-05 14:21:17.186 | INFO     | module_admin.controller.login_controller:get_login_user_routers:83 - 获取成功
2026-06-05 14:21:22.613 | INFO     | module_admin.controller.login_controller:login:58 - 登录成功
2026-06-05 14:21:22.921 | INFO     | module_admin.controller.login_controller:get_login_user_routers:83 - 获取成功
2026-06-05 14:21:37.858 | INFO     | module_device.controller.history_controller:get_timed_data:32 - 获取存储数据成功
2026-06-05 14:25:12.714 | INFO     | module_device.controller.history_controller:get_timed_data:32 - 获取存储数据成功
2026-06-05 14:27:05.767 | INFO     | module_admin.controller.login_controller:login:58 - 登录成功
2026-06-05 14:27:47.231 | INFO     | server:lifespan:41 - SCU-FastAPI Starting...
2026-06-05 14:27:47.241 | INFO     | server:lifespan:51 - SCU-FastAPI Started successfully
2026-06-05 14:27:51.910 | INFO     | server:lifespan:41 - SCU-FastAPI Starting...
2026-06-05 14:27:51.916 | INFO     | server:lifespan:51 - SCU-FastAPI Started successfully
2026-06-05 14:28:02.775 | INFO     | module_admin.controller.login_controller:login:58 - 登录成功
2026-06-05 14:29:59.635 | INFO     | module_admin.controller.login_controller:get_login_user_info:71 - 获取成功
2026-06-05 14:29:59.754 | INFO     | module_admin.controller.login_controller:get_login_user_routers:83 - 获取成功
2026-06-05 14:31:02.567 | INFO     | module_device.controller.history_controller:get_event_data:95 - 获取事件/故障数据成功
2026-06-05 14:31:04.106 | INFO     | module_device.controller.history_controller:get_event_data:95 - 获取事件/故障数据成功
2026-06-05 14:32:11.039 | INFO     | module_device.controller.device_controller:get_device_list:34 - 获取成功
2026-06-05 14:32:20.555 | INFO     | module_device.controller.topology_controller:get_topology_list:20 - 获取拓扑结构列表成功
2026-06-05 14:32:49.732 | INFO     | module_device.controller.template_controller:get_template_list:39 - 获取成功
2026-06-05 14:32:59.423 | INFO     | module_admin.controller.login_controller:login:58 - 登录成功
2026-06-05 14:33:09.482 | INFO     | module_admin.controller.login_controller:login:58 - 登录成功
2026-06-05 14:33:09.672 | INFO     | module_admin.controller.login_controller:get_login_user_routers:83 - 获取成功
2026-06-05 14:34:20.175 | INFO     | server:lifespan:41 - SCU-FastAPI Starting...
2026-06-05 14:34:20.180 | INFO     | server:lifespan:51 - SCU-FastAPI Started successfully
2026-06-05 14:34:22.056 | INFO     | server:lifespan:41 - SCU-FastAPI Starting...
2026-06-05 14:34:22.067 | INFO     | server:lifespan:51 - SCU-FastAPI Started successfully
2026-06-05 14:34:31.985 | INFO     | module_admin.controller.login_controller:login:58 - 登录成功
2026-06-05 14:34:32.256 | INFO     | module_admin.controller.login_controller:get_login_user_routers:83 - 获取成功
2026-06-05 14:34:42.830 | INFO     | module_admin.controller.login_controller:login:58 - 登录成功
2026-06-05 14:34:43.065 | INFO     | module_admin.controller.login_controller:get_login_user_routers:83 - 获取成功
2026-06-05 14:34:49.868 | INFO     | server:lifespan:41 - SCU-FastAPI Starting...
2026-06-05 14:34:49.874 | INFO     | server:lifespan:51 - SCU-FastAPI Started successfully
2026-06-05 14:35:16.899 | INFO     | server:lifespan:41 - SCU-FastAPI Starting...
2026-06-05 14:35:16.910 | INFO     | server:lifespan:51 - SCU-FastAPI Started successfully
2026-06-05 14:35:45.055 | INFO     | server:lifespan:41 - SCU-FastAPI Starting...
2026-06-05 14:35:45.062 | INFO     | server:lifespan:51 - SCU-FastAPI Started successfully
2026-06-05 14:36:11.562 | INFO     | server:lifespan:41 - SCU-FastAPI Starting...
2026-06-05 14:36:11.569 | INFO     | server:lifespan:51 - SCU-FastAPI Started successfully
2026-06-05 14:36:39.292 | INFO     | server:lifespan:41 - SCU-FastAPI Starting...
2026-06-05 14:36:39.298 | INFO     | server:lifespan:51 - SCU-FastAPI Started successfully
2026-06-05 14:37:05.399 | INFO     | server:lifespan:41 - SCU-FastAPI Starting...
2026-06-05 14:37:05.405 | INFO     | server:lifespan:51 - SCU-FastAPI Started successfully
2026-06-05 14:37:33.339 | INFO     | server:lifespan:41 - SCU-FastAPI Starting...
2026-06-05 14:37:33.347 | INFO     | server:lifespan:51 - SCU-FastAPI Started successfully
2026-06-05 14:38:05.924 | INFO     | server:lifespan:41 - SCU-FastAPI Starting...
2026-06-05 14:38:05.939 | INFO     | server:lifespan:51 - SCU-FastAPI Started successfully
2026-06-05 14:38:37.965 | INFO     | server:lifespan:41 - SCU-FastAPI Starting...
2026-06-05 14:38:37.977 | INFO     | server:lifespan:51 - SCU-FastAPI Started successfully
2026-06-05 14:39:09.086 | INFO     | server:lifespan:41 - SCU-FastAPI Starting...
2026-06-05 14:39:09.094 | INFO     | server:lifespan:51 - SCU-FastAPI Started successfully
2026-06-05 14:39:42.304 | INFO     | server:lifespan:41 - SCU-FastAPI Starting...
2026-06-05 14:39:42.312 | INFO     | server:lifespan:51 - SCU-FastAPI Started successfully
2026-06-05 14:40:14.259 | INFO     | server:lifespan:41 - SCU-FastAPI Starting...
2026-06-05 14:40:14.267 | INFO     | server:lifespan:51 - SCU-FastAPI Started successfully
2026-06-05 14:40:45.567 | INFO     | server:lifespan:41 - SCU-FastAPI Starting...
2026-06-05 14:40:45.578 | INFO     | server:lifespan:51 - SCU-FastAPI Started successfully
2026-06-05 14:41:17.674 | INFO     | server:lifespan:41 - SCU-FastAPI Starting...
2026-06-05 14:41:17.682 | INFO     | server:lifespan:51 - SCU-FastAPI Started successfully
2026-06-05 14:41:26.212 | INFO     | module_admin.controller.login_controller:get_login_user_info:71 - 获取成功
2026-06-05 14:41:26.905 | INFO     | module_admin.controller.login_controller:get_login_user_routers:83 - 获取成功
2026-06-05 14:41:28.370 | INFO     | module_device.controller.topology_controller:get_topology_list:20 - 获取拓扑结构列表成功
2026-06-05 14:41:36.529 | INFO     | module_device.controller.topology_controller:get_topology_list:20 - 获取拓扑结构列表成功
2026-06-05 14:41:39.124 | INFO     | module_device.controller.topology_controller:get_topology_list:20 - 获取拓扑结构列表成功
2026-06-05 14:41:40.494 | INFO     | module_device.controller.topology_controller:get_topology_list:20 - 获取拓扑结构列表成功
2026-06-05 14:41:42.347 | INFO     | module_device.controller.topology_controller:get_topology_list:20 - 获取拓扑结构列表成功
2026-06-05 14:41:46.026 | INFO     | server:lifespan:41 - SCU-FastAPI Starting...
2026-06-05 14:41:46.036 | INFO     | server:lifespan:51 - SCU-FastAPI Started successfully
2026-06-05 14:41:50.225 | INFO     | module_device.controller.topology_controller:get_topology_list:20 - 获取拓扑结构列表成功
2026-06-05 14:42:13.637 | INFO     | server:lifespan:41 - SCU-FastAPI Starting...
2026-06-05 14:42:13.642 | INFO     | server:lifespan:51 - SCU-FastAPI Started successfully
2026-06-05 14:42:39.573 | INFO     | server:lifespan:41 - SCU-FastAPI Starting...
2026-06-05 14:42:39.579 | INFO     | server:lifespan:51 - SCU-FastAPI Started successfully
2026-06-05 14:43:06.743 | INFO     | server:lifespan:41 - SCU-FastAPI Starting...
2026-06-05 14:43:06.750 | INFO     | server:lifespan:51 - SCU-FastAPI Started successfully
2026-06-05 14:43:34.088 | INFO     | server:lifespan:41 - SCU-FastAPI Starting...
2026-06-05 14:43:34.095 | INFO     | server:lifespan:51 - SCU-FastAPI Started successfully
2026-06-05 14:44:00.704 | INFO     | server:lifespan:41 - SCU-FastAPI Starting...
2026-06-05 14:44:00.709 | INFO     | server:lifespan:51 - SCU-FastAPI Started successfully
2026-06-05 14:44:26.722 | INFO     | server:lifespan:41 - SCU-FastAPI Starting...
2026-06-05 14:44:26.728 | INFO     | server:lifespan:51 - SCU-FastAPI Started successfully
2026-06-05 14:44:53.984 | INFO     | server:lifespan:41 - SCU-FastAPI Starting...
2026-06-05 14:44:53.989 | INFO     | server:lifespan:51 - SCU-FastAPI Started successfully
2026-06-05 14:45:20.741 | INFO     | server:lifespan:41 - SCU-FastAPI Starting...
2026-06-05 14:45:20.747 | INFO     | server:lifespan:51 - SCU-FastAPI Started successfully
2026-06-05 14:45:47.342 | INFO     | server:lifespan:41 - SCU-FastAPI Starting...
2026-06-05 14:45:47.349 | INFO     | server:lifespan:51 - SCU-FastAPI Started successfully
2026-06-05 14:46:13.440 | INFO     | server:lifespan:41 - SCU-FastAPI Starting...
2026-06-05 14:46:13.449 | INFO     | server:lifespan:51 - SCU-FastAPI Started successfully
2026-06-05 14:46:40.212 | INFO     | server:lifespan:41 - SCU-FastAPI Starting...
2026-06-05 14:46:40.218 | INFO     | server:lifespan:51 - SCU-FastAPI Started successfully
2026-06-05 14:47:07.553 | INFO     | server:lifespan:41 - SCU-FastAPI Starting...
2026-06-05 14:47:07.558 | INFO     | server:lifespan:51 - SCU-FastAPI Started successfully
2026-06-05 14:47:33.728 | INFO     | server:lifespan:41 - SCU-FastAPI Starting...
2026-06-05 14:47:33.733 | INFO     | server:lifespan:51 - SCU-FastAPI Started successfully
2026-06-05 14:48:00.639 | INFO     | server:lifespan:41 - SCU-FastAPI Starting...
2026-06-05 14:48:00.644 | INFO     | server:lifespan:51 - SCU-FastAPI Started successfully
2026-06-05 14:48:27.016 | INFO     | server:lifespan:41 - SCU-FastAPI Starting...
2026-06-05 14:48:27.021 | INFO     | server:lifespan:51 - SCU-FastAPI Started successfully
2026-06-05 14:48:53.304 | INFO     | server:lifespan:41 - SCU-FastAPI Starting...
2026-06-05 14:48:53.313 | INFO     | server:lifespan:51 - SCU-FastAPI Started successfully
2026-06-05 14:49:20.253 | INFO     | server:lifespan:41 - SCU-FastAPI Starting...
2026-06-05 14:49:20.259 | INFO     | server:lifespan:51 - SCU-FastAPI Started successfully
2026-06-05 14:49:46.454 | INFO     | server:lifespan:41 - SCU-FastAPI Starting...
2026-06-05 14:49:46.460 | INFO     | server:lifespan:51 - SCU-FastAPI Started successfully
2026-06-05 14:50:13.653 | INFO     | server:lifespan:41 - SCU-FastAPI Starting...
2026-06-05 14:50:13.659 | INFO     | server:lifespan:51 - SCU-FastAPI Started successfully
2026-06-05 14:50:40.917 | INFO     | server:lifespan:41 - SCU-FastAPI Starting...
2026-06-05 14:50:40.923 | INFO     | server:lifespan:51 - SCU-FastAPI Started successfully
2026-06-05 14:51:07.589 | INFO     | server:lifespan:41 - SCU-FastAPI Starting...
2026-06-05 14:51:07.595 | INFO     | server:lifespan:51 - SCU-FastAPI Started successfully
2026-06-05 14:51:34.912 | INFO     | server:lifespan:41 - SCU-FastAPI Starting...
2026-06-05 14:51:34.918 | INFO     | server:lifespan:51 - SCU-FastAPI Started successfully
2026-06-05 14:52:01.281 | INFO     | server:lifespan:41 - SCU-FastAPI Starting...
2026-06-05 14:52:01.286 | INFO     | server:lifespan:51 - SCU-FastAPI Started successfully
2026-06-05 14:52:35.305 | INFO     | server:lifespan:41 - SCU-FastAPI Starting...
2026-06-05 14:52:35.314 | INFO     | server:lifespan:51 - SCU-FastAPI Started successfully
2026-06-05 14:53:04.690 | INFO     | server:lifespan:41 - SCU-FastAPI Starting...
2026-06-05 14:53:04.696 | INFO     | server:lifespan:51 - SCU-FastAPI Started successfully
2026-06-05 14:53:31.802 | INFO     | server:lifespan:41 - SCU-FastAPI Starting...
2026-06-05 14:53:31.809 | INFO     | server:lifespan:51 - SCU-FastAPI Started successfully
2026-06-05 14:53:58.951 | INFO     | server:lifespan:41 - SCU-FastAPI Starting...
2026-06-05 14:53:58.958 | INFO     | server:lifespan:51 - SCU-FastAPI Started successfully
2026-06-05 14:54:24.989 | INFO     | server:lifespan:41 - SCU-FastAPI Starting...
2026-06-05 14:54:24.996 | INFO     | server:lifespan:51 - SCU-FastAPI Started successfully
2026-06-05 14:54:52.041 | INFO     | server:lifespan:41 - SCU-FastAPI Starting...
2026-06-05 14:54:52.049 | INFO     | server:lifespan:51 - SCU-FastAPI Started successfully
2026-06-05 14:55:18.608 | INFO     | server:lifespan:41 - SCU-FastAPI Starting...
2026-06-05 14:55:18.614 | INFO     | server:lifespan:51 - SCU-FastAPI Started successfully
2026-06-05 14:55:44.282 | INFO     | server:lifespan:41 - SCU-FastAPI Starting...
2026-06-05 14:55:44.288 | INFO     | server:lifespan:51 - SCU-FastAPI Started successfully
2026-06-05 14:56:11.006 | INFO     | server:lifespan:41 - SCU-FastAPI Starting...
2026-06-05 14:56:11.011 | INFO     | server:lifespan:51 - SCU-FastAPI Started successfully
2026-06-05 14:56:38.031 | INFO     | server:lifespan:41 - SCU-FastAPI Starting...
2026-06-05 14:56:38.038 | INFO     | server:lifespan:51 - SCU-FastAPI Started successfully
2026-06-05 14:57:04.778 | INFO     | server:lifespan:41 - SCU-FastAPI Starting...
2026-06-05 14:57:04.784 | INFO     | server:lifespan:51 - SCU-FastAPI Started successfully
2026-06-05 14:57:31.628 | INFO     | server:lifespan:41 - SCU-FastAPI Starting...
2026-06-05 14:57:31.633 | INFO     | server:lifespan:51 - SCU-FastAPI Started successfully
2026-06-05 14:57:58.471 | INFO     | server:lifespan:41 - SCU-FastAPI Starting...
2026-06-05 14:57:58.480 | INFO     | server:lifespan:51 - SCU-FastAPI Started successfully
2026-06-05 14:58:24.841 | INFO     | server:lifespan:41 - SCU-FastAPI Starting...
2026-06-05 14:58:24.846 | INFO     | server:lifespan:51 - SCU-FastAPI Started successfully
2026-06-05 14:58:52.424 | INFO     | server:lifespan:41 - SCU-FastAPI Starting...
2026-06-05 14:58:52.430 | INFO     | server:lifespan:51 - SCU-FastAPI Started successfully
2026-06-05 14:59:19.644 | INFO     | server:lifespan:41 - SCU-FastAPI Starting...
2026-06-05 14:59:19.650 | INFO     | server:lifespan:51 - SCU-FastAPI Started successfully
2026-06-05 14:59:46.531 | INFO     | server:lifespan:41 - SCU-FastAPI Starting...
2026-06-05 14:59:46.536 | INFO     | server:lifespan:51 - SCU-FastAPI Started successfully
2026-06-05 15:00:13.424 | INFO     | server:lifespan:41 - SCU-FastAPI Starting...
2026-06-05 15:00:13.433 | INFO     | server:lifespan:51 - SCU-FastAPI Started successfully
2026-06-05 15:00:40.515 | INFO     | server:lifespan:41 - SCU-FastAPI Starting...
2026-06-05 15:00:40.521 | INFO     | server:lifespan:51 - SCU-FastAPI Started successfully
2026-06-05 15:01:07.369 | INFO     | server:lifespan:41 - SCU-FastAPI Starting...
2026-06-05 15:01:07.375 | INFO     | server:lifespan:51 - SCU-FastAPI Started successfully
2026-06-05 15:01:34.390 | INFO     | server:lifespan:41 - SCU-FastAPI Starting...
2026-06-05 15:01:34.401 | INFO     | server:lifespan:51 - SCU-FastAPI Started successfully
2026-06-05 15:02:01.198 | INFO     | server:lifespan:41 - SCU-FastAPI Starting...
2026-06-05 15:02:01.204 | INFO     | server:lifespan:51 - SCU-FastAPI Started successfully
2026-06-05 15:02:27.303 | INFO     | server:lifespan:41 - SCU-FastAPI Starting...
2026-06-05 15:02:27.310 | INFO     | server:lifespan:51 - SCU-FastAPI Started successfully
2026-06-05 15:02:54.494 | INFO     | server:lifespan:41 - SCU-FastAPI Starting...
2026-06-05 15:02:54.499 | INFO     | server:lifespan:51 - SCU-FastAPI Started successfully
2026-06-05 15:03:20.727 | INFO     | server:lifespan:41 - SCU-FastAPI Starting...
2026-06-05 15:03:20.736 | INFO     | server:lifespan:51 - SCU-FastAPI Started successfully
2026-06-05 15:03:48.499 | INFO     | server:lifespan:41 - SCU-FastAPI Starting...
2026-06-05 15:03:48.504 | INFO     | server:lifespan:51 - SCU-FastAPI Started successfully
2026-06-05 15:04:14.983 | INFO     | server:lifespan:41 - SCU-FastAPI Starting...
2026-06-05 15:04:14.988 | INFO     | server:lifespan:51 - SCU-FastAPI Started successfully
2026-06-05 15:04:41.044 | INFO     | server:lifespan:41 - SCU-FastAPI Starting...
2026-06-05 15:04:41.049 | INFO     | server:lifespan:51 - SCU-FastAPI Started successfully
2026-06-05 15:05:07.478 | INFO     | server:lifespan:41 - SCU-FastAPI Starting...
2026-06-05 15:05:07.485 | INFO     | server:lifespan:51 - SCU-FastAPI Started successfully
2026-06-05 15:05:33.332 | INFO     | server:lifespan:41 - SCU-FastAPI Starting...
2026-06-05 15:05:33.338 | INFO     | server:lifespan:51 - SCU-FastAPI Started successfully
2026-06-05 15:06:00.435 | INFO     | server:lifespan:41 - SCU-FastAPI Starting...
2026-06-05 15:06:00.441 | INFO     | server:lifespan:51 - SCU-FastAPI Started successfully
2026-06-05 15:06:27.152 | INFO     | server:lifespan:41 - SCU-FastAPI Starting...
2026-06-05 15:06:27.158 | INFO     | server:lifespan:51 - SCU-FastAPI Started successfully
2026-06-05 15:06:54.883 | INFO     | server:lifespan:41 - SCU-FastAPI Starting...
2026-06-05 15:06:54.888 | INFO     | server:lifespan:51 - SCU-FastAPI Started successfully
2026-06-05 15:07:21.169 | INFO     | server:lifespan:41 - SCU-FastAPI Starting...
2026-06-05 15:07:21.174 | INFO     | server:lifespan:51 - SCU-FastAPI Started successfully
2026-06-05 15:07:48.248 | INFO     | server:lifespan:41 - SCU-FastAPI Starting...
2026-06-05 15:07:48.254 | INFO     | server:lifespan:51 - SCU-FastAPI Started successfully
2026-06-05 15:08:15.504 | INFO     | server:lifespan:41 - SCU-FastAPI Starting...
2026-06-05 15:08:15.510 | INFO     | server:lifespan:51 - SCU-FastAPI Started successfully
2026-06-05 15:08:41.372 | INFO     | server:lifespan:41 - SCU-FastAPI Starting...
2026-06-05 15:08:41.378 | INFO     | server:lifespan:51 - SCU-FastAPI Started successfully
2026-06-05 15:09:08.369 | INFO     | server:lifespan:41 - SCU-FastAPI Starting...
2026-06-05 15:09:08.377 | INFO     | server:lifespan:51 - SCU-FastAPI Started successfully
2026-06-05 15:09:35.229 | INFO     | server:lifespan:41 - SCU-FastAPI Starting...
2026-06-05 15:09:35.234 | INFO     | server:lifespan:51 - SCU-FastAPI Started successfully
2026-06-05 15:10:02.513 | INFO     | server:lifespan:41 - SCU-FastAPI Starting...
2026-06-05 15:10:02.520 | INFO     | server:lifespan:51 - SCU-FastAPI Started successfully
2026-06-05 15:10:28.908 | INFO     | server:lifespan:41 - SCU-FastAPI Starting...
2026-06-05 15:10:28.915 | INFO     | server:lifespan:51 - SCU-FastAPI Started successfully
2026-06-05 15:10:56.530 | INFO     | server:lifespan:41 - SCU-FastAPI Starting...
2026-06-05 15:10:56.536 | INFO     | server:lifespan:51 - SCU-FastAPI Started successfully
2026-06-05 15:11:22.800 | INFO     | server:lifespan:41 - SCU-FastAPI Starting...
2026-06-05 15:11:22.806 | INFO     | server:lifespan:51 - SCU-FastAPI Started successfully
2026-06-05 15:11:50.700 | INFO     | server:lifespan:41 - SCU-FastAPI Starting...
2026-06-05 15:11:50.706 | INFO     | server:lifespan:51 - SCU-FastAPI Started successfully
2026-06-05 15:12:17.573 | INFO     | server:lifespan:41 - SCU-FastAPI Starting...
2026-06-05 15:12:17.583 | INFO     | server:lifespan:51 - SCU-FastAPI Started successfully
2026-06-05 15:12:44.495 | INFO     | server:lifespan:41 - SCU-FastAPI Starting...
2026-06-05 15:12:44.502 | INFO     | server:lifespan:51 - SCU-FastAPI Started successfully
2026-06-05 15:13:13.303 | INFO     | server:lifespan:41 - SCU-FastAPI Starting...
2026-06-05 15:13:13.310 | INFO     | server:lifespan:51 - SCU-FastAPI Started successfully
2026-06-05 15:13:39.554 | INFO     | server:lifespan:41 - SCU-FastAPI Starting...
2026-06-05 15:13:39.560 | INFO     | server:lifespan:51 - SCU-FastAPI Started successfully
2026-06-05 15:14:06.556 | INFO     | server:lifespan:41 - SCU-FastAPI Starting...
2026-06-05 15:14:06.561 | INFO     | server:lifespan:51 - SCU-FastAPI Started successfully
2026-06-05 15:14:33.951 | INFO     | server:lifespan:41 - SCU-FastAPI Starting...
2026-06-05 15:14:33.967 | INFO     | server:lifespan:51 - SCU-FastAPI Started successfully
2026-06-05 15:14:59.856 | INFO     | server:lifespan:41 - SCU-FastAPI Starting...
2026-06-05 15:14:59.862 | INFO     | server:lifespan:51 - SCU-FastAPI Started successfully
2026-06-05 15:15:26.600 | INFO     | server:lifespan:41 - SCU-FastAPI Starting...
2026-06-05 15:15:26.609 | INFO     | server:lifespan:51 - SCU-FastAPI Started successfully
2026-06-05 15:15:52.921 | INFO     | server:lifespan:41 - SCU-FastAPI Starting...
2026-06-05 15:15:52.926 | INFO     | server:lifespan:51 - SCU-FastAPI Started successfully
2026-06-05 15:16:20.626 | INFO     | server:lifespan:41 - SCU-FastAPI Starting...
2026-06-05 15:16:20.636 | INFO     | server:lifespan:51 - SCU-FastAPI Started successfully
2026-06-05 15:16:47.729 | INFO     | server:lifespan:41 - SCU-FastAPI Starting...
2026-06-05 15:16:47.736 | INFO     | server:lifespan:51 - SCU-FastAPI Started successfully
2026-06-05 15:17:15.314 | INFO     | server:lifespan:41 - SCU-FastAPI Starting...
2026-06-05 15:17:15.320 | INFO     | server:lifespan:51 - SCU-FastAPI Started successfully
2026-06-05 15:17:41.659 | INFO     | server:lifespan:41 - SCU-FastAPI Starting...
2026-06-05 15:17:41.665 | INFO     | server:lifespan:51 - SCU-FastAPI Started successfully
2026-06-05 15:18:08.114 | INFO     | server:lifespan:41 - SCU-FastAPI Starting...
2026-06-05 15:18:08.120 | INFO     | server:lifespan:51 - SCU-FastAPI Started successfully
2026-06-05 15:18:35.334 | INFO     | server:lifespan:41 - SCU-FastAPI Starting...
2026-06-05 15:18:35.344 | INFO     | server:lifespan:51 - SCU-FastAPI Started successfully
2026-06-05 15:19:02.142 | INFO     | server:lifespan:41 - SCU-FastAPI Starting...
2026-06-05 15:19:02.147 | INFO     | server:lifespan:51 - SCU-FastAPI Started successfully
2026-06-05 15:19:29.485 | INFO     | server:lifespan:41 - SCU-FastAPI Starting...
2026-06-05 15:19:29.490 | INFO     | server:lifespan:51 - SCU-FastAPI Started successfully
2026-06-05 15:19:54.869 | INFO     | server:lifespan:41 - SCU-FastAPI Starting...
2026-06-05 15:19:54.875 | INFO     | server:lifespan:51 - SCU-FastAPI Started successfully
2026-06-05 15:20:21.295 | INFO     | server:lifespan:41 - SCU-FastAPI Starting...
2026-06-05 15:20:21.300 | INFO     | server:lifespan:51 - SCU-FastAPI Started successfully
2026-06-05 15:20:48.273 | INFO     | server:lifespan:41 - SCU-FastAPI Starting...
2026-06-05 15:20:48.278 | INFO     | server:lifespan:51 - SCU-FastAPI Started successfully
2026-06-05 15:21:15.165 | INFO     | server:lifespan:41 - SCU-FastAPI Starting...
2026-06-05 15:21:15.171 | INFO     | server:lifespan:51 - SCU-FastAPI Started successfully
2026-06-05 15:21:41.472 | INFO     | server:lifespan:41 - SCU-FastAPI Starting...
2026-06-05 15:21:41.477 | INFO     | server:lifespan:51 - SCU-FastAPI Started successfully
2026-06-05 15:22:08.736 | INFO     | server:lifespan:41 - SCU-FastAPI Starting...
2026-06-05 15:22:08.742 | INFO     | server:lifespan:51 - SCU-FastAPI Started successfully
2026-06-05 15:22:35.985 | INFO     | server:lifespan:41 - SCU-FastAPI Starting...
2026-06-05 15:22:35.995 | INFO     | server:lifespan:51 - SCU-FastAPI Started successfully
2026-06-05 15:23:04.079 | INFO     | server:lifespan:41 - SCU-FastAPI Starting...
2026-06-05 15:23:04.084 | INFO     | server:lifespan:51 - SCU-FastAPI Started successfully
2026-06-05 15:23:30.900 | INFO     | server:lifespan:41 - SCU-FastAPI Starting...
2026-06-05 15:23:30.909 | INFO     | server:lifespan:51 - SCU-FastAPI Started successfully
2026-06-05 15:23:57.786 | INFO     | server:lifespan:41 - SCU-FastAPI Starting...
2026-06-05 15:23:57.791 | INFO     | server:lifespan:51 - SCU-FastAPI Started successfully
2026-06-05 15:24:25.134 | INFO     | server:lifespan:41 - SCU-FastAPI Starting...
2026-06-05 15:24:25.139 | INFO     | server:lifespan:51 - SCU-FastAPI Started successfully
2026-06-05 15:24:51.826 | INFO     | server:lifespan:41 - SCU-FastAPI Starting...
2026-06-05 15:24:51.834 | INFO     | server:lifespan:51 - SCU-FastAPI Started successfully
2026-06-05 15:25:19.041 | INFO     | server:lifespan:41 - SCU-FastAPI Starting...
2026-06-05 15:25:19.046 | INFO     | server:lifespan:51 - SCU-FastAPI Started successfully
2026-06-05 15:25:45.654 | INFO     | server:lifespan:41 - SCU-FastAPI Starting...
2026-06-05 15:25:45.659 | INFO     | server:lifespan:51 - SCU-FastAPI Started successfully
2026-06-05 15:26:12.794 | INFO     | server:lifespan:41 - SCU-FastAPI Starting...
2026-06-05 15:26:12.801 | INFO     | server:lifespan:51 - SCU-FastAPI Started successfully
2026-06-05 15:26:39.789 | INFO     | server:lifespan:41 - SCU-FastAPI Starting...
2026-06-05 15:26:39.794 | INFO     | server:lifespan:51 - SCU-FastAPI Started successfully
2026-06-05 15:27:06.793 | INFO     | server:lifespan:41 - SCU-FastAPI Starting...
2026-06-05 15:27:06.800 | INFO     | server:lifespan:51 - SCU-FastAPI Started successfully
2026-06-05 15:27:34.659 | INFO     | server:lifespan:41 - SCU-FastAPI Starting...
2026-06-05 15:27:34.665 | INFO     | server:lifespan:51 - SCU-FastAPI Started successfully
2026-06-05 15:28:00.997 | INFO     | server:lifespan:41 - SCU-FastAPI Starting...
2026-06-05 15:28:01.003 | INFO     | server:lifespan:51 - SCU-FastAPI Started successfully
2026-06-05 15:28:27.920 | INFO     | server:lifespan:41 - SCU-FastAPI Starting...
2026-06-05 15:28:27.925 | INFO     | server:lifespan:51 - SCU-FastAPI Started successfully
2026-06-05 15:28:55.009 | INFO     | server:lifespan:41 - SCU-FastAPI Starting...
2026-06-05 15:28:55.014 | INFO     | server:lifespan:51 - SCU-FastAPI Started successfully
2026-06-05 15:29:21.372 | INFO     | server:lifespan:41 - SCU-FastAPI Starting...
2026-06-05 15:29:21.377 | INFO     | server:lifespan:51 - SCU-FastAPI Started successfully
2026-06-05 15:29:48.140 | INFO     | server:lifespan:41 - SCU-FastAPI Starting...
2026-06-05 15:29:48.146 | INFO     | server:lifespan:51 - SCU-FastAPI Started successfully
2026-06-05 15:30:14.206 | INFO     | server:lifespan:41 - SCU-FastAPI Starting...
2026-06-05 15:30:14.211 | INFO     | server:lifespan:51 - SCU-FastAPI Started successfully
2026-06-05 15:30:41.578 | INFO     | server:lifespan:41 - SCU-FastAPI Starting...
2026-06-05 15:30:41.583 | INFO     | server:lifespan:51 - SCU-FastAPI Started successfully
2026-06-05 15:31:08.497 | INFO     | server:lifespan:41 - SCU-FastAPI Starting...
2026-06-05 15:31:08.503 | INFO     | server:lifespan:51 - SCU-FastAPI Started successfully
2026-06-05 15:31:35.162 | INFO     | server:lifespan:41 - SCU-FastAPI Starting...
2026-06-05 15:31:35.167 | INFO     | server:lifespan:51 - SCU-FastAPI Started successfully
2026-06-05 15:32:02.368 | INFO     | server:lifespan:41 - SCU-FastAPI Starting...
2026-06-05 15:32:02.373 | INFO     | server:lifespan:51 - SCU-FastAPI Started successfully
2026-06-05 15:32:29.269 | INFO     | server:lifespan:41 - SCU-FastAPI Starting...
2026-06-05 15:32:29.275 | INFO     | server:lifespan:51 - SCU-FastAPI Started successfully
2026-06-05 15:32:55.837 | INFO     | server:lifespan:41 - SCU-FastAPI Starting...
2026-06-05 15:32:55.843 | INFO     | server:lifespan:51 - SCU-FastAPI Started successfully
2026-06-05 15:33:22.640 | INFO     | server:lifespan:41 - SCU-FastAPI Starting...
2026-06-05 15:33:22.646 | INFO     | server:lifespan:51 - SCU-FastAPI Started successfully
2026-06-05 15:33:49.228 | INFO     | server:lifespan:41 - SCU-FastAPI Starting...
2026-06-05 15:33:49.234 | INFO     | server:lifespan:51 - SCU-FastAPI Started successfully
2026-06-05 15:34:17.306 | INFO     | server:lifespan:41 - SCU-FastAPI Starting...
2026-06-05 15:34:17.312 | INFO     | server:lifespan:51 - SCU-FastAPI Started successfully
2026-06-05 15:34:43.692 | INFO     | server:lifespan:41 - SCU-FastAPI Starting...
2026-06-05 15:34:43.703 | INFO     | server:lifespan:51 - SCU-FastAPI Started successfully
2026-06-05 15:35:10.621 | INFO     | server:lifespan:41 - SCU-FastAPI Starting...
2026-06-05 15:35:10.626 | INFO     | server:lifespan:51 - SCU-FastAPI Started successfully
2026-06-05 15:35:36.759 | INFO     | server:lifespan:41 - SCU-FastAPI Starting...
2026-06-05 15:35:36.766 | INFO     | server:lifespan:51 - SCU-FastAPI Started successfully
2026-06-05 15:36:03.420 | INFO     | server:lifespan:41 - SCU-FastAPI Starting...
2026-06-05 15:36:03.426 | INFO     | server:lifespan:51 - SCU-FastAPI Started successfully
2026-06-05 15:36:30.553 | INFO     | server:lifespan:41 - SCU-FastAPI Starting...
2026-06-05 15:36:30.560 | INFO     | server:lifespan:51 - SCU-FastAPI Started successfully
2026-06-05 15:36:56.988 | INFO     | server:lifespan:41 - SCU-FastAPI Starting...
2026-06-05 15:36:56.994 | INFO     | server:lifespan:51 - SCU-FastAPI Started successfully
2026-06-05 15:37:23.776 | INFO     | server:lifespan:41 - SCU-FastAPI Starting...
2026-06-05 15:37:23.783 | INFO     | server:lifespan:51 - SCU-FastAPI Started successfully
2026-06-05 15:37:27.534 | INFO     | module_admin.controller.login_controller:get_login_user_info:71 - 获取成功
2026-06-05 15:37:28.052 | INFO     | module_admin.controller.login_controller:get_login_user_routers:83 - 获取成功
2026-06-05 15:37:29.410 | INFO     | module_device.controller.topology_controller:get_topology_list:20 - 获取拓扑结构列表成功
2026-06-05 15:37:50.341 | INFO     | server:lifespan:41 - SCU-FastAPI Starting...
2026-06-05 15:37:50.347 | INFO     | server:lifespan:51 - SCU-FastAPI Started successfully
2026-06-05 15:38:16.501 | INFO     | server:lifespan:41 - SCU-FastAPI Starting...
2026-06-05 15:38:16.506 | INFO     | server:lifespan:51 - SCU-FastAPI Started successfully
2026-06-05 15:38:42.877 | INFO     | server:lifespan:41 - SCU-FastAPI Starting...
2026-06-05 15:38:42.882 | INFO     | server:lifespan:51 - SCU-FastAPI Started successfully
2026-06-05 15:39:09.711 | INFO     | server:lifespan:41 - SCU-FastAPI Starting...
2026-06-05 15:39:09.716 | INFO     | server:lifespan:51 - SCU-FastAPI Started successfully
2026-06-05 15:39:37.815 | INFO     | server:lifespan:41 - SCU-FastAPI Starting...
2026-06-05 15:39:37.821 | INFO     | server:lifespan:51 - SCU-FastAPI Started successfully
2026-06-05 15:40:04.729 | INFO     | server:lifespan:41 - SCU-FastAPI Starting...
2026-06-05 15:40:04.735 | INFO     | server:lifespan:51 - SCU-FastAPI Started successfully
2026-06-05 15:40:31.455 | INFO     | server:lifespan:41 - SCU-FastAPI Starting...
2026-06-05 15:40:31.464 | INFO     | server:lifespan:51 - SCU-FastAPI Started successfully
2026-06-05 15:41:01.741 | INFO     | server:lifespan:41 - SCU-FastAPI Starting...
2026-06-05 15:41:01.748 | INFO     | server:lifespan:51 - SCU-FastAPI Started successfully
2026-06-05 15:41:28.635 | INFO     | server:lifespan:41 - SCU-FastAPI Starting...
2026-06-05 15:41:28.644 | INFO     | server:lifespan:51 - SCU-FastAPI Started successfully
2026-06-05 15:41:54.726 | INFO     | server:lifespan:41 - SCU-FastAPI Starting...
2026-06-05 15:41:54.731 | INFO     | server:lifespan:51 - SCU-FastAPI Started successfully
2026-06-05 15:42:21.842 | INFO     | server:lifespan:41 - SCU-FastAPI Starting...
2026-06-05 15:42:21.848 | INFO     | server:lifespan:51 - SCU-FastAPI Started successfully
2026-06-05 15:42:48.192 | INFO     | server:lifespan:41 - SCU-FastAPI Starting...
2026-06-05 15:42:48.199 | INFO     | server:lifespan:51 - SCU-FastAPI Started successfully
2026-06-05 15:43:14.678 | INFO     | server:lifespan:41 - SCU-FastAPI Starting...
2026-06-05 15:43:14.684 | INFO     | server:lifespan:51 - SCU-FastAPI Started successfully
2026-06-05 15:43:41.409 | INFO     | server:lifespan:41 - SCU-FastAPI Starting...
2026-06-05 15:43:41.416 | INFO     | server:lifespan:51 - SCU-FastAPI Started successfully
2026-06-05 15:44:08.233 | INFO     | server:lifespan:41 - SCU-FastAPI Starting...
2026-06-05 15:44:08.240 | INFO     | server:lifespan:51 - SCU-FastAPI Started successfully
2026-06-05 15:44:34.671 | INFO     | server:lifespan:41 - SCU-FastAPI Starting...
2026-06-05 15:44:34.676 | INFO     | server:lifespan:51 - SCU-FastAPI Started successfully
2026-06-05 15:45:00.952 | INFO     | server:lifespan:41 - SCU-FastAPI Starting...
2026-06-05 15:45:00.958 | INFO     | server:lifespan:51 - SCU-FastAPI Started successfully
2026-06-05 15:45:28.099 | INFO     | server:lifespan:41 - SCU-FastAPI Starting...
2026-06-05 15:45:28.104 | INFO     | server:lifespan:51 - SCU-FastAPI Started successfully
2026-06-05 15:45:55.141 | INFO     | server:lifespan:41 - SCU-FastAPI Starting...
2026-06-05 15:45:55.147 | INFO     | server:lifespan:51 - SCU-FastAPI Started successfully
2026-06-05 15:46:21.916 | INFO     | server:lifespan:41 - SCU-FastAPI Starting...
2026-06-05 15:46:21.921 | INFO     | server:lifespan:51 - SCU-FastAPI Started successfully
2026-06-05 15:46:48.332 | INFO     | server:lifespan:41 - SCU-FastAPI Starting...
2026-06-05 15:46:48.338 | INFO     | server:lifespan:51 - SCU-FastAPI Started successfully
2026-06-05 15:47:15.339 | INFO     | server:lifespan:41 - SCU-FastAPI Starting...
2026-06-05 15:47:15.346 | INFO     | server:lifespan:51 - SCU-FastAPI Started successfully
2026-06-05 15:47:41.691 | INFO     | server:lifespan:41 - SCU-FastAPI Starting...
2026-06-05 15:47:41.696 | INFO     | server:lifespan:51 - SCU-FastAPI Started successfully
2026-06-05 15:48:08.143 | INFO     | server:lifespan:41 - SCU-FastAPI Starting...
2026-06-05 15:48:08.153 | INFO     | server:lifespan:51 - SCU-FastAPI Started successfully
2026-06-05 15:48:34.166 | INFO     | server:lifespan:41 - SCU-FastAPI Starting...
2026-06-05 15:48:34.171 | INFO     | server:lifespan:51 - SCU-FastAPI Started successfully
2026-06-05 15:49:00.678 | INFO     | server:lifespan:41 - SCU-FastAPI Starting...
2026-06-05 15:49:00.684 | INFO     | server:lifespan:51 - SCU-FastAPI Started successfully
2026-06-05 15:49:26.985 | INFO     | server:lifespan:41 - SCU-FastAPI Starting...
2026-06-05 15:49:26.990 | INFO     | server:lifespan:51 - SCU-FastAPI Started successfully
2026-06-05 15:49:53.999 | INFO     | server:lifespan:41 - SCU-FastAPI Starting...
2026-06-05 15:49:54.006 | INFO     | server:lifespan:51 - SCU-FastAPI Started successfully
2026-06-05 15:50:21.822 | INFO     | server:lifespan:41 - SCU-FastAPI Starting...
2026-06-05 15:50:21.829 | INFO     | server:lifespan:51 - SCU-FastAPI Started successfully
2026-06-05 15:50:48.392 | INFO     | server:lifespan:41 - SCU-FastAPI Starting...
2026-06-05 15:50:48.397 | INFO     | server:lifespan:51 - SCU-FastAPI Started successfully
2026-06-05 15:51:15.242 | INFO     | server:lifespan:41 - SCU-FastAPI Starting...
2026-06-05 15:51:15.247 | INFO     | server:lifespan:51 - SCU-FastAPI Started successfully
2026-06-05 15:51:41.733 | INFO     | server:lifespan:41 - SCU-FastAPI Starting...
2026-06-05 15:51:41.742 | INFO     | server:lifespan:51 - SCU-FastAPI Started successfully
2026-06-05 15:52:09.248 | INFO     | server:lifespan:41 - SCU-FastAPI Starting...
2026-06-05 15:52:09.253 | INFO     | server:lifespan:51 - SCU-FastAPI Started successfully
2026-06-05 15:52:37.118 | INFO     | server:lifespan:41 - SCU-FastAPI Starting...
2026-06-05 15:52:37.124 | INFO     | server:lifespan:51 - SCU-FastAPI Started successfully
2026-06-05 15:53:03.852 | INFO     | server:lifespan:41 - SCU-FastAPI Starting...
2026-06-05 15:53:03.857 | INFO     | server:lifespan:51 - SCU-FastAPI Started successfully
2026-06-05 15:53:30.303 | INFO     | server:lifespan:41 - SCU-FastAPI Starting...
2026-06-05 15:53:30.309 | INFO     | server:lifespan:51 - SCU-FastAPI Started successfully
2026-06-05 15:53:57.793 | INFO     | server:lifespan:41 - SCU-FastAPI Starting...
2026-06-05 15:53:57.798 | INFO     | server:lifespan:51 - SCU-FastAPI Started successfully
2026-06-05 15:54:24.473 | INFO     | server:lifespan:41 - SCU-FastAPI Starting...
2026-06-05 15:54:24.479 | INFO     | server:lifespan:51 - SCU-FastAPI Started successfully
2026-06-05 15:54:51.028 | INFO     | server:lifespan:41 - SCU-FastAPI Starting...
2026-06-05 15:54:51.035 | INFO     | server:lifespan:51 - SCU-FastAPI Started successfully
2026-06-05 15:55:17.873 | INFO     | server:lifespan:41 - SCU-FastAPI Starting...
2026-06-05 15:55:17.879 | INFO     | server:lifespan:51 - SCU-FastAPI Started successfully
2026-06-05 15:55:44.179 | INFO     | server:lifespan:41 - SCU-FastAPI Starting...
2026-06-05 15:55:44.186 | INFO     | server:lifespan:51 - SCU-FastAPI Started successfully
2026-06-05 15:56:10.482 | INFO     | server:lifespan:41 - SCU-FastAPI Starting...
2026-06-05 15:56:10.488 | INFO     | server:lifespan:51 - SCU-FastAPI Started successfully
2026-06-05 15:56:37.414 | INFO     | server:lifespan:41 - SCU-FastAPI Starting...
2026-06-05 15:56:37.420 | INFO     | server:lifespan:51 - SCU-FastAPI Started successfully
2026-06-05 15:57:04.023 | INFO     | server:lifespan:41 - SCU-FastAPI Starting...
2026-06-05 15:57:04.030 | INFO     | server:lifespan:51 - SCU-FastAPI Started successfully
2026-06-05 15:57:31.125 | INFO     | server:lifespan:41 - SCU-FastAPI Starting...
2026-06-05 15:57:31.130 | INFO     | server:lifespan:51 - SCU-FastAPI Started successfully
2026-06-05 15:57:57.042 | INFO     | server:lifespan:41 - SCU-FastAPI Starting...
2026-06-05 15:57:57.047 | INFO     | server:lifespan:51 - SCU-FastAPI Started successfully
2026-06-05 15:58:24.475 | INFO     | server:lifespan:41 - SCU-FastAPI Starting...
2026-06-05 15:58:24.480 | INFO     | server:lifespan:51 - SCU-FastAPI Started successfully
2026-06-05 15:58:51.481 | INFO     | server:lifespan:41 - SCU-FastAPI Starting...
2026-06-05 15:58:51.489 | INFO     | server:lifespan:51 - SCU-FastAPI Started successfully
2026-06-05 15:59:18.611 | INFO     | server:lifespan:41 - SCU-FastAPI Starting...
2026-06-05 15:59:18.618 | INFO     | server:lifespan:51 - SCU-FastAPI Started successfully
2026-06-05 15:59:45.591 | INFO     | server:lifespan:41 - SCU-FastAPI Starting...
2026-06-05 15:59:45.597 | INFO     | server:lifespan:51 - SCU-FastAPI Started successfully
2026-06-05 16:00:12.063 | INFO     | server:lifespan:41 - SCU-FastAPI Starting...
2026-06-05 16:00:12.068 | INFO     | server:lifespan:51 - SCU-FastAPI Started successfully
2026-06-05 16:00:38.550 | INFO     | server:lifespan:41 - SCU-FastAPI Starting...
2026-06-05 16:00:38.557 | INFO     | server:lifespan:51 - SCU-FastAPI Started successfully
2026-06-05 16:01:05.675 | INFO     | server:lifespan:41 - SCU-FastAPI Starting...
2026-06-05 16:01:05.680 | INFO     | server:lifespan:51 - SCU-FastAPI Started successfully
2026-06-05 16:01:32.783 | INFO     | server:lifespan:41 - SCU-FastAPI Starting...
2026-06-05 16:01:32.788 | INFO     | server:lifespan:51 - SCU-FastAPI Started successfully
2026-06-05 16:02:00.691 | INFO     | server:lifespan:41 - SCU-FastAPI Starting...
2026-06-05 16:02:00.697 | INFO     | server:lifespan:51 - SCU-FastAPI Started successfully
2026-06-05 16:02:27.067 | INFO     | server:lifespan:41 - SCU-FastAPI Starting...
2026-06-05 16:02:27.074 | INFO     | server:lifespan:51 - SCU-FastAPI Started successfully
2026-06-05 16:02:54.902 | INFO     | server:lifespan:41 - SCU-FastAPI Starting...
2026-06-05 16:02:54.909 | INFO     | server:lifespan:51 - SCU-FastAPI Started successfully
2026-06-05 16:03:21.255 | INFO     | server:lifespan:41 - SCU-FastAPI Starting...
2026-06-05 16:03:21.260 | INFO     | server:lifespan:51 - SCU-FastAPI Started successfully
2026-06-05 16:03:48.240 | INFO     | server:lifespan:41 - SCU-FastAPI Starting...
2026-06-05 16:03:48.245 | INFO     | server:lifespan:51 - SCU-FastAPI Started successfully
2026-06-05 16:04:15.649 | INFO     | server:lifespan:41 - SCU-FastAPI Starting...
2026-06-05 16:04:15.654 | INFO     | server:lifespan:51 - SCU-FastAPI Started successfully
2026-06-05 16:04:42.746 | INFO     | server:lifespan:41 - SCU-FastAPI Starting...
2026-06-05 16:04:42.751 | INFO     | server:lifespan:51 - SCU-FastAPI Started successfully
2026-06-05 16:05:09.153 | INFO     | server:lifespan:41 - SCU-FastAPI Starting...
2026-06-05 16:05:09.159 | INFO     | server:lifespan:51 - SCU-FastAPI Started successfully
2026-06-05 16:05:36.291 | INFO     | server:lifespan:41 - SCU-FastAPI Starting...
2026-06-05 16:05:36.297 | INFO     | server:lifespan:51 - SCU-FastAPI Started successfully
2026-06-05 16:06:02.599 | INFO     | server:lifespan:41 - SCU-FastAPI Starting...
2026-06-05 16:06:02.606 | INFO     | server:lifespan:51 - SCU-FastAPI Started successfully
2026-06-05 16:06:29.499 | INFO     | server:lifespan:41 - SCU-FastAPI Starting...
2026-06-05 16:06:29.504 | INFO     | server:lifespan:51 - SCU-FastAPI Started successfully
2026-06-05 16:07:00.949 | INFO     | server:lifespan:41 - SCU-FastAPI Starting...
2026-06-05 16:07:00.956 | INFO     | server:lifespan:51 - SCU-FastAPI Started successfully
2026-06-05 16:07:04.371 | INFO     | module_device.controller.topology_controller:get_topology_list:20 - 获取拓扑结构列表成功
2026-06-05 16:07:33.651 | INFO     | server:lifespan:41 - SCU-FastAPI Starting...
2026-06-05 16:07:33.659 | INFO     | server:lifespan:51 - SCU-FastAPI Started successfully
2026-06-05 16:07:38.001 | INFO     | module_admin.controller.login_controller:get_login_user_info:71 - 获取成功
2026-06-05 16:07:38.115 | INFO     | module_admin.controller.login_controller:get_login_user_routers:83 - 获取成功
2026-06-05 16:07:39.289 | INFO     | module_device.controller.topology_controller:get_topology_list:20 - 获取拓扑结构列表成功
2026-06-05 16:07:52.180 | INFO     | module_admin.controller.login_controller:get_login_user_info:71 - 获取成功
2026-06-05 16:07:52.301 | INFO     | module_admin.controller.login_controller:get_login_user_routers:83 - 获取成功
2026-06-05 16:07:52.808 | INFO     | module_device.controller.topology_controller:get_topology_list:20 - 获取拓扑结构列表成功
2026-06-05 16:08:00.984 | INFO     | server:lifespan:41 - SCU-FastAPI Starting...
2026-06-05 16:08:00.990 | INFO     | server:lifespan:51 - SCU-FastAPI Started successfully
2026-06-05 16:08:27.800 | INFO     | server:lifespan:41 - SCU-FastAPI Starting...
2026-06-05 16:08:27.806 | INFO     | server:lifespan:51 - SCU-FastAPI Started successfully
2026-06-05 16:08:54.044 | INFO     | server:lifespan:41 - SCU-FastAPI Starting...
2026-06-05 16:08:54.050 | INFO     | server:lifespan:51 - SCU-FastAPI Started successfully
2026-06-05 16:09:21.584 | INFO     | server:lifespan:41 - SCU-FastAPI Starting...
2026-06-05 16:09:21.590 | INFO     | server:lifespan:51 - SCU-FastAPI Started successfully
2026-06-05 16:09:48.345 | INFO     | server:lifespan:41 - SCU-FastAPI Starting...
2026-06-05 16:09:48.351 | INFO     | server:lifespan:51 - SCU-FastAPI Started successfully
2026-06-05 16:10:15.495 | INFO     | server:lifespan:41 - SCU-FastAPI Starting...
2026-06-05 16:10:15.500 | INFO     | server:lifespan:51 - SCU-FastAPI Started successfully
2026-06-05 16:10:42.602 | INFO     | server:lifespan:41 - SCU-FastAPI Starting...
2026-06-05 16:10:42.608 | INFO     | server:lifespan:51 - SCU-FastAPI Started successfully
2026-06-05 16:11:08.838 | INFO     | server:lifespan:41 - SCU-FastAPI Starting...
2026-06-05 16:11:08.845 | INFO     | server:lifespan:51 - SCU-FastAPI Started successfully
2026-06-05 16:11:37.139 | INFO     | server:lifespan:41 - SCU-FastAPI Starting...
2026-06-05 16:11:37.145 | INFO     | server:lifespan:51 - SCU-FastAPI Started successfully
2026-06-05 16:11:49.477 | INFO     | module_admin.controller.login_controller:get_login_user_info:71 - 获取成功
2026-06-05 16:11:49.595 | INFO     | module_admin.controller.login_controller:get_login_user_routers:83 - 获取成功
2026-06-05 16:11:50.735 | INFO     | module_device.controller.topology_controller:get_topology_list:20 - 获取拓扑结构列表成功
2026-06-05 16:12:09.951 | INFO     | server:lifespan:41 - SCU-FastAPI Starting...
2026-06-05 16:12:09.958 | INFO     | server:lifespan:51 - SCU-FastAPI Started successfully
2026-06-05 16:12:31.514 | INFO     | module_admin.controller.login_controller:get_login_user_info:71 - 获取成功
2026-06-05 16:12:31.648 | INFO     | module_admin.controller.login_controller:get_login_user_routers:83 - 获取成功
2026-06-05 16:12:32.879 | INFO     | module_device.controller.topology_controller:get_topology_list:20 - 获取拓扑结构列表成功
2026-06-05 16:12:39.940 | INFO     | server:lifespan:41 - SCU-FastAPI Starting...
2026-06-05 16:12:39.947 | INFO     | server:lifespan:51 - SCU-FastAPI Started successfully
2026-06-05 16:13:06.616 | INFO     | server:lifespan:41 - SCU-FastAPI Starting...
2026-06-05 16:13:06.623 | INFO     | server:lifespan:51 - SCU-FastAPI Started successfully
2026-06-05 16:13:33.404 | INFO     | server:lifespan:41 - SCU-FastAPI Starting...
2026-06-05 16:13:33.411 | INFO     | server:lifespan:51 - SCU-FastAPI Started successfully
2026-06-05 16:13:50.666 | INFO     | module_device.controller.topology_controller:get_topology_list:20 - 获取拓扑结构列表成功
2026-06-05 16:13:50.741 | INFO     | module_admin.controller.login_controller:get_login_user_info:71 - 获取成功
2026-06-05 16:13:50.866 | INFO     | module_admin.controller.login_controller:get_login_user_routers:83 - 获取成功
2026-06-05 16:13:51.417 | INFO     | module_device.controller.topology_controller:get_topology_list:20 - 获取拓扑结构列表成功
2026-06-05 16:14:00.032 | INFO     | server:lifespan:41 - SCU-FastAPI Starting...
2026-06-05 16:14:00.037 | INFO     | server:lifespan:51 - SCU-FastAPI Started successfully
2026-06-05 16:14:26.705 | INFO     | server:lifespan:41 - SCU-FastAPI Starting...
2026-06-05 16:14:26.710 | INFO     | server:lifespan:51 - SCU-FastAPI Started successfully
2026-06-05 16:14:53.938 | INFO     | server:lifespan:41 - SCU-FastAPI Starting...
2026-06-05 16:14:53.944 | INFO     | server:lifespan:51 - SCU-FastAPI Started successfully
2026-06-05 16:15:21.724 | INFO     | server:lifespan:41 - SCU-FastAPI Starting...
2026-06-05 16:15:21.729 | INFO     | server:lifespan:51 - SCU-FastAPI Started successfully
2026-06-05 16:15:47.585 | INFO     | server:lifespan:41 - SCU-FastAPI Starting...
2026-06-05 16:15:47.592 | INFO     | server:lifespan:51 - SCU-FastAPI Started successfully
2026-06-05 16:16:21.577 | INFO     | server:lifespan:41 - SCU-FastAPI Starting...
2026-06-05 16:16:21.583 | INFO     | server:lifespan:51 - SCU-FastAPI Started successfully
2026-06-05 16:16:38.326 | INFO     | module_admin.controller.login_controller:get_login_user_info:71 - 获取成功
2026-06-05 16:16:38.458 | INFO     | module_admin.controller.login_controller:get_login_user_routers:83 - 获取成功
2026-06-05 16:16:39.672 | INFO     | module_device.controller.topology_controller:get_topology_list:20 - 获取拓扑结构列表成功
2026-06-05 16:16:51.758 | INFO     | server:lifespan:41 - SCU-FastAPI Starting...
2026-06-05 16:16:51.765 | INFO     | server:lifespan:51 - SCU-FastAPI Started successfully
2026-06-05 16:17:20.014 | INFO     | server:lifespan:41 - SCU-FastAPI Starting...
2026-06-05 16:17:20.019 | INFO     | server:lifespan:51 - SCU-FastAPI Started successfully
2026-06-05 16:17:46.367 | INFO     | server:lifespan:41 - SCU-FastAPI Starting...
2026-06-05 16:17:46.375 | INFO     | server:lifespan:51 - SCU-FastAPI Started successfully
2026-06-05 16:18:02.675 | INFO     | module_device.controller.topology_controller:get_topology_list:20 - 获取拓扑结构列表成功
2026-06-05 16:18:02.924 | INFO     | module_admin.controller.login_controller:get_login_user_info:71 - 获取成功
2026-06-05 16:18:03.072 | INFO     | module_admin.controller.login_controller:get_login_user_routers:83 - 获取成功
2026-06-05 16:18:03.602 | INFO     | module_device.controller.topology_controller:get_topology_list:20 - 获取拓扑结构列表成功
2026-06-05 16:18:13.579 | INFO     | server:lifespan:41 - SCU-FastAPI Starting...
2026-06-05 16:18:13.584 | INFO     | server:lifespan:51 - SCU-FastAPI Started successfully
2026-06-05 16:18:41.935 | INFO     | server:lifespan:41 - SCU-FastAPI Starting...
2026-06-05 16:18:41.940 | INFO     | server:lifespan:51 - SCU-FastAPI Started successfully
2026-06-05 16:19:13.439 | INFO     | server:lifespan:41 - SCU-FastAPI Starting...
2026-06-05 16:19:13.446 | INFO     | server:lifespan:51 - SCU-FastAPI Started successfully
2026-06-05 16:19:17.378 | INFO     | module_admin.controller.login_controller:get_login_user_info:71 - 获取成功
2026-06-05 16:19:17.490 | INFO     | module_admin.controller.login_controller:get_login_user_routers:83 - 获取成功
2026-06-05 16:19:18.611 | INFO     | module_device.controller.topology_controller:get_topology_list:20 - 获取拓扑结构列表成功
2026-06-05 16:19:39.821 | INFO     | server:lifespan:41 - SCU-FastAPI Starting...
2026-06-05 16:19:39.827 | INFO     | server:lifespan:51 - SCU-FastAPI Started successfully
2026-06-05 16:20:06.527 | INFO     | server:lifespan:41 - SCU-FastAPI Starting...
2026-06-05 16:20:06.532 | INFO     | server:lifespan:51 - SCU-FastAPI Started successfully
2026-06-05 16:20:30.198 | INFO     | module_admin.controller.login_controller:get_login_user_info:71 - 获取成功
2026-06-05 16:20:30.328 | INFO     | module_admin.controller.login_controller:get_login_user_routers:83 - 获取成功
2026-06-05 16:20:30.898 | INFO     | module_device.controller.topology_controller:get_topology_list:20 - 获取拓扑结构列表成功
2026-06-05 16:20:32.707 | INFO     | server:lifespan:41 - SCU-FastAPI Starting...
2026-06-05 16:20:32.712 | INFO     | server:lifespan:51 - SCU-FastAPI Started successfully
2026-06-05 16:20:42.276 | INFO     | module_device.controller.topology_controller:get_topology_list:20 - 获取拓扑结构列表成功
2026-06-05 16:20:42.346 | INFO     | module_admin.controller.login_controller:get_login_user_info:71 - 获取成功
2026-06-05 16:20:42.446 | INFO     | module_admin.controller.login_controller:get_login_user_routers:83 - 获取成功
2026-06-05 16:20:42.906 | INFO     | module_device.controller.topology_controller:get_topology_list:20 - 获取拓扑结构列表成功
2026-06-05 16:20:59.071 | INFO     | server:lifespan:41 - SCU-FastAPI Starting...
2026-06-05 16:20:59.076 | INFO     | server:lifespan:51 - SCU-FastAPI Started successfully
2026-06-05 16:21:26.791 | INFO     | server:lifespan:41 - SCU-FastAPI Starting...
2026-06-05 16:21:26.796 | INFO     | server:lifespan:51 - SCU-FastAPI Started successfully
2026-06-05 16:21:53.162 | INFO     | server:lifespan:41 - SCU-FastAPI Starting...
2026-06-05 16:21:53.169 | INFO     | server:lifespan:51 - SCU-FastAPI Started successfully
2026-06-05 16:22:20.054 | INFO     | server:lifespan:41 - SCU-FastAPI Starting...
2026-06-05 16:22:20.060 | INFO     | server:lifespan:51 - SCU-FastAPI Started successfully
2026-06-05 16:22:48.223 | INFO     | server:lifespan:41 - SCU-FastAPI Starting...
2026-06-05 16:22:48.229 | INFO     | server:lifespan:51 - SCU-FastAPI Started successfully
2026-06-05 16:23:15.457 | INFO     | server:lifespan:41 - SCU-FastAPI Starting...
2026-06-05 16:23:15.463 | INFO     | server:lifespan:51 - SCU-FastAPI Started successfully
2026-06-05 16:23:43.360 | INFO     | server:lifespan:41 - SCU-FastAPI Starting...
2026-06-05 16:23:43.369 | INFO     | server:lifespan:51 - SCU-FastAPI Started successfully
2026-06-05 16:24:08.377 | INFO     | module_admin.controller.login_controller:get_login_user_info:71 - 获取成功
2026-06-05 16:24:08.507 | INFO     | module_admin.controller.login_controller:get_login_user_routers:83 - 获取成功
2026-06-05 16:24:10.012 | INFO     | module_device.controller.topology_controller:get_topology_list:20 - 获取拓扑结构列表成功
2026-06-05 16:24:15.221 | INFO     | server:lifespan:41 - SCU-FastAPI Starting...
2026-06-05 16:24:15.227 | INFO     | server:lifespan:51 - SCU-FastAPI Started successfully
2026-06-05 16:24:37.628 | INFO     | module_admin.controller.login_controller:get_login_user_info:71 - 获取成功
2026-06-05 16:24:37.736 | INFO     | module_admin.controller.login_controller:get_login_user_routers:83 - 获取成功
2026-06-05 16:24:38.321 | INFO     | module_device.controller.topology_controller:get_topology_list:20 - 获取拓扑结构列表成功
2026-06-05 16:24:41.309 | INFO     | server:lifespan:41 - SCU-FastAPI Starting...
2026-06-05 16:24:41.314 | INFO     | server:lifespan:51 - SCU-FastAPI Started successfully
2026-06-05 16:25:08.009 | INFO     | server:lifespan:41 - SCU-FastAPI Starting...
2026-06-05 16:25:08.014 | INFO     | server:lifespan:51 - SCU-FastAPI Started successfully
2026-06-05 16:25:34.169 | INFO     | server:lifespan:41 - SCU-FastAPI Starting...
2026-06-05 16:25:34.174 | INFO     | server:lifespan:51 - SCU-FastAPI Started successfully
2026-06-05 16:26:00.769 | INFO     | server:lifespan:41 - SCU-FastAPI Starting...
2026-06-05 16:26:00.776 | INFO     | server:lifespan:51 - SCU-FastAPI Started successfully
2026-06-05 16:26:27.082 | INFO     | server:lifespan:41 - SCU-FastAPI Starting...
2026-06-05 16:26:27.089 | INFO     | server:lifespan:51 - SCU-FastAPI Started successfully
2026-06-05 16:26:47.040 | INFO     | module_device.controller.topology_controller:get_topology_list:20 - 获取拓扑结构列表成功
2026-06-05 16:26:47.422 | INFO     | module_admin.controller.login_controller:get_login_user_info:71 - 获取成功
2026-06-05 16:26:47.532 | INFO     | module_admin.controller.login_controller:get_login_user_routers:83 - 获取成功
2026-06-05 16:26:48.081 | INFO     | module_device.controller.topology_controller:get_topology_list:20 - 获取拓扑结构列表成功
2026-06-05 16:26:53.701 | INFO     | server:lifespan:41 - SCU-FastAPI Starting...
2026-06-05 16:26:53.708 | INFO     | server:lifespan:51 - SCU-FastAPI Started successfully
2026-06-05 16:27:19.995 | INFO     | server:lifespan:41 - SCU-FastAPI Starting...
2026-06-05 16:27:20.001 | INFO     | server:lifespan:51 - SCU-FastAPI Started successfully
2026-06-05 16:27:47.128 | INFO     | server:lifespan:41 - SCU-FastAPI Starting...
2026-06-05 16:27:47.137 | INFO     | server:lifespan:51 - SCU-FastAPI Started successfully
2026-06-05 16:28:14.545 | INFO     | server:lifespan:41 - SCU-FastAPI Starting...
2026-06-05 16:28:14.553 | INFO     | server:lifespan:51 - SCU-FastAPI Started successfully
2026-06-05 16:28:44.753 | INFO     | server:lifespan:41 - SCU-FastAPI Starting...
2026-06-05 16:28:44.759 | INFO     | server:lifespan:51 - SCU-FastAPI Started successfully
2026-06-05 16:29:08.894 | INFO     | module_admin.controller.login_controller:get_login_user_info:71 - 获取成功
2026-06-05 16:29:09.027 | INFO     | module_admin.controller.login_controller:get_login_user_routers:83 - 获取成功
2026-06-05 16:29:10.171 | INFO     | module_device.controller.topology_controller:get_topology_list:20 - 获取拓扑结构列表成功
2026-06-05 16:29:12.321 | INFO     | server:lifespan:41 - SCU-FastAPI Starting...
2026-06-05 16:29:12.327 | INFO     | server:lifespan:51 - SCU-FastAPI Started successfully
2026-06-05 16:29:13.329 | INFO     | module_device.controller.topology_controller:get_topology_list:20 - 获取拓扑结构列表成功
2026-06-05 16:29:13.470 | INFO     | module_admin.controller.login_controller:get_login_user_info:71 - 获取成功
2026-06-05 16:29:13.594 | INFO     | module_admin.controller.login_controller:get_login_user_routers:83 - 获取成功
2026-06-05 16:29:14.071 | INFO     | module_device.controller.topology_controller:get_topology_list:20 - 获取拓扑结构列表成功
2026-06-05 16:29:39.616 | INFO     | server:lifespan:41 - SCU-FastAPI Starting...
2026-06-05 16:29:39.622 | INFO     | server:lifespan:51 - SCU-FastAPI Started successfully
2026-06-05 16:30:06.273 | INFO     | server:lifespan:41 - SCU-FastAPI Starting...
2026-06-05 16:30:06.279 | INFO     | server:lifespan:51 - SCU-FastAPI Started successfully
2026-06-05 16:30:33.670 | INFO     | server:lifespan:41 - SCU-FastAPI Starting...
2026-06-05 16:30:33.675 | INFO     | server:lifespan:51 - SCU-FastAPI Started successfully
2026-06-05 16:30:47.554 | INFO     | module_device.controller.topology_controller:get_topology_list:20 - 获取拓扑结构列表成功
2026-06-05 16:30:47.645 | INFO     | module_admin.controller.login_controller:get_login_user_info:71 - 获取成功
2026-06-05 16:30:47.930 | INFO     | module_admin.controller.login_controller:get_login_user_routers:83 - 获取成功
2026-06-05 16:30:48.410 | INFO     | module_device.controller.topology_controller:get_topology_list:20 - 获取拓扑结构列表成功
2026-06-05 16:31:00.887 | INFO     | server:lifespan:41 - SCU-FastAPI Starting...
2026-06-05 16:31:00.896 | INFO     | server:lifespan:51 - SCU-FastAPI Started successfully
2026-06-05 16:31:27.672 | INFO     | server:lifespan:41 - SCU-FastAPI Starting...
2026-06-05 16:31:27.678 | INFO     | server:lifespan:51 - SCU-FastAPI Started successfully
2026-06-05 16:31:54.560 | INFO     | server:lifespan:41 - SCU-FastAPI Starting...
2026-06-05 16:31:54.566 | INFO     | server:lifespan:51 - SCU-FastAPI Started successfully
2026-06-05 16:32:21.145 | INFO     | server:lifespan:41 - SCU-FastAPI Starting...
2026-06-05 16:32:21.152 | INFO     | server:lifespan:51 - SCU-FastAPI Started successfully
2026-06-05 16:32:47.515 | INFO     | server:lifespan:41 - SCU-FastAPI Starting...
2026-06-05 16:32:47.520 | INFO     | server:lifespan:51 - SCU-FastAPI Started successfully
2026-06-05 16:33:13.778 | INFO     | server:lifespan:41 - SCU-FastAPI Starting...
2026-06-05 16:33:13.784 | INFO     | server:lifespan:51 - SCU-FastAPI Started successfully
2026-06-05 16:33:41.493 | INFO     | server:lifespan:41 - SCU-FastAPI Starting...
2026-06-05 16:33:41.499 | INFO     | server:lifespan:51 - SCU-FastAPI Started successfully
2026-06-05 16:34:09.198 | INFO     | server:lifespan:41 - SCU-FastAPI Starting...
2026-06-05 16:34:09.208 | INFO     | server:lifespan:51 - SCU-FastAPI Started successfully
2026-06-05 16:34:36.752 | INFO     | server:lifespan:41 - SCU-FastAPI Starting...
2026-06-05 16:34:36.759 | INFO     | server:lifespan:51 - SCU-FastAPI Started successfully
2026-06-05 16:35:03.430 | INFO     | server:lifespan:41 - SCU-FastAPI Starting...
2026-06-05 16:35:03.441 | INFO     | server:lifespan:51 - SCU-FastAPI Started successfully
2026-06-05 16:35:30.207 | INFO     | server:lifespan:41 - SCU-FastAPI Starting...
2026-06-05 16:35:30.212 | INFO     | server:lifespan:51 - SCU-FastAPI Started successfully
2026-06-05 16:35:57.344 | INFO     | server:lifespan:41 - SCU-FastAPI Starting...
2026-06-05 16:35:57.350 | INFO     | server:lifespan:51 - SCU-FastAPI Started successfully
2026-06-05 16:36:23.039 | INFO     | module_admin.controller.login_controller:get_login_user_info:71 - 获取成功
2026-06-05 16:36:23.178 | INFO     | module_admin.controller.login_controller:get_login_user_routers:83 - 获取成功
2026-06-05 16:36:23.717 | INFO     | module_device.controller.topology_controller:get_topology_list:20 - 获取拓扑结构列表成功
2026-06-05 16:36:24.231 | INFO     | server:lifespan:41 - SCU-FastAPI Starting...
2026-06-05 16:36:24.236 | INFO     | server:lifespan:51 - SCU-FastAPI Started successfully
2026-06-05 16:36:50.251 | INFO     | module_admin.controller.login_controller:get_login_user_info:71 - 获取成功
2026-06-05 16:36:50.438 | INFO     | module_admin.controller.login_controller:get_login_user_routers:83 - 获取成功
2026-06-05 16:36:50.892 | INFO     | module_device.controller.topology_controller:get_topology_list:20 - 获取拓扑结构列表成功
2026-06-05 16:36:51.341 | INFO     | server:lifespan:41 - SCU-FastAPI Starting...
2026-06-05 16:36:51.347 | INFO     | server:lifespan:51 - SCU-FastAPI Started successfully
2026-06-05 16:37:18.789 | INFO     | server:lifespan:41 - SCU-FastAPI Starting...
2026-06-05 16:37:18.795 | INFO     | server:lifespan:51 - SCU-FastAPI Started successfully
2026-06-05 16:37:46.260 | INFO     | server:lifespan:41 - SCU-FastAPI Starting...
2026-06-05 16:37:46.266 | INFO     | server:lifespan:51 - SCU-FastAPI Started successfully
2026-06-05 16:37:48.749 | INFO     | module_device.controller.template_controller:get_template_list:39 - 获取成功
2026-06-05 16:37:53.392 | INFO     | module_device.controller.device_controller:get_device_list:34 - 获取成功
2026-06-05 16:38:14.322 | INFO     | server:lifespan:41 - SCU-FastAPI Starting...
2026-06-05 16:38:14.332 | INFO     | server:lifespan:51 - SCU-FastAPI Started successfully
2026-06-05 16:38:40.120 | INFO     | module_device.controller.topology_controller:get_topology_list:20 - 获取拓扑结构列表成功
2026-06-05 16:38:41.542 | INFO     | server:lifespan:41 - SCU-FastAPI Starting...
2026-06-05 16:38:41.549 | INFO     | server:lifespan:51 - SCU-FastAPI Started successfully
2026-06-05 16:39:08.606 | INFO     | server:lifespan:41 - SCU-FastAPI Starting...
2026-06-05 16:39:08.616 | INFO     | server:lifespan:51 - SCU-FastAPI Started successfully
2026-06-05 16:39:16.614 | INFO     | module_device.controller.device_controller:get_device_list:34 - 获取成功
2026-06-05 16:39:35.536 | INFO     | server:lifespan:41 - SCU-FastAPI Starting...
2026-06-05 16:39:35.542 | INFO     | server:lifespan:51 - SCU-FastAPI Started successfully
2026-06-05 16:40:02.369 | INFO     | server:lifespan:41 - SCU-FastAPI Starting...
2026-06-05 16:40:02.377 | INFO     | server:lifespan:51 - SCU-FastAPI Started successfully
2026-06-05 16:40:29.021 | INFO     | server:lifespan:41 - SCU-FastAPI Starting...
2026-06-05 16:40:29.029 | INFO     | server:lifespan:51 - SCU-FastAPI Started successfully
2026-06-05 16:40:56.243 | INFO     | server:lifespan:41 - SCU-FastAPI Starting...
2026-06-05 16:40:56.250 | INFO     | server:lifespan:51 - SCU-FastAPI Started successfully
2026-06-05 16:41:20.188 | INFO     | module_device.controller.topology_controller:get_topology_list:20 - 获取拓扑结构列表成功
2026-06-05 16:41:23.355 | INFO     | server:lifespan:41 - SCU-FastAPI Starting...
2026-06-05 16:41:23.361 | INFO     | server:lifespan:51 - SCU-FastAPI Started successfully
2026-06-05 16:41:50.110 | INFO     | server:lifespan:41 - SCU-FastAPI Starting...
2026-06-05 16:41:50.116 | INFO     | server:lifespan:51 - SCU-FastAPI Started successfully
2026-06-05 16:42:20.490 | INFO     | server:lifespan:41 - SCU-FastAPI Starting...
2026-06-05 16:42:20.499 | INFO     | server:lifespan:51 - SCU-FastAPI Started successfully
2026-06-05 16:42:47.668 | INFO     | server:lifespan:41 - SCU-FastAPI Starting...
2026-06-05 16:42:47.674 | INFO     | server:lifespan:51 - SCU-FastAPI Started successfully
2026-06-05 16:43:14.258 | INFO     | server:lifespan:41 - SCU-FastAPI Starting...
2026-06-05 16:43:14.264 | INFO     | server:lifespan:51 - SCU-FastAPI Started successfully
2026-06-05 16:43:40.882 | INFO     | server:lifespan:41 - SCU-FastAPI Starting...
2026-06-05 16:43:40.889 | INFO     | server:lifespan:51 - SCU-FastAPI Started successfully
2026-06-05 16:44:07.016 | INFO     | server:lifespan:41 - SCU-FastAPI Starting...
2026-06-05 16:44:07.022 | INFO     | server:lifespan:51 - SCU-FastAPI Started successfully
2026-06-05 16:44:34.410 | INFO     | server:lifespan:41 - SCU-FastAPI Starting...
2026-06-05 16:44:34.417 | INFO     | server:lifespan:51 - SCU-FastAPI Started successfully
2026-06-05 16:45:01.784 | INFO     | server:lifespan:41 - SCU-FastAPI Starting...
2026-06-05 16:45:01.790 | INFO     | server:lifespan:51 - SCU-FastAPI Started successfully
2026-06-05 16:45:13.455 | INFO     | module_admin.controller.login_controller:get_login_user_info:71 - 获取成功
2026-06-05 16:45:13.581 | INFO     | module_admin.controller.login_controller:get_login_user_routers:83 - 获取成功
2026-06-05 16:45:15.710 | INFO     | module_device.controller.topology_controller:get_topology_list:20 - 获取拓扑结构列表成功
2026-06-05 16:45:16.415 | INFO     | module_device.controller.topology_controller:get_topology_list:20 - 获取拓扑结构列表成功
2026-06-05 16:45:18.147 | INFO     | module_device.controller.topology_controller:get_topology_list:20 - 获取拓扑结构列表成功
2026-06-05 16:45:25.311 | INFO     | module_device.controller.topology_controller:get_topology_list:20 - 获取拓扑结构列表成功
2026-06-05 16:45:29.545 | INFO     | server:lifespan:41 - SCU-FastAPI Starting...
2026-06-05 16:45:29.551 | INFO     | server:lifespan:51 - SCU-FastAPI Started successfully
2026-06-05 16:45:48.614 | INFO     | module_device.controller.topology_controller:get_topology_list:20 - 获取拓扑结构列表成功
2026-06-05 16:45:56.320 | INFO     | server:lifespan:41 - SCU-FastAPI Starting...
2026-06-05 16:45:56.327 | INFO     | server:lifespan:51 - SCU-FastAPI Started successfully
2026-06-05 16:46:23.032 | INFO     | server:lifespan:41 - SCU-FastAPI Starting...
2026-06-05 16:46:23.037 | INFO     | server:lifespan:51 - SCU-FastAPI Started successfully
2026-06-05 16:46:31.432 | INFO     | module_device.controller.topology_controller:get_topology_list:20 - 获取拓扑结构列表成功
2026-06-05 16:46:49.447 | INFO     | server:lifespan:41 - SCU-FastAPI Starting...
2026-06-05 16:46:49.454 | INFO     | server:lifespan:51 - SCU-FastAPI Started successfully
2026-06-05 16:47:15.734 | INFO     | server:lifespan:41 - SCU-FastAPI Starting...
2026-06-05 16:47:15.739 | INFO     | server:lifespan:51 - SCU-FastAPI Started successfully
2026-06-05 16:47:50.156 | INFO     | server:lifespan:41 - SCU-FastAPI Starting...
2026-06-05 16:47:50.162 | INFO     | server:lifespan:51 - SCU-FastAPI Started successfully
2026-06-05 16:48:27.695 | INFO     | server:lifespan:41 - SCU-FastAPI Starting...
2026-06-05 16:48:27.705 | INFO     | server:lifespan:51 - SCU-FastAPI Started successfully
2026-06-05 16:48:56.347 | INFO     | server:lifespan:41 - SCU-FastAPI Starting...
2026-06-05 16:48:56.354 | INFO     | server:lifespan:51 - SCU-FastAPI Started successfully
2026-06-05 16:49:25.170 | INFO     | server:lifespan:41 - SCU-FastAPI Starting...
2026-06-05 16:49:25.177 | INFO     | server:lifespan:51 - SCU-FastAPI Started successfully
2026-06-05 16:49:52.412 | INFO     | server:lifespan:41 - SCU-FastAPI Starting...
2026-06-05 16:49:52.417 | INFO     | server:lifespan:51 - SCU-FastAPI Started successfully
2026-06-05 16:50:19.280 | INFO     | server:lifespan:41 - SCU-FastAPI Starting...
2026-06-05 16:50:19.285 | INFO     | server:lifespan:51 - SCU-FastAPI Started successfully
2026-06-05 16:50:46.640 | INFO     | server:lifespan:41 - SCU-FastAPI Starting...
2026-06-05 16:50:46.645 | INFO     | server:lifespan:51 - SCU-FastAPI Started successfully
2026-06-05 16:51:13.581 | INFO     | server:lifespan:41 - SCU-FastAPI Starting...
2026-06-05 16:51:13.587 | INFO     | server:lifespan:51 - SCU-FastAPI Started successfully
2026-06-05 16:51:40.442 | INFO     | server:lifespan:41 - SCU-FastAPI Starting...
2026-06-05 16:51:40.449 | INFO     | server:lifespan:51 - SCU-FastAPI Started successfully
2026-06-05 16:52:07.973 | INFO     | server:lifespan:41 - SCU-FastAPI Starting...
2026-06-05 16:52:07.980 | INFO     | server:lifespan:51 - SCU-FastAPI Started successfully
2026-06-05 16:52:35.478 | INFO     | server:lifespan:41 - SCU-FastAPI Starting...
2026-06-05 16:52:35.486 | INFO     | server:lifespan:51 - SCU-FastAPI Started successfully
2026-06-05 16:53:02.311 | INFO     | server:lifespan:41 - SCU-FastAPI Starting...
2026-06-05 16:53:02.317 | INFO     | server:lifespan:51 - SCU-FastAPI Started successfully
2026-06-05 16:53:29.465 | INFO     | server:lifespan:41 - SCU-FastAPI Starting...
2026-06-05 16:53:29.473 | INFO     | server:lifespan:51 - SCU-FastAPI Started successfully
2026-06-05 16:53:55.584 | INFO     | server:lifespan:41 - SCU-FastAPI Starting...
2026-06-05 16:53:55.589 | INFO     | server:lifespan:51 - SCU-FastAPI Started successfully
2026-06-05 16:54:21.927 | INFO     | server:lifespan:41 - SCU-FastAPI Starting...
2026-06-05 16:54:21.933 | INFO     | server:lifespan:51 - SCU-FastAPI Started successfully
2026-06-05 16:54:47.822 | INFO     | server:lifespan:41 - SCU-FastAPI Starting...
2026-06-05 16:54:47.827 | INFO     | server:lifespan:51 - SCU-FastAPI Started successfully
2026-06-05 16:55:14.685 | INFO     | server:lifespan:41 - SCU-FastAPI Starting...
2026-06-05 16:55:14.693 | INFO     | server:lifespan:51 - SCU-FastAPI Started successfully
2026-06-05 16:55:42.170 | INFO     | server:lifespan:41 - SCU-FastAPI Starting...
2026-06-05 16:55:42.180 | INFO     | server:lifespan:51 - SCU-FastAPI Started successfully
2026-06-05 16:56:09.206 | INFO     | server:lifespan:41 - SCU-FastAPI Starting...
2026-06-05 16:56:09.212 | INFO     | server:lifespan:51 - SCU-FastAPI Started successfully
2026-06-05 16:56:35.317 | INFO     | server:lifespan:41 - SCU-FastAPI Starting...
2026-06-05 16:56:35.323 | INFO     | server:lifespan:51 - SCU-FastAPI Started successfully
2026-06-05 16:57:01.860 | INFO     | server:lifespan:41 - SCU-FastAPI Starting...
2026-06-05 16:57:01.865 | INFO     | server:lifespan:51 - SCU-FastAPI Started successfully
2026-06-05 16:57:28.490 | INFO     | server:lifespan:41 - SCU-FastAPI Starting...
2026-06-05 16:57:28.495 | INFO     | server:lifespan:51 - SCU-FastAPI Started successfully
2026-06-05 16:57:54.336 | INFO     | server:lifespan:41 - SCU-FastAPI Starting...
2026-06-05 16:57:54.342 | INFO     | server:lifespan:51 - SCU-FastAPI Started successfully
2026-06-05 16:58:21.059 | INFO     | server:lifespan:41 - SCU-FastAPI Starting...
2026-06-05 16:58:21.066 | INFO     | server:lifespan:51 - SCU-FastAPI Started successfully
2026-06-05 16:58:47.857 | INFO     | server:lifespan:41 - SCU-FastAPI Starting...
2026-06-05 16:58:47.862 | INFO     | server:lifespan:51 - SCU-FastAPI Started successfully
2026-06-05 16:59:14.636 | INFO     | server:lifespan:41 - SCU-FastAPI Starting...
2026-06-05 16:59:14.640 | INFO     | server:lifespan:51 - SCU-FastAPI Started successfully
2026-06-05 16:59:40.524 | INFO     | server:lifespan:41 - SCU-FastAPI Starting...
2026-06-05 16:59:40.530 | INFO     | server:lifespan:51 - SCU-FastAPI Started successfully
2026-06-05 17:00:06.873 | INFO     | server:lifespan:41 - SCU-FastAPI Starting...
2026-06-05 17:00:06.878 | INFO     | server:lifespan:51 - SCU-FastAPI Started successfully
2026-06-05 17:00:33.679 | INFO     | server:lifespan:41 - SCU-FastAPI Starting...
2026-06-05 17:00:33.685 | INFO     | server:lifespan:51 - SCU-FastAPI Started successfully
2026-06-05 17:01:00.762 | INFO     | server:lifespan:41 - SCU-FastAPI Starting...
2026-06-05 17:01:00.771 | INFO     | server:lifespan:51 - SCU-FastAPI Started successfully
2026-06-05 17:01:27.722 | INFO     | server:lifespan:41 - SCU-FastAPI Starting...
2026-06-05 17:01:27.729 | INFO     | server:lifespan:51 - SCU-FastAPI Started successfully
2026-06-05 17:01:54.384 | INFO     | server:lifespan:41 - SCU-FastAPI Starting...
2026-06-05 17:01:54.390 | INFO     | server:lifespan:51 - SCU-FastAPI Started successfully
2026-06-05 17:02:21.879 | INFO     | server:lifespan:41 - SCU-FastAPI Starting...
2026-06-05 17:02:21.885 | INFO     | server:lifespan:51 - SCU-FastAPI Started successfully
2026-06-05 17:02:49.949 | INFO     | server:lifespan:41 - SCU-FastAPI Starting...
2026-06-05 17:02:49.955 | INFO     | server:lifespan:51 - SCU-FastAPI Started successfully
2026-06-05 17:03:17.096 | INFO     | server:lifespan:41 - SCU-FastAPI Starting...
2026-06-05 17:03:17.102 | INFO     | server:lifespan:51 - SCU-FastAPI Started successfully
2026-06-05 17:03:45.509 | INFO     | server:lifespan:41 - SCU-FastAPI Starting...
2026-06-05 17:03:45.516 | INFO     | server:lifespan:51 - SCU-FastAPI Started successfully
2026-06-05 17:04:12.273 | INFO     | server:lifespan:41 - SCU-FastAPI Starting...
2026-06-05 17:04:12.278 | INFO     | server:lifespan:51 - SCU-FastAPI Started successfully
2026-06-05 17:04:38.880 | INFO     | server:lifespan:41 - SCU-FastAPI Starting...
2026-06-05 17:04:38.885 | INFO     | server:lifespan:51 - SCU-FastAPI Started successfully
2026-06-05 17:05:05.151 | INFO     | server:lifespan:41 - SCU-FastAPI Starting...
2026-06-05 17:05:05.158 | INFO     | server:lifespan:51 - SCU-FastAPI Started successfully
2026-06-05 17:05:31.660 | INFO     | server:lifespan:41 - SCU-FastAPI Starting...
2026-06-05 17:05:31.666 | INFO     | server:lifespan:51 - SCU-FastAPI Started successfully
2026-06-05 17:05:58.302 | INFO     | server:lifespan:41 - SCU-FastAPI Starting...
2026-06-05 17:05:58.307 | INFO     | server:lifespan:51 - SCU-FastAPI Started successfully
2026-06-05 17:06:25.737 | INFO     | server:lifespan:41 - SCU-FastAPI Starting...
2026-06-05 17:06:25.743 | INFO     | server:lifespan:51 - SCU-FastAPI Started successfully
2026-06-05 17:06:53.049 | INFO     | server:lifespan:41 - SCU-FastAPI Starting...
2026-06-05 17:06:53.055 | INFO     | server:lifespan:51 - SCU-FastAPI Started successfully
2026-06-05 17:07:21.032 | INFO     | server:lifespan:41 - SCU-FastAPI Starting...
2026-06-05 17:07:21.038 | INFO     | server:lifespan:51 - SCU-FastAPI Started successfully
2026-06-05 17:07:47.668 | INFO     | server:lifespan:41 - SCU-FastAPI Starting...
2026-06-05 17:07:47.674 | INFO     | server:lifespan:51 - SCU-FastAPI Started successfully
2026-06-05 17:08:14.172 | INFO     | server:lifespan:41 - SCU-FastAPI Starting...
2026-06-05 17:08:14.177 | INFO     | server:lifespan:51 - SCU-FastAPI Started successfully
2026-06-05 17:08:42.594 | INFO     | server:lifespan:41 - SCU-FastAPI Starting...
2026-06-05 17:08:42.604 | INFO     | server:lifespan:51 - SCU-FastAPI Started successfully
2026-06-05 17:09:09.278 | INFO     | server:lifespan:41 - SCU-FastAPI Starting...
2026-06-05 17:09:09.288 | INFO     | server:lifespan:51 - SCU-FastAPI Started successfully
2026-06-05 17:09:35.690 | INFO     | server:lifespan:41 - SCU-FastAPI Starting...
2026-06-05 17:09:35.697 | INFO     | server:lifespan:51 - SCU-FastAPI Started successfully
2026-06-05 17:10:02.243 | INFO     | server:lifespan:41 - SCU-FastAPI Starting...
2026-06-05 17:10:02.249 | INFO     | server:lifespan:51 - SCU-FastAPI Started successfully
2026-06-05 17:10:29.781 | INFO     | server:lifespan:41 - SCU-FastAPI Starting...
2026-06-05 17:10:29.787 | INFO     | server:lifespan:51 - SCU-FastAPI Started successfully
2026-06-05 17:10:56.753 | INFO     | server:lifespan:41 - SCU-FastAPI Starting...
2026-06-05 17:10:56.763 | INFO     | server:lifespan:51 - SCU-FastAPI Started successfully
2026-06-05 17:11:23.863 | INFO     | server:lifespan:41 - SCU-FastAPI Starting...
2026-06-05 17:11:23.869 | INFO     | server:lifespan:51 - SCU-FastAPI Started successfully
2026-06-05 17:11:52.190 | INFO     | server:lifespan:41 - SCU-FastAPI Starting...
2026-06-05 17:11:52.200 | INFO     | server:lifespan:51 - SCU-FastAPI Started successfully
2026-06-05 17:12:19.578 | INFO     | server:lifespan:41 - SCU-FastAPI Starting...
2026-06-05 17:12:19.584 | INFO     | server:lifespan:51 - SCU-FastAPI Started successfully
2026-06-05 17:12:45.718 | INFO     | server:lifespan:41 - SCU-FastAPI Starting...
2026-06-05 17:12:45.724 | INFO     | server:lifespan:51 - SCU-FastAPI Started successfully
2026-06-05 17:13:11.917 | INFO     | server:lifespan:41 - SCU-FastAPI Starting...
2026-06-05 17:13:11.923 | INFO     | server:lifespan:51 - SCU-FastAPI Started successfully
2026-06-05 17:13:38.872 | INFO     | server:lifespan:41 - SCU-FastAPI Starting...
2026-06-05 17:13:38.877 | INFO     | server:lifespan:51 - SCU-FastAPI Started successfully
2026-06-05 17:14:05.810 | INFO     | server:lifespan:41 - SCU-FastAPI Starting...
2026-06-05 17:14:05.816 | INFO     | server:lifespan:51 - SCU-FastAPI Started successfully
2026-06-05 17:14:32.559 | INFO     | server:lifespan:41 - SCU-FastAPI Starting...
2026-06-05 17:14:32.565 | INFO     | server:lifespan:51 - SCU-FastAPI Started successfully
2026-06-05 17:15:00.008 | INFO     | server:lifespan:41 - SCU-FastAPI Starting...
2026-06-05 17:15:00.017 | INFO     | server:lifespan:51 - SCU-FastAPI Started successfully
2026-06-05 17:15:27.688 | INFO     | server:lifespan:41 - SCU-FastAPI Starting...
2026-06-05 17:15:27.694 | INFO     | server:lifespan:51 - SCU-FastAPI Started successfully
2026-06-05 17:15:54.967 | INFO     | server:lifespan:41 - SCU-FastAPI Starting...
2026-06-05 17:15:54.972 | INFO     | server:lifespan:51 - SCU-FastAPI Started successfully
2026-06-05 17:16:22.616 | INFO     | server:lifespan:41 - SCU-FastAPI Starting...
2026-06-05 17:16:22.622 | INFO     | server:lifespan:51 - SCU-FastAPI Started successfully
2026-06-05 17:16:49.218 | INFO     | server:lifespan:41 - SCU-FastAPI Starting...
2026-06-05 17:16:49.225 | INFO     | server:lifespan:51 - SCU-FastAPI Started successfully
2026-06-05 17:17:16.463 | INFO     | server:lifespan:41 - SCU-FastAPI Starting...
2026-06-05 17:17:16.468 | INFO     | server:lifespan:51 - SCU-FastAPI Started successfully
2026-06-05 17:17:43.718 | INFO     | server:lifespan:41 - SCU-FastAPI Starting...
2026-06-05 17:17:43.726 | INFO     | server:lifespan:51 - SCU-FastAPI Started successfully
2026-06-05 17:18:12.230 | INFO     | server:lifespan:41 - SCU-FastAPI Starting...
2026-06-05 17:18:12.236 | INFO     | server:lifespan:51 - SCU-FastAPI Started successfully
2026-06-05 17:18:40.084 | INFO     | server:lifespan:41 - SCU-FastAPI Starting...
2026-06-05 17:18:40.090 | INFO     | server:lifespan:51 - SCU-FastAPI Started successfully
2026-06-05 17:19:06.324 | INFO     | server:lifespan:41 - SCU-FastAPI Starting...
2026-06-05 17:19:06.330 | INFO     | server:lifespan:51 - SCU-FastAPI Started successfully
2026-06-05 17:19:33.552 | INFO     | server:lifespan:41 - SCU-FastAPI Starting...
2026-06-05 17:19:33.558 | INFO     | server:lifespan:51 - SCU-FastAPI Started successfully
2026-06-05 17:19:59.633 | INFO     | server:lifespan:41 - SCU-FastAPI Starting...
2026-06-05 17:19:59.639 | INFO     | server:lifespan:51 - SCU-FastAPI Started successfully
2026-06-05 17:20:26.517 | INFO     | server:lifespan:41 - SCU-FastAPI Starting...
2026-06-05 17:20:26.523 | INFO     | server:lifespan:51 - SCU-FastAPI Started successfully
2026-06-05 17:20:53.018 | INFO     | server:lifespan:41 - SCU-FastAPI Starting...
2026-06-05 17:20:53.024 | INFO     | server:lifespan:51 - SCU-FastAPI Started successfully
2026-06-05 17:21:21.020 | INFO     | server:lifespan:41 - SCU-FastAPI Starting...
2026-06-05 17:21:21.026 | INFO     | server:lifespan:51 - SCU-FastAPI Started successfully
2026-06-05 17:21:48.368 | INFO     | server:lifespan:41 - SCU-FastAPI Starting...
2026-06-05 17:21:48.378 | INFO     | server:lifespan:51 - SCU-FastAPI Started successfully
2026-06-05 17:22:15.018 | INFO     | server:lifespan:41 - SCU-FastAPI Starting...
2026-06-05 17:22:15.023 | INFO     | server:lifespan:51 - SCU-FastAPI Started successfully
2026-06-05 17:22:43.178 | INFO     | server:lifespan:41 - SCU-FastAPI Starting...
2026-06-05 17:22:43.184 | INFO     | server:lifespan:51 - SCU-FastAPI Started successfully
2026-06-05 17:23:09.689 | INFO     | server:lifespan:41 - SCU-FastAPI Starting...
2026-06-05 17:23:09.696 | INFO     | server:lifespan:51 - SCU-FastAPI Started successfully
2026-06-05 17:23:37.630 | INFO     | server:lifespan:41 - SCU-FastAPI Starting...
2026-06-05 17:23:37.636 | INFO     | server:lifespan:51 - SCU-FastAPI Started successfully
2026-06-05 17:24:04.261 | INFO     | server:lifespan:41 - SCU-FastAPI Starting...
2026-06-05 17:24:04.267 | INFO     | server:lifespan:51 - SCU-FastAPI Started successfully
2026-06-05 17:24:31.766 | INFO     | server:lifespan:41 - SCU-FastAPI Starting...
2026-06-05 17:24:31.772 | INFO     | server:lifespan:51 - SCU-FastAPI Started successfully
2026-06-05 17:24:58.776 | INFO     | server:lifespan:41 - SCU-FastAPI Starting...
2026-06-05 17:24:58.782 | INFO     | server:lifespan:51 - SCU-FastAPI Started successfully
2026-06-05 17:25:26.133 | INFO     | server:lifespan:41 - SCU-FastAPI Starting...
2026-06-05 17:25:26.145 | INFO     | server:lifespan:51 - SCU-FastAPI Started successfully
2026-06-05 17:25:53.075 | INFO     | server:lifespan:41 - SCU-FastAPI Starting...
2026-06-05 17:25:53.080 | INFO     | server:lifespan:51 - SCU-FastAPI Started successfully
2026-06-05 17:26:20.259 | INFO     | server:lifespan:41 - SCU-FastAPI Starting...
2026-06-05 17:26:20.265 | INFO     | server:lifespan:51 - SCU-FastAPI Started successfully
2026-06-05 17:26:48.352 | INFO     | server:lifespan:41 - SCU-FastAPI Starting...
2026-06-05 17:26:48.359 | INFO     | server:lifespan:51 - SCU-FastAPI Started successfully
2026-06-05 17:27:15.523 | INFO     | server:lifespan:41 - SCU-FastAPI Starting...
2026-06-05 17:27:15.532 | INFO     | server:lifespan:51 - SCU-FastAPI Started successfully
2026-06-05 17:27:43.150 | INFO     | server:lifespan:41 - SCU-FastAPI Starting...
2026-06-05 17:27:43.160 | INFO     | server:lifespan:51 - SCU-FastAPI Started successfully
2026-06-05 17:28:10.777 | INFO     | server:lifespan:41 - SCU-FastAPI Starting...
2026-06-05 17:28:10.784 | INFO     | server:lifespan:51 - SCU-FastAPI Started successfully
2026-06-05 17:28:38.835 | INFO     | server:lifespan:41 - SCU-FastAPI Starting...
2026-06-05 17:28:38.844 | INFO     | server:lifespan:51 - SCU-FastAPI Started successfully
2026-06-05 17:29:05.884 | INFO     | server:lifespan:41 - SCU-FastAPI Starting...
2026-06-05 17:29:05.890 | INFO     | server:lifespan:51 - SCU-FastAPI Started successfully
2026-06-05 17:29:32.981 | INFO     | server:lifespan:41 - SCU-FastAPI Starting...
2026-06-05 17:29:32.987 | INFO     | server:lifespan:51 - SCU-FastAPI Started successfully
2026-06-05 17:30:00.559 | INFO     | server:lifespan:41 - SCU-FastAPI Starting...
2026-06-05 17:30:00.566 | INFO     | server:lifespan:51 - SCU-FastAPI Started successfully
2026-06-05 17:30:27.035 | INFO     | server:lifespan:41 - SCU-FastAPI Starting...
2026-06-05 17:30:27.042 | INFO     | server:lifespan:51 - SCU-FastAPI Started successfully
2026-06-05 17:30:54.185 | INFO     | server:lifespan:41 - SCU-FastAPI Starting...
2026-06-05 17:30:54.196 | INFO     | server:lifespan:51 - SCU-FastAPI Started successfully
2026-06-05 17:31:21.588 | INFO     | server:lifespan:41 - SCU-FastAPI Starting...
2026-06-05 17:31:21.594 | INFO     | server:lifespan:51 - SCU-FastAPI Started successfully
2026-06-05 17:31:51.406 | INFO     | server:lifespan:41 - SCU-FastAPI Starting...
2026-06-05 17:31:51.413 | INFO     | server:lifespan:51 - SCU-FastAPI Started successfully
2026-06-05 17:32:19.237 | INFO     | server:lifespan:41 - SCU-FastAPI Starting...
2026-06-05 17:32:19.242 | INFO     | server:lifespan:51 - SCU-FastAPI Started successfully
2026-06-05 17:32:45.419 | INFO     | server:lifespan:41 - SCU-FastAPI Starting...
2026-06-05 17:32:45.429 | INFO     | server:lifespan:51 - SCU-FastAPI Started successfully
2026-06-05 17:33:13.316 | INFO     | server:lifespan:41 - SCU-FastAPI Starting...
2026-06-05 17:33:13.322 | INFO     | server:lifespan:51 - SCU-FastAPI Started successfully
2026-06-05 17:33:40.478 | INFO     | server:lifespan:41 - SCU-FastAPI Starting...
2026-06-05 17:33:40.487 | INFO     | server:lifespan:51 - SCU-FastAPI Started successfully
2026-06-05 17:34:08.612 | INFO     | server:lifespan:41 - SCU-FastAPI Starting...
2026-06-05 17:34:08.618 | INFO     | server:lifespan:51 - SCU-FastAPI Started successfully
2026-06-05 17:34:36.531 | INFO     | server:lifespan:41 - SCU-FastAPI Starting...
2026-06-05 17:34:36.540 | INFO     | server:lifespan:51 - SCU-FastAPI Started successfully
2026-06-05 17:35:04.091 | INFO     | server:lifespan:41 - SCU-FastAPI Starting...
2026-06-05 17:35:04.098 | INFO     | server:lifespan:51 - SCU-FastAPI Started successfully
2026-06-05 17:35:31.471 | INFO     | server:lifespan:41 - SCU-FastAPI Starting...
2026-06-05 17:35:31.477 | INFO     | server:lifespan:51 - SCU-FastAPI Started successfully
2026-06-05 17:35:59.385 | INFO     | server:lifespan:41 - SCU-FastAPI Starting...
2026-06-05 17:35:59.390 | INFO     | server:lifespan:51 - SCU-FastAPI Started successfully
2026-06-05 17:36:26.403 | INFO     | server:lifespan:41 - SCU-FastAPI Starting...
2026-06-05 17:36:26.408 | INFO     | server:lifespan:51 - SCU-FastAPI Started successfully
2026-06-05 17:36:54.273 | INFO     | server:lifespan:41 - SCU-FastAPI Starting...
2026-06-05 17:36:54.279 | INFO     | server:lifespan:51 - SCU-FastAPI Started successfully
2026-06-05 17:37:21.918 | INFO     | server:lifespan:41 - SCU-FastAPI Starting...
2026-06-05 17:37:21.925 | INFO     | server:lifespan:51 - SCU-FastAPI Started successfully
2026-06-05 17:37:48.539 | INFO     | server:lifespan:41 - SCU-FastAPI Starting...
2026-06-05 17:37:48.545 | INFO     | server:lifespan:51 - SCU-FastAPI Started successfully
2026-06-05 17:38:14.876 | INFO     | server:lifespan:41 - SCU-FastAPI Starting...
2026-06-05 17:38:14.885 | INFO     | server:lifespan:51 - SCU-FastAPI Started successfully
2026-06-05 17:38:41.820 | INFO     | server:lifespan:41 - SCU-FastAPI Starting...
2026-06-05 17:38:41.826 | INFO     | server:lifespan:51 - SCU-FastAPI Started successfully
2026-06-05 17:39:08.927 | INFO     | server:lifespan:41 - SCU-FastAPI Starting...
2026-06-05 17:39:08.936 | INFO     | server:lifespan:51 - SCU-FastAPI Started successfully
2026-06-05 17:39:35.074 | INFO     | server:lifespan:41 - SCU-FastAPI Starting...
2026-06-05 17:39:35.080 | INFO     | server:lifespan:51 - SCU-FastAPI Started successfully
2026-06-05 17:40:02.053 | INFO     | server:lifespan:41 - SCU-FastAPI Starting...
2026-06-05 17:40:02.058 | INFO     | server:lifespan:51 - SCU-FastAPI Started successfully
2026-06-05 17:40:28.987 | INFO     | server:lifespan:41 - SCU-FastAPI Starting...
2026-06-05 17:40:28.993 | INFO     | server:lifespan:51 - SCU-FastAPI Started successfully
2026-06-05 17:40:55.827 | INFO     | server:lifespan:41 - SCU-FastAPI Starting...
2026-06-05 17:40:55.832 | INFO     | server:lifespan:51 - SCU-FastAPI Started successfully
2026-06-05 17:41:23.906 | INFO     | server:lifespan:41 - SCU-FastAPI Starting...
2026-06-05 17:41:23.916 | INFO     | server:lifespan:51 - SCU-FastAPI Started successfully
2026-06-05 17:41:51.664 | INFO     | server:lifespan:41 - SCU-FastAPI Starting...
2026-06-05 17:41:51.669 | INFO     | server:lifespan:51 - SCU-FastAPI Started successfully
2026-06-05 17:42:19.906 | INFO     | server:lifespan:41 - SCU-FastAPI Starting...
2026-06-05 17:42:19.911 | INFO     | server:lifespan:51 - SCU-FastAPI Started successfully
2026-06-05 17:42:46.216 | INFO     | server:lifespan:41 - SCU-FastAPI Starting...
2026-06-05 17:42:46.222 | INFO     | server:lifespan:51 - SCU-FastAPI Started successfully
2026-06-05 17:43:12.854 | INFO     | server:lifespan:41 - SCU-FastAPI Starting...
2026-06-05 17:43:12.861 | INFO     | server:lifespan:51 - SCU-FastAPI Started successfully
2026-06-05 17:43:41.048 | INFO     | server:lifespan:41 - SCU-FastAPI Starting...
2026-06-05 17:43:41.055 | INFO     | server:lifespan:51 - SCU-FastAPI Started successfully
2026-06-05 17:44:06.936 | INFO     | server:lifespan:41 - SCU-FastAPI Starting...
2026-06-05 17:44:06.942 | INFO     | server:lifespan:51 - SCU-FastAPI Started successfully
2026-06-05 17:44:34.000 | INFO     | server:lifespan:41 - SCU-FastAPI Starting...
2026-06-05 17:44:34.010 | INFO     | server:lifespan:51 - SCU-FastAPI Started successfully
2026-06-05 17:45:00.749 | INFO     | server:lifespan:41 - SCU-FastAPI Starting...
2026-06-05 17:45:00.757 | INFO     | server:lifespan:51 - SCU-FastAPI Started successfully
2026-06-05 17:45:27.097 | INFO     | server:lifespan:41 - SCU-FastAPI Starting...
2026-06-05 17:45:27.103 | INFO     | server:lifespan:51 - SCU-FastAPI Started successfully
2026-06-05 17:45:54.168 | INFO     | server:lifespan:41 - SCU-FastAPI Starting...
2026-06-05 17:45:54.175 | INFO     | server:lifespan:51 - SCU-FastAPI Started successfully
2026-06-05 17:46:21.694 | INFO     | server:lifespan:41 - SCU-FastAPI Starting...
2026-06-05 17:46:21.699 | INFO     | server:lifespan:51 - SCU-FastAPI Started successfully
2026-06-05 17:46:49.237 | INFO     | server:lifespan:41 - SCU-FastAPI Starting...
2026-06-05 17:46:49.244 | INFO     | server:lifespan:51 - SCU-FastAPI Started successfully
2026-06-05 17:47:16.391 | INFO     | server:lifespan:41 - SCU-FastAPI Starting...
2026-06-05 17:47:16.396 | INFO     | server:lifespan:51 - SCU-FastAPI Started successfully
2026-06-05 17:47:43.956 | INFO     | server:lifespan:41 - SCU-FastAPI Starting...
2026-06-05 17:47:43.962 | INFO     | server:lifespan:51 - SCU-FastAPI Started successfully
2026-06-05 17:48:10.735 | INFO     | server:lifespan:41 - SCU-FastAPI Starting...
2026-06-05 17:48:10.742 | INFO     | server:lifespan:51 - SCU-FastAPI Started successfully
2026-06-05 17:48:39.823 | INFO     | server:lifespan:41 - SCU-FastAPI Starting...
2026-06-05 17:48:39.829 | INFO     | server:lifespan:51 - SCU-FastAPI Started successfully
2026-06-05 17:49:06.751 | INFO     | server:lifespan:41 - SCU-FastAPI Starting...
2026-06-05 17:49:06.756 | INFO     | server:lifespan:51 - SCU-FastAPI Started successfully
2026-06-05 17:49:32.322 | INFO     | server:lifespan:41 - SCU-FastAPI Starting...
2026-06-05 17:49:32.329 | INFO     | server:lifespan:51 - SCU-FastAPI Started successfully
2026-06-05 17:49:58.570 | INFO     | server:lifespan:41 - SCU-FastAPI Starting...
2026-06-05 17:49:58.579 | INFO     | server:lifespan:51 - SCU-FastAPI Started successfully
2026-06-05 17:50:25.323 | INFO     | server:lifespan:41 - SCU-FastAPI Starting...
2026-06-05 17:50:25.328 | INFO     | server:lifespan:51 - SCU-FastAPI Started successfully
2026-06-05 17:50:52.516 | INFO     | server:lifespan:41 - SCU-FastAPI Starting...
2026-06-05 17:50:52.521 | INFO     | server:lifespan:51 - SCU-FastAPI Started successfully
2026-06-05 17:51:18.366 | INFO     | server:lifespan:41 - SCU-FastAPI Starting...
2026-06-05 17:51:18.379 | INFO     | server:lifespan:51 - SCU-FastAPI Started successfully
2026-06-05 17:51:46.478 | INFO     | server:lifespan:41 - SCU-FastAPI Starting...
2026-06-05 17:51:46.484 | INFO     | server:lifespan:51 - SCU-FastAPI Started successfully
2026-06-05 17:52:12.432 | INFO     | server:lifespan:41 - SCU-FastAPI Starting...
2026-06-05 17:52:12.438 | INFO     | server:lifespan:51 - SCU-FastAPI Started successfully
2026-06-05 17:52:38.902 | INFO     | server:lifespan:41 - SCU-FastAPI Starting...
2026-06-05 17:52:38.907 | INFO     | server:lifespan:51 - SCU-FastAPI Started successfully
2026-06-05 17:53:06.749 | INFO     | server:lifespan:41 - SCU-FastAPI Starting...
2026-06-05 17:53:06.755 | INFO     | server:lifespan:51 - SCU-FastAPI Started successfully
2026-06-05 17:53:33.744 | INFO     | server:lifespan:41 - SCU-FastAPI Starting...
2026-06-05 17:53:33.749 | INFO     | server:lifespan:51 - SCU-FastAPI Started successfully
2026-06-05 17:54:01.377 | INFO     | server:lifespan:41 - SCU-FastAPI Starting...
2026-06-05 17:54:01.383 | INFO     | server:lifespan:51 - SCU-FastAPI Started successfully
2026-06-05 17:54:28.252 | INFO     | server:lifespan:41 - SCU-FastAPI Starting...
2026-06-05 17:54:28.259 | INFO     | server:lifespan:51 - SCU-FastAPI Started successfully
2026-06-05 17:54:56.441 | INFO     | server:lifespan:41 - SCU-FastAPI Starting...
2026-06-05 17:54:56.447 | INFO     | server:lifespan:51 - SCU-FastAPI Started successfully
2026-06-05 17:55:22.846 | INFO     | server:lifespan:41 - SCU-FastAPI Starting...
2026-06-05 17:55:22.853 | INFO     | server:lifespan:51 - SCU-FastAPI Started successfully
2026-06-05 17:55:49.633 | INFO     | server:lifespan:41 - SCU-FastAPI Starting...
2026-06-05 17:55:49.638 | INFO     | server:lifespan:51 - SCU-FastAPI Started successfully
2026-06-05 17:56:17.900 | INFO     | server:lifespan:41 - SCU-FastAPI Starting...
2026-06-05 17:56:17.906 | INFO     | server:lifespan:51 - SCU-FastAPI Started successfully
2026-06-05 17:56:45.501 | INFO     | server:lifespan:41 - SCU-FastAPI Starting...
2026-06-05 17:56:45.506 | INFO     | server:lifespan:51 - SCU-FastAPI Started successfully
2026-06-05 17:57:13.577 | INFO     | server:lifespan:41 - SCU-FastAPI Starting...
2026-06-05 17:57:13.583 | INFO     | server:lifespan:51 - SCU-FastAPI Started successfully
2026-06-05 17:57:41.549 | INFO     | server:lifespan:41 - SCU-FastAPI Starting...
2026-06-05 17:57:41.559 | INFO     | server:lifespan:51 - SCU-FastAPI Started successfully
2026-06-05 17:58:08.794 | INFO     | server:lifespan:41 - SCU-FastAPI Starting...
2026-06-05 17:58:08.800 | INFO     | server:lifespan:51 - SCU-FastAPI Started successfully
2026-06-05 17:58:36.301 | INFO     | server:lifespan:41 - SCU-FastAPI Starting...
2026-06-05 17:58:36.306 | INFO     | server:lifespan:51 - SCU-FastAPI Started successfully
2026-06-05 17:59:03.045 | INFO     | server:lifespan:41 - SCU-FastAPI Starting...
2026-06-05 17:59:03.054 | INFO     | server:lifespan:51 - SCU-FastAPI Started successfully
2026-06-05 17:59:29.900 | INFO     | server:lifespan:41 - SCU-FastAPI Starting...
2026-06-05 17:59:29.905 | INFO     | server:lifespan:51 - SCU-FastAPI Started successfully
2026-06-05 17:59:57.023 | INFO     | server:lifespan:41 - SCU-FastAPI Starting...
2026-06-05 17:59:57.033 | INFO     | server:lifespan:51 - SCU-FastAPI Started successfully
2026-06-05 18:00:24.440 | INFO     | server:lifespan:41 - SCU-FastAPI Starting...
2026-06-05 18:00:24.447 | INFO     | server:lifespan:51 - SCU-FastAPI Started successfully
2026-06-05 18:00:50.920 | INFO     | server:lifespan:41 - SCU-FastAPI Starting...
2026-06-05 18:00:50.925 | INFO     | server:lifespan:51 - SCU-FastAPI Started successfully
2026-06-05 18:01:17.735 | INFO     | server:lifespan:41 - SCU-FastAPI Starting...
2026-06-05 18:01:17.741 | INFO     | server:lifespan:51 - SCU-FastAPI Started successfully
2026-06-05 18:01:44.500 | INFO     | server:lifespan:41 - SCU-FastAPI Starting...
2026-06-05 18:01:44.505 | INFO     | server:lifespan:51 - SCU-FastAPI Started successfully
2026-06-05 18:02:10.981 | INFO     | server:lifespan:41 - SCU-FastAPI Starting...
2026-06-05 18:02:10.989 | INFO     | server:lifespan:51 - SCU-FastAPI Started successfully
2026-06-05 18:02:37.994 | INFO     | server:lifespan:41 - SCU-FastAPI Starting...
2026-06-05 18:02:37.999 | INFO     | server:lifespan:51 - SCU-FastAPI Started successfully
2026-06-05 18:03:05.506 | INFO     | server:lifespan:41 - SCU-FastAPI Starting...
2026-06-05 18:03:05.512 | INFO     | server:lifespan:51 - SCU-FastAPI Started successfully
2026-06-05 18:03:32.894 | INFO     | server:lifespan:41 - SCU-FastAPI Starting...
2026-06-05 18:03:32.900 | INFO     | server:lifespan:51 - SCU-FastAPI Started successfully
2026-06-05 18:04:00.245 | INFO     | server:lifespan:41 - SCU-FastAPI Starting...
2026-06-05 18:04:00.252 | INFO     | server:lifespan:51 - SCU-FastAPI Started successfully
2026-06-05 18:04:26.849 | INFO     | server:lifespan:41 - SCU-FastAPI Starting...
2026-06-05 18:04:26.855 | INFO     | server:lifespan:51 - SCU-FastAPI Started successfully
2026-06-05 18:04:54.673 | INFO     | server:lifespan:41 - SCU-FastAPI Starting...
2026-06-05 18:04:54.679 | INFO     | server:lifespan:51 - SCU-FastAPI Started successfully
2026-06-05 18:05:21.628 | INFO     | server:lifespan:41 - SCU-FastAPI Starting...
2026-06-05 18:05:21.638 | INFO     | server:lifespan:51 - SCU-FastAPI Started successfully
2026-06-05 18:05:47.988 | INFO     | server:lifespan:41 - SCU-FastAPI Starting...
2026-06-05 18:05:47.994 | INFO     | server:lifespan:51 - SCU-FastAPI Started successfully
2026-06-05 18:06:14.735 | INFO     | server:lifespan:41 - SCU-FastAPI Starting...
2026-06-05 18:06:14.740 | INFO     | server:lifespan:51 - SCU-FastAPI Started successfully
2026-06-05 18:06:42.793 | INFO     | server:lifespan:41 - SCU-FastAPI Starting...
2026-06-05 18:06:42.798 | INFO     | server:lifespan:51 - SCU-FastAPI Started successfully
2026-06-05 18:07:10.257 | INFO     | server:lifespan:41 - SCU-FastAPI Starting...
2026-06-05 18:07:10.263 | INFO     | server:lifespan:51 - SCU-FastAPI Started successfully
2026-06-05 18:07:38.261 | INFO     | server:lifespan:41 - SCU-FastAPI Starting...
2026-06-05 18:07:38.268 | INFO     | server:lifespan:51 - SCU-FastAPI Started successfully
2026-06-05 18:08:05.351 | INFO     | server:lifespan:41 - SCU-FastAPI Starting...
2026-06-05 18:08:05.361 | INFO     | server:lifespan:51 - SCU-FastAPI Started successfully
2026-06-05 18:08:32.274 | INFO     | server:lifespan:41 - SCU-FastAPI Starting...
2026-06-05 18:08:32.282 | INFO     | server:lifespan:51 - SCU-FastAPI Started successfully
2026-06-05 18:08:59.130 | INFO     | server:lifespan:41 - SCU-FastAPI Starting...
2026-06-05 18:08:59.135 | INFO     | server:lifespan:51 - SCU-FastAPI Started successfully
2026-06-05 18:09:26.330 | INFO     | server:lifespan:41 - SCU-FastAPI Starting...
2026-06-05 18:09:26.336 | INFO     | server:lifespan:51 - SCU-FastAPI Started successfully
2026-06-05 18:09:53.927 | INFO     | server:lifespan:41 - SCU-FastAPI Starting...
2026-06-05 18:09:53.936 | INFO     | server:lifespan:51 - SCU-FastAPI Started successfully
2026-06-05 18:10:21.150 | INFO     | server:lifespan:41 - SCU-FastAPI Starting...
2026-06-05 18:10:21.158 | INFO     | server:lifespan:51 - SCU-FastAPI Started successfully
2026-06-05 18:10:48.944 | INFO     | server:lifespan:41 - SCU-FastAPI Starting...
2026-06-05 18:10:48.954 | INFO     | server:lifespan:51 - SCU-FastAPI Started successfully
2026-06-05 18:11:15.445 | INFO     | server:lifespan:41 - SCU-FastAPI Starting...
2026-06-05 18:11:15.451 | INFO     | server:lifespan:51 - SCU-FastAPI Started successfully
2026-06-05 18:11:41.862 | INFO     | server:lifespan:41 - SCU-FastAPI Starting...
2026-06-05 18:11:41.868 | INFO     | server:lifespan:51 - SCU-FastAPI Started successfully
2026-06-05 18:12:08.579 | INFO     | server:lifespan:41 - SCU-FastAPI Starting...
2026-06-05 18:12:08.587 | INFO     | server:lifespan:51 - SCU-FastAPI Started successfully
2026-06-05 18:12:34.987 | INFO     | server:lifespan:41 - SCU-FastAPI Starting...
2026-06-05 18:12:34.993 | INFO     | server:lifespan:51 - SCU-FastAPI Started successfully
2026-06-05 18:13:02.569 | INFO     | server:lifespan:41 - SCU-FastAPI Starting...
2026-06-05 18:13:02.575 | INFO     | server:lifespan:51 - SCU-FastAPI Started successfully
2026-06-05 18:13:29.749 | INFO     | server:lifespan:41 - SCU-FastAPI Starting...
2026-06-05 18:13:29.756 | INFO     | server:lifespan:51 - SCU-FastAPI Started successfully
2026-06-05 18:13:56.716 | INFO     | server:lifespan:41 - SCU-FastAPI Starting...
2026-06-05 18:13:56.723 | INFO     | server:lifespan:51 - SCU-FastAPI Started successfully
2026-06-05 18:14:23.923 | INFO     | server:lifespan:41 - SCU-FastAPI Starting...
2026-06-05 18:14:23.929 | INFO     | server:lifespan:51 - SCU-FastAPI Started successfully
2026-06-05 18:14:52.925 | INFO     | server:lifespan:41 - SCU-FastAPI Starting...
2026-06-05 18:14:52.932 | INFO     | server:lifespan:51 - SCU-FastAPI Started successfully
2026-06-05 18:15:19.666 | INFO     | server:lifespan:41 - SCU-FastAPI Starting...
2026-06-05 18:15:19.671 | INFO     | server:lifespan:51 - SCU-FastAPI Started successfully
2026-06-05 18:15:47.135 | INFO     | server:lifespan:41 - SCU-FastAPI Starting...
2026-06-05 18:15:47.141 | INFO     | server:lifespan:51 - SCU-FastAPI Started successfully
2026-06-05 18:16:14.285 | INFO     | server:lifespan:41 - SCU-FastAPI Starting...
2026-06-05 18:16:14.290 | INFO     | server:lifespan:51 - SCU-FastAPI Started successfully
2026-06-05 18:16:39.949 | INFO     | server:lifespan:41 - SCU-FastAPI Starting...
2026-06-05 18:16:39.954 | INFO     | server:lifespan:51 - SCU-FastAPI Started successfully
2026-06-05 18:17:08.035 | INFO     | server:lifespan:41 - SCU-FastAPI Starting...
2026-06-05 18:17:08.044 | INFO     | server:lifespan:51 - SCU-FastAPI Started successfully
2026-06-05 18:17:34.606 | INFO     | server:lifespan:41 - SCU-FastAPI Starting...
2026-06-05 18:17:34.613 | INFO     | server:lifespan:51 - SCU-FastAPI Started successfully
2026-06-05 18:18:02.370 | INFO     | server:lifespan:41 - SCU-FastAPI Starting...
2026-06-05 18:18:02.375 | INFO     | server:lifespan:51 - SCU-FastAPI Started successfully
2026-06-05 18:18:29.367 | INFO     | server:lifespan:41 - SCU-FastAPI Starting...
2026-06-05 18:18:29.372 | INFO     | server:lifespan:51 - SCU-FastAPI Started successfully
2026-06-05 18:18:56.028 | INFO     | server:lifespan:41 - SCU-FastAPI Starting...
2026-06-05 18:18:56.035 | INFO     | server:lifespan:51 - SCU-FastAPI Started successfully
2026-06-05 18:19:22.241 | INFO     | server:lifespan:41 - SCU-FastAPI Starting...
2026-06-05 18:19:22.249 | INFO     | server:lifespan:51 - SCU-FastAPI Started successfully
2026-06-05 18:19:49.980 | INFO     | server:lifespan:41 - SCU-FastAPI Starting...
2026-06-05 18:19:49.986 | INFO     | server:lifespan:51 - SCU-FastAPI Started successfully
2026-06-05 18:20:18.488 | INFO     | server:lifespan:41 - SCU-FastAPI Starting...
2026-06-05 18:20:18.493 | INFO     | server:lifespan:51 - SCU-FastAPI Started successfully
2026-06-05 18:20:45.973 | INFO     | server:lifespan:41 - SCU-FastAPI Starting...
2026-06-05 18:20:45.983 | INFO     | server:lifespan:51 - SCU-FastAPI Started successfully
2026-06-05 18:21:13.243 | INFO     | server:lifespan:41 - SCU-FastAPI Starting...
2026-06-05 18:21:13.248 | INFO     | server:lifespan:51 - SCU-FastAPI Started successfully
2026-06-05 18:21:39.781 | INFO     | server:lifespan:41 - SCU-FastAPI Starting...
2026-06-05 18:21:39.786 | INFO     | server:lifespan:51 - SCU-FastAPI Started successfully
2026-06-05 18:22:06.505 | INFO     | server:lifespan:41 - SCU-FastAPI Starting...
2026-06-05 18:22:06.511 | INFO     | server:lifespan:51 - SCU-FastAPI Started successfully
2026-06-05 18:22:34.163 | INFO     | server:lifespan:41 - SCU-FastAPI Starting...
2026-06-05 18:22:34.168 | INFO     | server:lifespan:51 - SCU-FastAPI Started successfully
2026-06-05 18:23:01.415 | INFO     | server:lifespan:41 - SCU-FastAPI Starting...
2026-06-05 18:23:01.420 | INFO     | server:lifespan:51 - SCU-FastAPI Started successfully
2026-06-05 18:23:28.242 | INFO     | server:lifespan:41 - SCU-FastAPI Starting...
2026-06-05 18:23:28.250 | INFO     | server:lifespan:51 - SCU-FastAPI Started successfully
2026-06-05 18:23:54.152 | INFO     | server:lifespan:41 - SCU-FastAPI Starting...
2026-06-05 18:23:54.158 | INFO     | server:lifespan:51 - SCU-FastAPI Started successfully
2026-06-05 18:24:22.096 | INFO     | server:lifespan:41 - SCU-FastAPI Starting...
2026-06-05 18:24:22.103 | INFO     | server:lifespan:51 - SCU-FastAPI Started successfully
2026-06-05 18:24:49.678 | INFO     | server:lifespan:41 - SCU-FastAPI Starting...
2026-06-05 18:24:49.684 | INFO     | server:lifespan:51 - SCU-FastAPI Started successfully
2026-06-05 18:25:16.070 | INFO     | server:lifespan:41 - SCU-FastAPI Starting...
2026-06-05 18:25:16.076 | INFO     | server:lifespan:51 - SCU-FastAPI Started successfully
2026-06-05 18:25:43.101 | INFO     | server:lifespan:41 - SCU-FastAPI Starting...
2026-06-05 18:25:43.106 | INFO     | server:lifespan:51 - SCU-FastAPI Started successfully
2026-06-05 18:26:09.561 | INFO     | server:lifespan:41 - SCU-FastAPI Starting...
2026-06-05 18:26:09.568 | INFO     | server:lifespan:51 - SCU-FastAPI Started successfully
2026-06-05 18:26:37.175 | INFO     | server:lifespan:41 - SCU-FastAPI Starting...
2026-06-05 18:26:37.180 | INFO     | server:lifespan:51 - SCU-FastAPI Started successfully
2026-06-05 18:27:04.401 | INFO     | server:lifespan:41 - SCU-FastAPI Starting...
2026-06-05 18:27:04.406 | INFO     | server:lifespan:51 - SCU-FastAPI Started successfully
2026-06-05 18:27:31.470 | INFO     | server:lifespan:41 - SCU-FastAPI Starting...
2026-06-05 18:27:31.476 | INFO     | server:lifespan:51 - SCU-FastAPI Started successfully
2026-06-05 18:27:59.409 | INFO     | server:lifespan:41 - SCU-FastAPI Starting...
2026-06-05 18:27:59.415 | INFO     | server:lifespan:51 - SCU-FastAPI Started successfully
2026-06-05 18:28:25.777 | INFO     | server:lifespan:41 - SCU-FastAPI Starting...
2026-06-05 18:28:25.782 | INFO     | server:lifespan:51 - SCU-FastAPI Started successfully
2026-06-05 18:28:53.405 | INFO     | server:lifespan:41 - SCU-FastAPI Starting...
2026-06-05 18:28:53.410 | INFO     | server:lifespan:51 - SCU-FastAPI Started successfully
2026-06-05 18:29:19.424 | INFO     | server:lifespan:41 - SCU-FastAPI Starting...
2026-06-05 18:29:19.430 | INFO     | server:lifespan:51 - SCU-FastAPI Started successfully
2026-06-05 18:29:46.699 | INFO     | server:lifespan:41 - SCU-FastAPI Starting...
2026-06-05 18:29:46.704 | INFO     | server:lifespan:51 - SCU-FastAPI Started successfully
2026-06-05 18:30:13.351 | INFO     | server:lifespan:41 - SCU-FastAPI Starting...
2026-06-05 18:30:13.357 | INFO     | server:lifespan:51 - SCU-FastAPI Started successfully
2026-06-05 18:30:39.974 | INFO     | server:lifespan:41 - SCU-FastAPI Starting...
2026-06-05 18:30:39.980 | INFO     | server:lifespan:51 - SCU-FastAPI Started successfully
2026-06-05 18:31:07.710 | INFO     | server:lifespan:41 - SCU-FastAPI Starting...
2026-06-05 18:31:07.717 | INFO     | server:lifespan:51 - SCU-FastAPI Started successfully
2026-06-05 18:31:35.082 | INFO     | server:lifespan:41 - SCU-FastAPI Starting...
2026-06-05 18:31:35.094 | INFO     | server:lifespan:51 - SCU-FastAPI Started successfully
2026-06-05 18:32:01.860 | INFO     | server:lifespan:41 - SCU-FastAPI Starting...
2026-06-05 18:32:01.865 | INFO     | server:lifespan:51 - SCU-FastAPI Started successfully
2026-06-05 18:32:29.371 | INFO     | server:lifespan:41 - SCU-FastAPI Starting...
2026-06-05 18:32:29.377 | INFO     | server:lifespan:51 - SCU-FastAPI Started successfully
2026-06-05 18:32:57.039 | INFO     | server:lifespan:41 - SCU-FastAPI Starting...
2026-06-05 18:32:57.045 | INFO     | server:lifespan:51 - SCU-FastAPI Started successfully
2026-06-05 18:33:23.352 | INFO     | server:lifespan:41 - SCU-FastAPI Starting...
2026-06-05 18:33:23.360 | INFO     | server:lifespan:51 - SCU-FastAPI Started successfully
2026-06-05 18:33:51.347 | INFO     | server:lifespan:41 - SCU-FastAPI Starting...
2026-06-05 18:33:51.356 | INFO     | server:lifespan:51 - SCU-FastAPI Started successfully
2026-06-05 18:34:18.566 | INFO     | server:lifespan:41 - SCU-FastAPI Starting...
2026-06-05 18:34:18.572 | INFO     | server:lifespan:51 - SCU-FastAPI Started successfully
2026-06-05 18:34:45.190 | INFO     | server:lifespan:41 - SCU-FastAPI Starting...
2026-06-05 18:34:45.197 | INFO     | server:lifespan:51 - SCU-FastAPI Started successfully
2026-06-05 18:35:11.603 | INFO     | server:lifespan:41 - SCU-FastAPI Starting...
2026-06-05 18:35:11.608 | INFO     | server:lifespan:51 - SCU-FastAPI Started successfully
2026-06-05 18:35:38.294 | INFO     | server:lifespan:41 - SCU-FastAPI Starting...
2026-06-05 18:35:38.303 | INFO     | server:lifespan:51 - SCU-FastAPI Started successfully
2026-06-05 18:36:06.090 | INFO     | server:lifespan:41 - SCU-FastAPI Starting...
2026-06-05 18:36:06.095 | INFO     | server:lifespan:51 - SCU-FastAPI Started successfully
2026-06-05 18:36:33.851 | INFO     | server:lifespan:41 - SCU-FastAPI Starting...
2026-06-05 18:36:33.858 | INFO     | server:lifespan:51 - SCU-FastAPI Started successfully
2026-06-05 18:37:01.391 | INFO     | server:lifespan:41 - SCU-FastAPI Starting...
2026-06-05 18:37:01.396 | INFO     | server:lifespan:51 - SCU-FastAPI Started successfully
2026-06-05 18:37:27.760 | INFO     | server:lifespan:41 - SCU-FastAPI Starting...
2026-06-05 18:37:27.766 | INFO     | server:lifespan:51 - SCU-FastAPI Started successfully
2026-06-05 18:37:55.791 | INFO     | server:lifespan:41 - SCU-FastAPI Starting...
2026-06-05 18:37:55.802 | INFO     | server:lifespan:51 - SCU-FastAPI Started successfully
2026-06-05 18:38:22.440 | INFO     | server:lifespan:41 - SCU-FastAPI Starting...
2026-06-05 18:38:22.447 | INFO     | server:lifespan:51 - SCU-FastAPI Started successfully
2026-06-05 18:38:49.134 | INFO     | server:lifespan:41 - SCU-FastAPI Starting...
2026-06-05 18:38:49.139 | INFO     | server:lifespan:51 - SCU-FastAPI Started successfully
2026-06-05 18:39:16.496 | INFO     | server:lifespan:41 - SCU-FastAPI Starting...
2026-06-05 18:39:16.501 | INFO     | server:lifespan:51 - SCU-FastAPI Started successfully
2026-06-05 18:39:43.418 | INFO     | server:lifespan:41 - SCU-FastAPI Starting...
2026-06-05 18:39:43.424 | INFO     | server:lifespan:51 - SCU-FastAPI Started successfully
2026-06-05 18:40:09.825 | INFO     | server:lifespan:41 - SCU-FastAPI Starting...
2026-06-05 18:40:09.832 | INFO     | server:lifespan:51 - SCU-FastAPI Started successfully
2026-06-05 18:40:37.669 | INFO     | server:lifespan:41 - SCU-FastAPI Starting...
2026-06-05 18:40:37.675 | INFO     | server:lifespan:51 - SCU-FastAPI Started successfully
2026-06-05 18:41:05.435 | INFO     | server:lifespan:41 - SCU-FastAPI Starting...
2026-06-05 18:41:05.445 | INFO     | server:lifespan:51 - SCU-FastAPI Started successfully
2026-06-05 18:41:33.075 | INFO     | server:lifespan:41 - SCU-FastAPI Starting...
2026-06-05 18:41:33.082 | INFO     | server:lifespan:51 - SCU-FastAPI Started successfully
2026-06-05 18:42:00.303 | INFO     | server:lifespan:41 - SCU-FastAPI Starting...
2026-06-05 18:42:00.308 | INFO     | server:lifespan:51 - SCU-FastAPI Started successfully
2026-06-05 18:42:28.055 | INFO     | server:lifespan:41 - SCU-FastAPI Starting...
2026-06-05 18:42:28.060 | INFO     | server:lifespan:51 - SCU-FastAPI Started successfully
2026-06-05 18:42:53.666 | INFO     | server:lifespan:41 - SCU-FastAPI Starting...
2026-06-05 18:42:53.671 | INFO     | server:lifespan:51 - SCU-FastAPI Started successfully
2026-06-05 18:43:20.454 | INFO     | server:lifespan:41 - SCU-FastAPI Starting...
2026-06-05 18:43:20.464 | INFO     | server:lifespan:51 - SCU-FastAPI Started successfully
2026-06-05 18:43:47.786 | INFO     | server:lifespan:41 - SCU-FastAPI Starting...
2026-06-05 18:43:47.791 | INFO     | server:lifespan:51 - SCU-FastAPI Started successfully
2026-06-05 18:44:16.393 | INFO     | server:lifespan:41 - SCU-FastAPI Starting...
2026-06-05 18:44:16.402 | INFO     | server:lifespan:51 - SCU-FastAPI Started successfully
2026-06-05 18:44:43.751 | INFO     | server:lifespan:41 - SCU-FastAPI Starting...
2026-06-05 18:44:43.756 | INFO     | server:lifespan:51 - SCU-FastAPI Started successfully
2026-06-05 18:45:10.229 | INFO     | server:lifespan:41 - SCU-FastAPI Starting...
2026-06-05 18:45:10.235 | INFO     | server:lifespan:51 - SCU-FastAPI Started successfully
2026-06-05 18:45:37.723 | INFO     | server:lifespan:41 - SCU-FastAPI Starting...
2026-06-05 18:45:37.730 | INFO     | server:lifespan:51 - SCU-FastAPI Started successfully
2026-06-05 18:46:05.397 | INFO     | server:lifespan:41 - SCU-FastAPI Starting...
2026-06-05 18:46:05.403 | INFO     | server:lifespan:51 - SCU-FastAPI Started successfully
2026-06-05 18:46:32.252 | INFO     | server:lifespan:41 - SCU-FastAPI Starting...
2026-06-05 18:46:32.258 | INFO     | server:lifespan:51 - SCU-FastAPI Started successfully
2026-06-05 18:46:58.714 | INFO     | server:lifespan:41 - SCU-FastAPI Starting...
2026-06-05 18:46:58.720 | INFO     | server:lifespan:51 - SCU-FastAPI Started successfully
2026-06-05 18:47:25.273 | INFO     | server:lifespan:41 - SCU-FastAPI Starting...
2026-06-05 18:47:25.278 | INFO     | server:lifespan:51 - SCU-FastAPI Started successfully
2026-06-05 18:47:51.645 | INFO     | server:lifespan:41 - SCU-FastAPI Starting...
2026-06-05 18:47:51.650 | INFO     | server:lifespan:51 - SCU-FastAPI Started successfully
2026-06-05 18:48:17.461 | INFO     | server:lifespan:41 - SCU-FastAPI Starting...
2026-06-05 18:48:17.466 | INFO     | server:lifespan:51 - SCU-FastAPI Started successfully
2026-06-05 18:48:43.801 | INFO     | server:lifespan:41 - SCU-FastAPI Starting...
2026-06-05 18:48:43.808 | INFO     | server:lifespan:51 - SCU-FastAPI Started successfully
2026-06-05 18:49:10.066 | INFO     | server:lifespan:41 - SCU-FastAPI Starting...
2026-06-05 18:49:10.072 | INFO     | server:lifespan:51 - SCU-FastAPI Started successfully
2026-06-05 18:49:37.130 | INFO     | server:lifespan:41 - SCU-FastAPI Starting...
2026-06-05 18:49:37.136 | INFO     | server:lifespan:51 - SCU-FastAPI Started successfully
2026-06-05 18:50:03.232 | INFO     | server:lifespan:41 - SCU-FastAPI Starting...
2026-06-05 18:50:03.237 | INFO     | server:lifespan:51 - SCU-FastAPI Started successfully
2026-06-05 18:50:17.454 | INFO     | module_device.controller.topology_controller:get_topology_list:20 - 获取拓扑结构列表成功
2026-06-05 18:50:30.935 | INFO     | server:lifespan:41 - SCU-FastAPI Starting...
2026-06-05 18:50:30.945 | INFO     | server:lifespan:51 - SCU-FastAPI Started successfully
2026-06-05 18:50:57.667 | INFO     | server:lifespan:41 - SCU-FastAPI Starting...
2026-06-05 18:50:57.672 | INFO     | server:lifespan:51 - SCU-FastAPI Started successfully
2026-06-05 18:51:24.962 | INFO     | server:lifespan:41 - SCU-FastAPI Starting...
2026-06-05 18:51:24.968 | INFO     | server:lifespan:51 - SCU-FastAPI Started successfully
2026-06-05 18:51:52.735 | INFO     | server:lifespan:41 - SCU-FastAPI Starting...
2026-06-05 18:51:52.741 | INFO     | server:lifespan:51 - SCU-FastAPI Started successfully
2026-06-05 18:52:18.998 | INFO     | server:lifespan:41 - SCU-FastAPI Starting...
2026-06-05 18:52:19.005 | INFO     | server:lifespan:51 - SCU-FastAPI Started successfully
2026-06-05 18:52:45.822 | INFO     | server:lifespan:41 - SCU-FastAPI Starting...
2026-06-05 18:52:45.828 | INFO     | server:lifespan:51 - SCU-FastAPI Started successfully
2026-06-05 18:53:13.286 | INFO     | server:lifespan:41 - SCU-FastAPI Starting...
2026-06-05 18:53:13.292 | INFO     | server:lifespan:51 - SCU-FastAPI Started successfully
2026-06-05 18:53:39.613 | INFO     | server:lifespan:41 - SCU-FastAPI Starting...
2026-06-05 18:53:39.618 | INFO     | server:lifespan:51 - SCU-FastAPI Started successfully
2026-06-05 18:54:06.006 | INFO     | server:lifespan:41 - SCU-FastAPI Starting...
2026-06-05 18:54:06.012 | INFO     | server:lifespan:51 - SCU-FastAPI Started successfully
2026-06-05 18:54:33.169 | INFO     | server:lifespan:41 - SCU-FastAPI Starting...
2026-06-05 18:54:33.175 | INFO     | server:lifespan:51 - SCU-FastAPI Started successfully
2026-06-05 18:55:00.102 | INFO     | server:lifespan:41 - SCU-FastAPI Starting...
2026-06-05 18:55:00.107 | INFO     | server:lifespan:51 - SCU-FastAPI Started successfully
2026-06-05 18:55:27.705 | INFO     | server:lifespan:41 - SCU-FastAPI Starting...
2026-06-05 18:55:27.710 | INFO     | server:lifespan:51 - SCU-FastAPI Started successfully
2026-06-05 18:55:54.272 | INFO     | server:lifespan:41 - SCU-FastAPI Starting...
2026-06-05 18:55:54.277 | INFO     | server:lifespan:51 - SCU-FastAPI Started successfully
2026-06-05 18:56:21.817 | INFO     | server:lifespan:41 - SCU-FastAPI Starting...
2026-06-05 18:56:21.823 | INFO     | server:lifespan:51 - SCU-FastAPI Started successfully
2026-06-05 18:56:47.548 | INFO     | server:lifespan:41 - SCU-FastAPI Starting...
2026-06-05 18:56:47.553 | INFO     | server:lifespan:51 - SCU-FastAPI Started successfully
2026-06-05 18:57:13.425 | INFO     | server:lifespan:41 - SCU-FastAPI Starting...
2026-06-05 18:57:13.431 | INFO     | server:lifespan:51 - SCU-FastAPI Started successfully
2026-06-05 18:57:40.993 | INFO     | server:lifespan:41 - SCU-FastAPI Starting...
2026-06-05 18:57:40.999 | INFO     | server:lifespan:51 - SCU-FastAPI Started successfully
2026-06-05 18:58:08.501 | INFO     | server:lifespan:41 - SCU-FastAPI Starting...
2026-06-05 18:58:08.506 | INFO     | server:lifespan:51 - SCU-FastAPI Started successfully
2026-06-05 18:58:35.880 | INFO     | server:lifespan:41 - SCU-FastAPI Starting...
2026-06-05 18:58:35.886 | INFO     | server:lifespan:51 - SCU-FastAPI Started successfully
2026-06-05 18:59:02.133 | INFO     | server:lifespan:41 - SCU-FastAPI Starting...
2026-06-05 18:59:02.138 | INFO     | server:lifespan:51 - SCU-FastAPI Started successfully
2026-06-05 18:59:28.745 | INFO     | server:lifespan:41 - SCU-FastAPI Starting...
2026-06-05 18:59:28.750 | INFO     | server:lifespan:51 - SCU-FastAPI Started successfully
2026-06-05 18:59:54.644 | INFO     | server:lifespan:41 - SCU-FastAPI Starting...
2026-06-05 18:59:54.653 | INFO     | server:lifespan:51 - SCU-FastAPI Started successfully
2026-06-05 19:00:21.179 | INFO     | server:lifespan:41 - SCU-FastAPI Starting...
2026-06-05 19:00:21.184 | INFO     | server:lifespan:51 - SCU-FastAPI Started successfully
2026-06-05 19:00:47.135 | INFO     | server:lifespan:41 - SCU-FastAPI Starting...
2026-06-05 19:00:47.141 | INFO     | server:lifespan:51 - SCU-FastAPI Started successfully
2026-06-05 19:01:14.818 | INFO     | server:lifespan:41 - SCU-FastAPI Starting...
2026-06-05 19:01:14.824 | INFO     | server:lifespan:51 - SCU-FastAPI Started successfully
2026-06-05 19:01:41.018 | INFO     | server:lifespan:41 - SCU-FastAPI Starting...
2026-06-05 19:01:41.025 | INFO     | server:lifespan:51 - SCU-FastAPI Started successfully
2026-06-05 19:02:08.098 | INFO     | server:lifespan:41 - SCU-FastAPI Starting...
2026-06-05 19:02:08.108 | INFO     | server:lifespan:51 - SCU-FastAPI Started successfully
2026-06-05 19:02:34.981 | INFO     | server:lifespan:41 - SCU-FastAPI Starting...
2026-06-05 19:02:34.987 | INFO     | server:lifespan:51 - SCU-FastAPI Started successfully
2026-06-05 19:03:02.073 | INFO     | server:lifespan:41 - SCU-FastAPI Starting...
2026-06-05 19:03:02.079 | INFO     | server:lifespan:51 - SCU-FastAPI Started successfully
2026-06-05 19:03:29.112 | INFO     | server:lifespan:41 - SCU-FastAPI Starting...
2026-06-05 19:03:29.118 | INFO     | server:lifespan:51 - SCU-FastAPI Started successfully
2026-06-05 19:03:56.058 | INFO     | server:lifespan:41 - SCU-FastAPI Starting...
2026-06-05 19:03:56.066 | INFO     | server:lifespan:51 - SCU-FastAPI Started successfully
2026-06-05 19:04:24.308 | INFO     | server:lifespan:41 - SCU-FastAPI Starting...
2026-06-05 19:04:24.314 | INFO     | server:lifespan:51 - SCU-FastAPI Started successfully
2026-06-05 19:04:51.736 | INFO     | server:lifespan:41 - SCU-FastAPI Starting...
2026-06-05 19:04:51.743 | INFO     | server:lifespan:51 - SCU-FastAPI Started successfully
2026-06-05 19:05:18.794 | INFO     | server:lifespan:41 - SCU-FastAPI Starting...
2026-06-05 19:05:18.801 | INFO     | server:lifespan:51 - SCU-FastAPI Started successfully
2026-06-05 19:05:44.802 | INFO     | server:lifespan:41 - SCU-FastAPI Starting...
2026-06-05 19:05:44.812 | INFO     | server:lifespan:51 - SCU-FastAPI Started successfully
2026-06-05 19:06:12.056 | INFO     | server:lifespan:41 - SCU-FastAPI Starting...
2026-06-05 19:06:12.065 | INFO     | server:lifespan:51 - SCU-FastAPI Started successfully
2026-06-05 19:06:38.569 | INFO     | server:lifespan:41 - SCU-FastAPI Starting...
2026-06-05 19:06:38.574 | INFO     | server:lifespan:51 - SCU-FastAPI Started successfully
2026-06-05 19:07:04.962 | INFO     | server:lifespan:41 - SCU-FastAPI Starting...
2026-06-05 19:07:04.968 | INFO     | server:lifespan:51 - SCU-FastAPI Started successfully
2026-06-05 19:07:56.536 | INFO     | server:lifespan:41 - SCU-FastAPI Starting...
2026-06-05 19:08:49.496 | INFO     | server:lifespan:41 - SCU-FastAPI Starting...
2026-06-05 19:08:49.503 | INFO     | server:lifespan:51 - SCU-FastAPI Started successfully
2026-06-05 19:09:16.850 | INFO     | server:lifespan:41 - SCU-FastAPI Starting...
2026-06-05 19:09:16.860 | INFO     | server:lifespan:51 - SCU-FastAPI Started successfully
2026-06-05 19:09:43.259 | INFO     | server:lifespan:41 - SCU-FastAPI Starting...
2026-06-05 19:09:43.266 | INFO     | server:lifespan:51 - SCU-FastAPI Started successfully
2026-06-05 19:10:09.964 | INFO     | server:lifespan:41 - SCU-FastAPI Starting...
2026-06-05 19:10:09.969 | INFO     | server:lifespan:51 - SCU-FastAPI Started successfully
2026-06-05 19:10:36.701 | INFO     | server:lifespan:41 - SCU-FastAPI Starting...
2026-06-05 19:10:36.708 | INFO     | server:lifespan:51 - SCU-FastAPI Started successfully
2026-06-05 19:11:02.812 | INFO     | server:lifespan:41 - SCU-FastAPI Starting...
2026-06-05 19:11:02.818 | INFO     | server:lifespan:51 - SCU-FastAPI Started successfully
2026-06-05 19:11:29.702 | INFO     | server:lifespan:41 - SCU-FastAPI Starting...
2026-06-05 19:11:29.711 | INFO     | server:lifespan:51 - SCU-FastAPI Started successfully
2026-06-05 19:11:56.554 | INFO     | server:lifespan:41 - SCU-FastAPI Starting...
2026-06-05 19:11:56.559 | INFO     | server:lifespan:51 - SCU-FastAPI Started successfully
2026-06-05 19:12:23.126 | INFO     | server:lifespan:41 - SCU-FastAPI Starting...
2026-06-05 19:12:23.132 | INFO     | server:lifespan:51 - SCU-FastAPI Started successfully
2026-06-05 19:12:50.686 | INFO     | server:lifespan:41 - SCU-FastAPI Starting...
2026-06-05 19:12:50.691 | INFO     | server:lifespan:51 - SCU-FastAPI Started successfully
2026-06-05 19:14:14.342 | INFO     | server:lifespan:41 - SCU-FastAPI Starting...
2026-06-05 19:14:14.360 | INFO     | server:lifespan:51 - SCU-FastAPI Started successfully
2026-06-05 19:14:50.523 | INFO     | server:lifespan:41 - SCU-FastAPI Starting...
2026-06-05 19:14:50.531 | INFO     | server:lifespan:51 - SCU-FastAPI Started successfully
2026-06-05 19:15:26.619 | INFO     | server:lifespan:41 - SCU-FastAPI Starting...
2026-06-05 19:15:26.627 | INFO     | server:lifespan:51 - SCU-FastAPI Started successfully
2026-06-05 19:17:04.392 | INFO     | server:lifespan:41 - SCU-FastAPI Starting...
2026-06-05 19:17:04.401 | INFO     | server:lifespan:51 - SCU-FastAPI Started successfully
2026-06-05 19:20:11.978 | INFO     | module_admin.controller.login_controller:get_login_user_info:71 - 获取成功
2026-06-05 19:20:12.092 | INFO     | module_admin.controller.login_controller:get_login_user_routers:83 - 获取成功
2026-06-05 19:20:13.055 | INFO     | module_device.controller.topology_controller:get_topology_list:20 - 获取拓扑结构列表成功
2026-06-05 19:20:21.648 | INFO     | module_device.controller.topology_controller:get_topology_list:20 - 获取拓扑结构列表成功
2026-06-05 19:21:40.433 | INFO     | module_device.controller.device_controller:get_device_list:34 - 获取成功
2026-06-05 19:22:21.079 | INFO     | module_device.controller.topology_controller:get_topology_list:20 - 获取拓扑结构列表成功
2026-06-05 19:22:29.623 | INFO     | module_device.controller.topology_controller:get_topology_list:20 - 获取拓扑结构列表成功
2026-06-05 19:22:35.404 | INFO     | module_device.controller.topology_controller:get_topology_list:20 - 获取拓扑结构列表成功
2026-06-05 19:22:42.882 | INFO     | module_device.controller.topology_controller:get_topology_list:20 - 获取拓扑结构列表成功
2026-06-05 19:23:52.788 | INFO     | module_device.controller.topology_controller:get_topology_list:20 - 获取拓扑结构列表成功
2026-06-05 19:24:29.969 | INFO     | module_device.controller.topology_controller:get_topology_list:20 - 获取拓扑结构列表成功
2026-06-05 19:31:59.751 | INFO     | module_device.controller.topology_controller:get_topology_list:20 - 获取拓扑结构列表成功
2026-06-05 19:37:01.363 | INFO     | module_device.controller.device_controller:get_device_list:34 - 获取成功
2026-06-05 19:37:01.450 | INFO     | module_device.controller.topology_controller:get_topology_list:20 - 获取拓扑结构列表成功
2026-06-05 19:37:02.857 | INFO     | module_device.controller.device_controller:get_device_list:34 - 获取成功
2026-06-05 19:37:06.045 | INFO     | module_device.controller.template_controller:get_template_list:39 - 获取成功
2026-06-05 20:39:02.618 | INFO     | module_device.controller.topology_controller:get_topology_list:20 - 获取拓扑结构列表成功
2026-06-05 21:53:27.587 | INFO     | module_device.controller.topology_controller:get_topology_list:20 - 获取拓扑结构列表成功
2026-06-05 21:53:48.116 | INFO     | module_admin.controller.server_controller:get_monitor_server_info:19 - 获取成功
2026-06-05 21:53:48.131 | ERROR    | exceptions.handle:exception_handler:70 - (sqlite3.OperationalError) no such table: pcs_soft_version
[SQL: SELECT pcs_soft_version.id AS pcs_soft_version_id, pcs_soft_version.name AS pcs_soft_version_name, pcs_soft_version.cpld_version AS pcs_soft_version_cpld_version, pcs_soft_version.dsp_cpu1_version AS pcs_soft_version_dsp_cpu1_version, pcs_soft_version.dsp_cpu2_version AS pcs_soft_version_dsp_cpu2_version, pcs_soft_version.pcs_version AS pcs_soft_version_pcs_version 
FROM pcs_soft_version]
(Background on this error at: https://sqlalche.me/e/20/e3q8)
Traceback (most recent call last):

  File "/opt/bbms/web_source/web_backend/web-backend/.venv-lnx/lib/python3.8/site-packages/sqlalchemy/engine/base.py", line 1967, in _exec_single_context
    self.dialect.do_execute(
    │    │       └ <function DefaultDialect.do_execute at 0x7fa94f24c0>
    │    └ <sqlalchemy.dialects.sqlite.pysqlite.SQLiteDialect_pysqlite object at 0x7fa915a1f0>
    └ <sqlalchemy.engine.base.Connection object at 0x7f9472ddf0>
  File "/opt/bbms/web_source/web_backend/web-backend/.venv-lnx/lib/python3.8/site-packages/sqlalchemy/engine/default.py", line 924, in do_execute
    cursor.execute(statement, parameters)
    │      │       │          └ ()
    │      │       └ 'SELECT pcs_soft_version.id AS pcs_soft_version_id, pcs_soft_version.name AS pcs_soft_version_name, pcs_soft_version.cpld_ver...
    │      └ <method 'execute' of 'sqlite3.Cursor' objects>
    └ <sqlite3.Cursor object at 0x7f9464fd50>

sqlite3.OperationalError: no such table: pcs_soft_version


The above exception was the direct cause of the following exception:


Traceback (most recent call last):

  File "app.py", line 18, in <module>
    uvicorn.run(
    │       └ <function run at 0x7fac665280>
    └ <module 'uvicorn' from '/opt/bbms/web_source/web_backend/web-backend/.venv-lnx/lib/python3.8/site-packages/uvicorn/__init__.py'>

  File "/opt/bbms/web_source/web_backend/web-backend/.venv-lnx/lib/python3.8/site-packages/uvicorn/main.py", line 579, in run
    server.run()
    │      └ <function Server.run at 0x7fac63d430>
    └ <uvicorn.server.Server object at 0x7f97639dc0>
  File "/opt/bbms/web_source/web_backend/web-backend/.venv-lnx/lib/python3.8/site-packages/uvicorn/server.py", line 65, in run
    return asyncio.run(self.serve(sockets=sockets))
           │       │   │    │             └ None
           │       │   │    └ <function Server.serve at 0x7fac63d4c0>
           │       │   └ <uvicorn.server.Server object at 0x7f97639dc0>
           │       └ <function run at 0x7fad05d700>
           └ <module 'asyncio' from '/usr/lib/python3.8/asyncio/__init__.py'>
  File "/usr/lib/python3.8/asyncio/runners.py", line 44, in run
    return loop.run_until_complete(main)
           │    │                  └ <coroutine object Server.serve at 0x7f973e0440>
           │    └ <cyfunction Loop.run_until_complete at 0x7f97409580>
           └ <uvloop.Loop running=True closed=False debug=False>
  File "/opt/bbms/web_source/web_backend/web-backend/.venv-lnx/lib/python3.8/site-packages/uvicorn/protocols/http/httptools_impl.py", line 409, in run_asgi
    result = await app(  # type: ignore[func-returns-value]
                   └ <uvicorn.middleware.proxy_headers.ProxyHeadersMiddleware object at 0x7f973980a0>
  File "/opt/bbms/web_source/web_backend/web-backend/.venv-lnx/lib/python3.8/site-packages/uvicorn/middleware/proxy_headers.py", line 60, in __call__
    return await self.app(scope, receive, send)
                 │    │   │      │        └ <bound method RequestResponseCycle.send of <uvicorn.protocols.http.httptools_impl.RequestResponseCycle object at 0x7f945bae50>>
                 │    │   │      └ <bound method RequestResponseCycle.receive of <uvicorn.protocols.http.httptools_impl.RequestResponseCycle object at 0x7f945ba...
                 │    │   └ {'type': 'http', 'asgi': {'version': '3.0', 'spec_version': '2.3'}, 'http_version': '1.1', 'server': ('127.0.0.1', 9099), 'cl...
                 │    └ <fastapi.applications.FastAPI object at 0x7fad07d0d0>
                 └ <uvicorn.middleware.proxy_headers.ProxyHeadersMiddleware object at 0x7f973980a0>
  File "/opt/bbms/web_source/web_backend/web-backend/.venv-lnx/lib/python3.8/site-packages/fastapi/applications.py", line 1054, in __call__
    await super().__call__(scope, receive, send)
                           │      │        └ <bound method RequestResponseCycle.send of <uvicorn.protocols.http.httptools_impl.RequestResponseCycle object at 0x7f945bae50>>
                           │      └ <bound method RequestResponseCycle.receive of <uvicorn.protocols.http.httptools_impl.RequestResponseCycle object at 0x7f945ba...
                           └ {'type': 'http', 'asgi': {'version': '3.0', 'spec_version': '2.3'}, 'http_version': '1.1', 'server': ('127.0.0.1', 9099), 'cl...
  File "/opt/bbms/web_source/web_backend/web-backend/.venv-lnx/lib/python3.8/site-packages/starlette/applications.py", line 113, in __call__
    await self.middleware_stack(scope, receive, send)
          │    │                │      │        └ <bound method RequestResponseCycle.send of <uvicorn.protocols.http.httptools_impl.RequestResponseCycle object at 0x7f945bae50>>
          │    │                │      └ <bound method RequestResponseCycle.receive of <uvicorn.protocols.http.httptools_impl.RequestResponseCycle object at 0x7f945ba...
          │    │                └ {'type': 'http', 'asgi': {'version': '3.0', 'spec_version': '2.3'}, 'http_version': '1.1', 'server': ('127.0.0.1', 9099), 'cl...
          │    └ <starlette.middleware.errors.ServerErrorMiddleware object at 0x7f972b6250>
          └ <fastapi.applications.FastAPI object at 0x7fad07d0d0>
> File "/opt/bbms/web_source/web_backend/web-backend/.venv-lnx/lib/python3.8/site-packages/starlette/middleware/errors.py", line 165, in __call__
    await self.app(scope, receive, _send)
          │    │   │      │        └ <function ServerErrorMiddleware.__call__.<locals>._send at 0x7f947339d0>
          │    │   │      └ <bound method RequestResponseCycle.receive of <uvicorn.protocols.http.httptools_impl.RequestResponseCycle object at 0x7f945ba...
          │    │   └ {'type': 'http', 'asgi': {'version': '3.0', 'spec_version': '2.3'}, 'http_version': '1.1', 'server': ('127.0.0.1', 9099), 'cl...
          │    └ <starlette.middleware.gzip.GZipMiddleware object at 0x7f972b61f0>
          └ <starlette.middleware.errors.ServerErrorMiddleware object at 0x7f972b6250>
  File "/opt/bbms/web_source/web_backend/web-backend/.venv-lnx/lib/python3.8/site-packages/starlette/middleware/gzip.py", line 20, in __call__
    await responder(scope, receive, send)
          │         │      │        └ <function ServerErrorMiddleware.__call__.<locals>._send at 0x7f947339d0>
          │         │      └ <bound method RequestResponseCycle.receive of <uvicorn.protocols.http.httptools_impl.RequestResponseCycle object at 0x7f945ba...
          │         └ {'type': 'http', 'asgi': {'version': '3.0', 'spec_version': '2.3'}, 'http_version': '1.1', 'server': ('127.0.0.1', 9099), 'cl...
          └ <starlette.middleware.gzip.GZipResponder object at 0x7f945ba0d0>
  File "/opt/bbms/web_source/web_backend/web-backend/.venv-lnx/lib/python3.8/site-packages/starlette/middleware/gzip.py", line 39, in __call__
    await self.app(scope, receive, self.send_with_gzip)
          │    │   │      │        │    └ <function GZipResponder.send_with_gzip at 0x7fab2a0160>
          │    │   │      │        └ <starlette.middleware.gzip.GZipResponder object at 0x7f945ba0d0>
          │    │   │      └ <bound method RequestResponseCycle.receive of <uvicorn.protocols.http.httptools_impl.RequestResponseCycle object at 0x7f945ba...
          │    │   └ {'type': 'http', 'asgi': {'version': '3.0', 'spec_version': '2.3'}, 'http_version': '1.1', 'server': ('127.0.0.1', 9099), 'cl...
          │    └ <starlette.middleware.cors.CORSMiddleware object at 0x7f972b61c0>
          └ <starlette.middleware.gzip.GZipResponder object at 0x7f945ba0d0>
  File "/opt/bbms/web_source/web_backend/web-backend/.venv-lnx/lib/python3.8/site-packages/starlette/middleware/cors.py", line 85, in __call__
    await self.app(scope, receive, send)
          │    │   │      │        └ <bound method GZipResponder.send_with_gzip of <starlette.middleware.gzip.GZipResponder object at 0x7f945ba0d0>>
          │    │   │      └ <bound method RequestResponseCycle.receive of <uvicorn.protocols.http.httptools_impl.RequestResponseCycle object at 0x7f945ba...
          │    │   └ {'type': 'http', 'asgi': {'version': '3.0', 'spec_version': '2.3'}, 'http_version': '1.1', 'server': ('127.0.0.1', 9099), 'cl...
          │    └ <starlette.middleware.exceptions.ExceptionMiddleware object at 0x7f972b6160>
          └ <starlette.middleware.cors.CORSMiddleware object at 0x7f972b61c0>
  File "/opt/bbms/web_source/web_backend/web-backend/.venv-lnx/lib/python3.8/site-packages/starlette/middleware/exceptions.py", line 62, in __call__
    await wrap_app_handling_exceptions(self.app, conn)(scope, receive, send)
          │                            │    │    │     │      │        └ <bound method GZipResponder.send_with_gzip of <starlette.middleware.gzip.GZipResponder object at 0x7f945ba0d0>>
          │                            │    │    │     │      └ <bound method RequestResponseCycle.receive of <uvicorn.protocols.http.httptools_impl.RequestResponseCycle object at 0x7f945ba...
          │                            │    │    │     └ {'type': 'http', 'asgi': {'version': '3.0', 'spec_version': '2.3'}, 'http_version': '1.1', 'server': ('127.0.0.1', 9099), 'cl...
          │                            │    │    └ <starlette.requests.Request object at 0x7f945ba130>
          │                            │    └ <fastapi.routing.APIRouter object at 0x7f97a66970>
          │                            └ <starlette.middleware.exceptions.ExceptionMiddleware object at 0x7f972b6160>
          └ <function wrap_app_handling_exceptions at 0x7fab90aaf0>
  File "/opt/bbms/web_source/web_backend/web-backend/.venv-lnx/lib/python3.8/site-packages/starlette/_exception_handler.py", line 62, in wrapped_app
    raise exc
  File "/opt/bbms/web_source/web_backend/web-backend/.venv-lnx/lib/python3.8/site-packages/starlette/_exception_handler.py", line 51, in wrapped_app
    await app(scope, receive, sender)
          │   │      │        └ <function wrap_app_handling_exceptions.<locals>.wrapped_app.<locals>.sender at 0x7f94733b80>
          │   │      └ <bound method RequestResponseCycle.receive of <uvicorn.protocols.http.httptools_impl.RequestResponseCycle object at 0x7f945ba...
          │   └ {'type': 'http', 'asgi': {'version': '3.0', 'spec_version': '2.3'}, 'http_version': '1.1', 'server': ('127.0.0.1', 9099), 'cl...
          └ <fastapi.routing.APIRouter object at 0x7f97a66970>
  File "/opt/bbms/web_source/web_backend/web-backend/.venv-lnx/lib/python3.8/site-packages/starlette/routing.py", line 715, in __call__
    await self.middleware_stack(scope, receive, send)
          │    │                │      │        └ <function wrap_app_handling_exceptions.<locals>.wrapped_app.<locals>.sender at 0x7f94733b80>
          │    │                │      └ <bound method RequestResponseCycle.receive of <uvicorn.protocols.http.httptools_impl.RequestResponseCycle object at 0x7f945ba...
          │    │                └ {'type': 'http', 'asgi': {'version': '3.0', 'spec_version': '2.3'}, 'http_version': '1.1', 'server': ('127.0.0.1', 9099), 'cl...
          │    └ <bound method Router.app of <fastapi.routing.APIRouter object at 0x7f97a66970>>
          └ <fastapi.routing.APIRouter object at 0x7f97a66970>
  File "/opt/bbms/web_source/web_backend/web-backend/.venv-lnx/lib/python3.8/site-packages/starlette/routing.py", line 735, in app
    await route.handle(scope, receive, send)
          │     │      │      │        └ <function wrap_app_handling_exceptions.<locals>.wrapped_app.<locals>.sender at 0x7f94733b80>
          │     │      │      └ <bound method RequestResponseCycle.receive of <uvicorn.protocols.http.httptools_impl.RequestResponseCycle object at 0x7f945ba...
          │     │      └ {'type': 'http', 'asgi': {'version': '3.0', 'spec_version': '2.3'}, 'http_version': '1.1', 'server': ('127.0.0.1', 9099), 'cl...
          │     └ <function Route.handle at 0x7fab904ee0>
          └ APIRoute(path='/device/pcs-soft-version', name='get_pcs_soft_version', methods=['GET'])
  File "/opt/bbms/web_source/web_backend/web-backend/.venv-lnx/lib/python3.8/site-packages/starlette/routing.py", line 288, in handle
    await self.app(scope, receive, send)
          │    │   │      │        └ <function wrap_app_handling_exceptions.<locals>.wrapped_app.<locals>.sender at 0x7f94733b80>
          │    │   │      └ <bound method RequestResponseCycle.receive of <uvicorn.protocols.http.httptools_impl.RequestResponseCycle object at 0x7f945ba...
          │    │   └ {'type': 'http', 'asgi': {'version': '3.0', 'spec_version': '2.3'}, 'http_version': '1.1', 'server': ('127.0.0.1', 9099), 'cl...
          │    └ <function request_response.<locals>.app at 0x7f977da820>
          └ APIRoute(path='/device/pcs-soft-version', name='get_pcs_soft_version', methods=['GET'])
  File "/opt/bbms/web_source/web_backend/web-backend/.venv-lnx/lib/python3.8/site-packages/starlette/routing.py", line 76, in app
    await wrap_app_handling_exceptions(app, request)(scope, receive, send)
          │                            │    │        │      │        └ <function wrap_app_handling_exceptions.<locals>.wrapped_app.<locals>.sender at 0x7f94733b80>
          │                            │    │        │      └ <bound method RequestResponseCycle.receive of <uvicorn.protocols.http.httptools_impl.RequestResponseCycle object at 0x7f945ba...
          │                            │    │        └ {'type': 'http', 'asgi': {'version': '3.0', 'spec_version': '2.3'}, 'http_version': '1.1', 'server': ('127.0.0.1', 9099), 'cl...
          │                            │    └ <starlette.requests.Request object at 0x7f945baa60>
          │                            └ <function request_response.<locals>.app.<locals>.app at 0x7f94733790>
          └ <function wrap_app_handling_exceptions at 0x7fab90aaf0>
  File "/opt/bbms/web_source/web_backend/web-backend/.venv-lnx/lib/python3.8/site-packages/starlette/_exception_handler.py", line 62, in wrapped_app
    raise exc
  File "/opt/bbms/web_source/web_backend/web-backend/.venv-lnx/lib/python3.8/site-packages/starlette/_exception_handler.py", line 51, in wrapped_app
    await app(scope, receive, sender)
          │   │      │        └ <function wrap_app_handling_exceptions.<locals>.wrapped_app.<locals>.sender at 0x7f94733ee0>
          │   │      └ <bound method RequestResponseCycle.receive of <uvicorn.protocols.http.httptools_impl.RequestResponseCycle object at 0x7f945ba...
          │   └ {'type': 'http', 'asgi': {'version': '3.0', 'spec_version': '2.3'}, 'http_version': '1.1', 'server': ('127.0.0.1', 9099), 'cl...
          └ <function request_response.<locals>.app.<locals>.app at 0x7f94733790>
  File "/opt/bbms/web_source/web_backend/web-backend/.venv-lnx/lib/python3.8/site-packages/starlette/routing.py", line 73, in app
    response = await f(request)
                     │ └ <starlette.requests.Request object at 0x7f945baa60>
                     └ <function get_request_handler.<locals>.app at 0x7f977dab80>
  File "/opt/bbms/web_source/web_backend/web-backend/.venv-lnx/lib/python3.8/site-packages/fastapi/routing.py", line 301, in app
    raw_response = await run_endpoint_function(
                         └ <function run_endpoint_function at 0x7fab886af0>
  File "/opt/bbms/web_source/web_backend/web-backend/.venv-lnx/lib/python3.8/site-packages/fastapi/routing.py", line 214, in run_endpoint_function
    return await run_in_threadpool(dependant.call, **values)
                 │                 │         │       └ {'query_db': <sqlalchemy.orm.session.Session object at 0x7f9474caf0>, 'request': <starlette.requests.Request object at 0x7f94...
                 │                 │         └ <function get_pcs_soft_version at 0x7f97bfb700>
                 │                 └ Dependant(path_params=[], query_params=[], header_params=[], cookie_params=[], body_params=[], dependencies=[Dependant(path_p...
                 └ <function run_in_threadpool at 0x7fab05d550>
  File "/opt/bbms/web_source/web_backend/web-backend/.venv-lnx/lib/python3.8/site-packages/starlette/concurrency.py", line 39, in run_in_threadpool
    return await anyio.to_thread.run_sync(func, *args)
                 │     │         │        │      └ ()
                 │     │         │        └ functools.partial(<function get_pcs_soft_version at 0x7f97bfb700>, query_db=<sqlalchemy.orm.session.Session object at 0x7f947...
                 │     │         └ <function run_sync at 0x7fac4f3670>
                 │     └ <module 'anyio.to_thread' from '/opt/bbms/web_source/web_backend/web-backend/.venv-lnx/lib/python3.8/site-packages/anyio/to_t...
                 └ <module 'anyio' from '/opt/bbms/web_source/web_backend/web-backend/.venv-lnx/lib/python3.8/site-packages/anyio/__init__.py'>
  File "/opt/bbms/web_source/web_backend/web-backend/.venv-lnx/lib/python3.8/site-packages/anyio/to_thread.py", line 56, in run_sync
    return await get_async_backend().run_sync_in_worker_thread(
                 └ <function get_async_backend at 0x7fac5d1700>
  File "/opt/bbms/web_source/web_backend/web-backend/.venv-lnx/lib/python3.8/site-packages/anyio/_backends/_asyncio.py", line 2364, in run_sync_in_worker_thread
    return await future
                 └ <Future finished exception=OperationalError('(sqlite3.OperationalError) no such table: pcs_soft_version')>
  File "/opt/bbms/web_source/web_backend/web-backend/.venv-lnx/lib/python3.8/site-packages/anyio/_backends/_asyncio.py", line 864, in run
    result = context.run(func, *args)
             │       │   │      └ (None, None, None)
             │       │   └ <bound method _GeneratorContextManager.__exit__ of <contextlib._GeneratorContextManager object at 0x7f947ae3a0>>
             │       └ <method 'run' of 'Context' objects>
             └ <Context object at 0x7f94729e80>

  File "/opt/bbms/web_source/web_backend/web-backend/module_device/controller/device_controller.py", line 265, in get_pcs_soft_version
    devices = DeviceService.get_pcs_soft_version(query_db)
              │             │                    └ <sqlalchemy.orm.session.Session object at 0x7f9474caf0>
              │             └ <classmethod object at 0x7f97c01670>
              └ <class 'module_device.service.device_service.DeviceService'>

  File "/opt/bbms/web_source/web_backend/web-backend/module_device/service/device_service.py", line 650, in get_pcs_soft_version
    pcs_devices = DeviceDao.get_all_pcs_soft_versions(db)
                  │         │                         └ <sqlalchemy.orm.session.Session object at 0x7f9474caf0>
                  │         └ <classmethod object at 0x7f97c3e670>
                  └ <class 'module_device.dao.device_dao.DeviceDao'>

  File "/opt/bbms/web_source/web_backend/web-backend/module_device/dao/device_dao.py", line 242, in get_all_pcs_soft_versions
    return db.query(PcsSoftVersion).all()
           │  │     └ <class 'module_device.entity.do.pcs_soft_version_do.PcsSoftVersion'>
           │  └ <function Session.query at 0x7fa923b670>
           └ <sqlalchemy.orm.session.Session object at 0x7f9474caf0>

  File "/opt/bbms/web_source/web_backend/web-backend/.venv-lnx/lib/python3.8/site-packages/sqlalchemy/orm/query.py", line 2673, in all
    return self._iter().all()  # type: ignore
           │    └ <function Query._iter at 0x7fa92b4670>
           └ <sqlalchemy.orm.query.Query object at 0x7f945ba220>
  File "/opt/bbms/web_source/web_backend/web-backend/.venv-lnx/lib/python3.8/site-packages/sqlalchemy/orm/query.py", line 2827, in _iter
    result: Union[ScalarResult[_T], Result[_T]] = self.session.execute(
            │                  │    │      │      │    │       └ <function Session.execute at 0x7fa9239f70>
            │                  │    │      │      │    └ <sqlalchemy.orm.session.Session object at 0x7f9474caf0>
            │                  │    │      │      └ <sqlalchemy.orm.query.Query object at 0x7f945ba220>
            │                  │    │      └ ~_T
            │                  │    └ <class 'sqlalchemy.engine.result.Result'>
            │                  └ ~_T
            └ typing.Union
  File "/opt/bbms/web_source/web_backend/web-backend/.venv-lnx/lib/python3.8/site-packages/sqlalchemy/orm/session.py", line 2351, in execute
    return self._execute_internal(
           │    └ <function Session._execute_internal at 0x7fa9239ee0>
           └ <sqlalchemy.orm.session.Session object at 0x7f9474caf0>
  File "/opt/bbms/web_source/web_backend/web-backend/.venv-lnx/lib/python3.8/site-packages/sqlalchemy/orm/session.py", line 2236, in _execute_internal
    result: Result[Any] = compile_state_cls.orm_execute_statement(
                   │      │                 └ <classmethod object at 0x7fa93c93d0>
                   │      └ <class 'sqlalchemy.orm.context.ORMSelectCompileState'>
                   └ typing.Any
  File "/opt/bbms/web_source/web_backend/web-backend/.venv-lnx/lib/python3.8/site-packages/sqlalchemy/orm/context.py", line 293, in orm_execute_statement
    result = conn.execute(
             │    └ <function Connection.execute at 0x7fa95b40d0>
             └ <sqlalchemy.engine.base.Connection object at 0x7f9472ddf0>
  File "/opt/bbms/web_source/web_backend/web-backend/.venv-lnx/lib/python3.8/site-packages/sqlalchemy/engine/base.py", line 1418, in execute
    return meth(
           └ <bound method ClauseElement._execute_on_connection of <sqlalchemy.sql.selectable.Select object at 0x7f9472d970>>
  File "/opt/bbms/web_source/web_backend/web-backend/.venv-lnx/lib/python3.8/site-packages/sqlalchemy/sql/elements.py", line 515, in _execute_on_connection
    return connection._execute_clauseelement(
           │          └ <function Connection._execute_clauseelement at 0x7fa95b43a0>
           └ <sqlalchemy.engine.base.Connection object at 0x7f9472ddf0>
  File "/opt/bbms/web_source/web_backend/web-backend/.venv-lnx/lib/python3.8/site-packages/sqlalchemy/engine/base.py", line 1640, in _execute_clauseelement
    ret = self._execute_context(
          │    └ <function Connection._execute_context at 0x7fa95b4550>
          └ <sqlalchemy.engine.base.Connection object at 0x7f9472ddf0>
  File "/opt/bbms/web_source/web_backend/web-backend/.venv-lnx/lib/python3.8/site-packages/sqlalchemy/engine/base.py", line 1846, in _execute_context
    return self._exec_single_context(
           │    └ <function Connection._exec_single_context at 0x7fa95b45e0>
           └ <sqlalchemy.engine.base.Connection object at 0x7f9472ddf0>
  File "/opt/bbms/web_source/web_backend/web-backend/.venv-lnx/lib/python3.8/site-packages/sqlalchemy/engine/base.py", line 1986, in _exec_single_context
    self._handle_dbapi_exception(
    │    └ <function Connection._handle_dbapi_exception at 0x7fa95b4820>
    └ <sqlalchemy.engine.base.Connection object at 0x7f9472ddf0>
  File "/opt/bbms/web_source/web_backend/web-backend/.venv-lnx/lib/python3.8/site-packages/sqlalchemy/engine/base.py", line 2353, in _handle_dbapi_exception
    raise sqlalchemy_exception.with_traceback(exc_info[2]) from e
          │                    │              │                 └ OperationalError('no such table: pcs_soft_version')
          │                    │              └ (<class 'sqlite3.OperationalError'>, OperationalError('no such table: pcs_soft_version'), <traceback object at 0x7f9456a300>)
          │                    └ <method 'with_traceback' of 'BaseException' objects>
          └ OperationalError('(sqlite3.OperationalError) no such table: pcs_soft_version')
  File "/opt/bbms/web_source/web_backend/web-backend/.venv-lnx/lib/python3.8/site-packages/sqlalchemy/engine/base.py", line 1967, in _exec_single_context
    self.dialect.do_execute(
    │    │       └ <function DefaultDialect.do_execute at 0x7fa94f24c0>
    │    └ <sqlalchemy.dialects.sqlite.pysqlite.SQLiteDialect_pysqlite object at 0x7fa915a1f0>
    └ <sqlalchemy.engine.base.Connection object at 0x7f9472ddf0>
  File "/opt/bbms/web_source/web_backend/web-backend/.venv-lnx/lib/python3.8/site-packages/sqlalchemy/engine/default.py", line 924, in do_execute
    cursor.execute(statement, parameters)
    │      │       │          └ ()
    │      │       └ 'SELECT pcs_soft_version.id AS pcs_soft_version_id, pcs_soft_version.name AS pcs_soft_version_name, pcs_soft_version.cpld_ver...
    │      └ <method 'execute' of 'sqlite3.Cursor' objects>
    └ <sqlite3.Cursor object at 0x7f9464fd50>

sqlalchemy.exc.OperationalError: (sqlite3.OperationalError) no such table: pcs_soft_version
[SQL: SELECT pcs_soft_version.id AS pcs_soft_version_id, pcs_soft_version.name AS pcs_soft_version_name, pcs_soft_version.cpld_version AS pcs_soft_version_cpld_version, pcs_soft_version.dsp_cpu1_version AS pcs_soft_version_dsp_cpu1_version, pcs_soft_version.dsp_cpu2_version AS pcs_soft_version_dsp_cpu2_version, pcs_soft_version.pcs_version AS pcs_soft_version_pcs_version 
FROM pcs_soft_version]
(Background on this error at: https://sqlalche.me/e/20/e3q8)
2026-06-05 21:55:53.513 | INFO     | module_device.controller.topology_controller:get_topology_list:20 - 获取拓扑结构列表成功
2026-06-05 21:56:02.199 | INFO     | module_device.controller.topology_controller:get_topology_list:20 - 获取拓扑结构列表成功
2026-06-05 21:56:31.074 | INFO     | module_device.controller.topology_controller:get_topology_list:20 - 获取拓扑结构列表成功
2026-06-05 21:58:38.175 | INFO     | module_device.controller.topology_controller:get_topology_list:20 - 获取拓扑结构列表成功
2026-06-05 22:08:15.854 | INFO     | module_device.controller.topology_controller:get_topology_list:20 - 获取拓扑结构列表成功
2026-06-05 22:09:33.916 | INFO     | module_device.controller.topology_controller:get_topology_list:20 - 获取拓扑结构列表成功
2026-06-05 22:09:37.623 | INFO     | module_device.controller.topology_controller:get_topology_list:20 - 获取拓扑结构列表成功
2026-06-05 22:09:57.908 | INFO     | module_device.controller.topology_controller:get_topology_list:20 - 获取拓扑结构列表成功
2026-06-05 22:10:10.748 | INFO     | module_device.controller.topology_controller:get_topology_list:20 - 获取拓扑结构列表成功
2026-06-05 22:15:37.534 | INFO     | module_device.controller.topology_controller:get_topology_list:20 - 获取拓扑结构列表成功
2026-06-05 22:16:41.318 | INFO     | module_device.controller.device_controller:get_device_list:34 - 获取成功
2026-06-05 22:17:09.141 | INFO     | module_device.controller.topology_controller:get_topology_list:20 - 获取拓扑结构列表成功
2026-06-05 22:17:14.681 | INFO     | module_device.controller.device_controller:get_device_list:34 - 获取成功
2026-06-05 22:17:24.995 | INFO     | module_device.controller.topology_controller:get_topology_list:20 - 获取拓扑结构列表成功
2026-06-05 22:17:56.765 | INFO     | module_device.controller.topology_controller:get_topology_list:20 - 获取拓扑结构列表成功
2026-06-05 22:21:17.648 | INFO     | module_admin.controller.server_controller:get_monitor_server_info:19 - 获取成功
2026-06-05 22:21:17.668 | ERROR    | exceptions.handle:exception_handler:70 - (sqlite3.OperationalError) no such table: pcs_soft_version
[SQL: SELECT pcs_soft_version.id AS pcs_soft_version_id, pcs_soft_version.name AS pcs_soft_version_name, pcs_soft_version.cpld_version AS pcs_soft_version_cpld_version, pcs_soft_version.dsp_cpu1_version AS pcs_soft_version_dsp_cpu1_version, pcs_soft_version.dsp_cpu2_version AS pcs_soft_version_dsp_cpu2_version, pcs_soft_version.pcs_version AS pcs_soft_version_pcs_version 
FROM pcs_soft_version]
(Background on this error at: https://sqlalche.me/e/20/e3q8)
Traceback (most recent call last):

  File "/opt/bbms/web_source/web_backend/web-backend/.venv-lnx/lib/python3.8/site-packages/sqlalchemy/engine/base.py", line 1967, in _exec_single_context
    self.dialect.do_execute(
    │    │       └ <function DefaultDialect.do_execute at 0x7fa94f24c0>
    │    └ <sqlalchemy.dialects.sqlite.pysqlite.SQLiteDialect_pysqlite object at 0x7fa915a1f0>
    └ <sqlalchemy.engine.base.Connection object at 0x7f945b58b0>
  File "/opt/bbms/web_source/web_backend/web-backend/.venv-lnx/lib/python3.8/site-packages/sqlalchemy/engine/default.py", line 924, in do_execute
    cursor.execute(statement, parameters)
    │      │       │          └ ()
    │      │       └ 'SELECT pcs_soft_version.id AS pcs_soft_version_id, pcs_soft_version.name AS pcs_soft_version_name, pcs_soft_version.cpld_ver...
    │      └ <method 'execute' of 'sqlite3.Cursor' objects>
    └ <sqlite3.Cursor object at 0x7f942c0ce0>

sqlite3.OperationalError: no such table: pcs_soft_version


The above exception was the direct cause of the following exception:


Traceback (most recent call last):

  File "app.py", line 18, in <module>
    uvicorn.run(
    │       └ <function run at 0x7fac665280>
    └ <module 'uvicorn' from '/opt/bbms/web_source/web_backend/web-backend/.venv-lnx/lib/python3.8/site-packages/uvicorn/__init__.py'>

  File "/opt/bbms/web_source/web_backend/web-backend/.venv-lnx/lib/python3.8/site-packages/uvicorn/main.py", line 579, in run
    server.run()
    │      └ <function Server.run at 0x7fac63d430>
    └ <uvicorn.server.Server object at 0x7f97639dc0>
  File "/opt/bbms/web_source/web_backend/web-backend/.venv-lnx/lib/python3.8/site-packages/uvicorn/server.py", line 65, in run
    return asyncio.run(self.serve(sockets=sockets))
           │       │   │    │             └ None
           │       │   │    └ <function Server.serve at 0x7fac63d4c0>
           │       │   └ <uvicorn.server.Server object at 0x7f97639dc0>
           │       └ <function run at 0x7fad05d700>
           └ <module 'asyncio' from '/usr/lib/python3.8/asyncio/__init__.py'>
  File "/usr/lib/python3.8/asyncio/runners.py", line 44, in run
    return loop.run_until_complete(main)
           │    │                  └ <coroutine object Server.serve at 0x7f973e0440>
           │    └ <cyfunction Loop.run_until_complete at 0x7f97409580>
           └ <uvloop.Loop running=True closed=False debug=False>
  File "/opt/bbms/web_source/web_backend/web-backend/.venv-lnx/lib/python3.8/site-packages/uvicorn/protocols/http/httptools_impl.py", line 409, in run_asgi
    result = await app(  # type: ignore[func-returns-value]
                   └ <uvicorn.middleware.proxy_headers.ProxyHeadersMiddleware object at 0x7f973980a0>
  File "/opt/bbms/web_source/web_backend/web-backend/.venv-lnx/lib/python3.8/site-packages/uvicorn/middleware/proxy_headers.py", line 60, in __call__
    return await self.app(scope, receive, send)
                 │    │   │      │        └ <bound method RequestResponseCycle.send of <uvicorn.protocols.http.httptools_impl.RequestResponseCycle object at 0x7f9474cfa0>>
                 │    │   │      └ <bound method RequestResponseCycle.receive of <uvicorn.protocols.http.httptools_impl.RequestResponseCycle object at 0x7f9474c...
                 │    │   └ {'type': 'http', 'asgi': {'version': '3.0', 'spec_version': '2.3'}, 'http_version': '1.1', 'server': ('127.0.0.1', 9099), 'cl...
                 │    └ <fastapi.applications.FastAPI object at 0x7fad07d0d0>
                 └ <uvicorn.middleware.proxy_headers.ProxyHeadersMiddleware object at 0x7f973980a0>
  File "/opt/bbms/web_source/web_backend/web-backend/.venv-lnx/lib/python3.8/site-packages/fastapi/applications.py", line 1054, in __call__
    await super().__call__(scope, receive, send)
                           │      │        └ <bound method RequestResponseCycle.send of <uvicorn.protocols.http.httptools_impl.RequestResponseCycle object at 0x7f9474cfa0>>
                           │      └ <bound method RequestResponseCycle.receive of <uvicorn.protocols.http.httptools_impl.RequestResponseCycle object at 0x7f9474c...
                           └ {'type': 'http', 'asgi': {'version': '3.0', 'spec_version': '2.3'}, 'http_version': '1.1', 'server': ('127.0.0.1', 9099), 'cl...
  File "/opt/bbms/web_source/web_backend/web-backend/.venv-lnx/lib/python3.8/site-packages/starlette/applications.py", line 113, in __call__
    await self.middleware_stack(scope, receive, send)
          │    │                │      │        └ <bound method RequestResponseCycle.send of <uvicorn.protocols.http.httptools_impl.RequestResponseCycle object at 0x7f9474cfa0>>
          │    │                │      └ <bound method RequestResponseCycle.receive of <uvicorn.protocols.http.httptools_impl.RequestResponseCycle object at 0x7f9474c...
          │    │                └ {'type': 'http', 'asgi': {'version': '3.0', 'spec_version': '2.3'}, 'http_version': '1.1', 'server': ('127.0.0.1', 9099), 'cl...
          │    └ <starlette.middleware.errors.ServerErrorMiddleware object at 0x7f972b6250>
          └ <fastapi.applications.FastAPI object at 0x7fad07d0d0>
> File "/opt/bbms/web_source/web_backend/web-backend/.venv-lnx/lib/python3.8/site-packages/starlette/middleware/errors.py", line 165, in __call__
    await self.app(scope, receive, _send)
          │    │   │      │        └ <function ServerErrorMiddleware.__call__.<locals>._send at 0x7f942c6e50>
          │    │   │      └ <bound method RequestResponseCycle.receive of <uvicorn.protocols.http.httptools_impl.RequestResponseCycle object at 0x7f9474c...
          │    │   └ {'type': 'http', 'asgi': {'version': '3.0', 'spec_version': '2.3'}, 'http_version': '1.1', 'server': ('127.0.0.1', 9099), 'cl...
          │    └ <starlette.middleware.gzip.GZipMiddleware object at 0x7f972b61f0>
          └ <starlette.middleware.errors.ServerErrorMiddleware object at 0x7f972b6250>
  File "/opt/bbms/web_source/web_backend/web-backend/.venv-lnx/lib/python3.8/site-packages/starlette/middleware/gzip.py", line 20, in __call__
    await responder(scope, receive, send)
          │         │      │        └ <function ServerErrorMiddleware.__call__.<locals>._send at 0x7f942c6e50>
          │         │      └ <bound method RequestResponseCycle.receive of <uvicorn.protocols.http.httptools_impl.RequestResponseCycle object at 0x7f9474c...
          │         └ {'type': 'http', 'asgi': {'version': '3.0', 'spec_version': '2.3'}, 'http_version': '1.1', 'server': ('127.0.0.1', 9099), 'cl...
          └ <starlette.middleware.gzip.GZipResponder object at 0x7f945448b0>
  File "/opt/bbms/web_source/web_backend/web-backend/.venv-lnx/lib/python3.8/site-packages/starlette/middleware/gzip.py", line 39, in __call__
    await self.app(scope, receive, self.send_with_gzip)
          │    │   │      │        │    └ <function GZipResponder.send_with_gzip at 0x7fab2a0160>
          │    │   │      │        └ <starlette.middleware.gzip.GZipResponder object at 0x7f945448b0>
          │    │   │      └ <bound method RequestResponseCycle.receive of <uvicorn.protocols.http.httptools_impl.RequestResponseCycle object at 0x7f9474c...
          │    │   └ {'type': 'http', 'asgi': {'version': '3.0', 'spec_version': '2.3'}, 'http_version': '1.1', 'server': ('127.0.0.1', 9099), 'cl...
          │    └ <starlette.middleware.cors.CORSMiddleware object at 0x7f972b61c0>
          └ <starlette.middleware.gzip.GZipResponder object at 0x7f945448b0>
  File "/opt/bbms/web_source/web_backend/web-backend/.venv-lnx/lib/python3.8/site-packages/starlette/middleware/cors.py", line 85, in __call__
    await self.app(scope, receive, send)
          │    │   │      │        └ <bound method GZipResponder.send_with_gzip of <starlette.middleware.gzip.GZipResponder object at 0x7f945448b0>>
          │    │   │      └ <bound method RequestResponseCycle.receive of <uvicorn.protocols.http.httptools_impl.RequestResponseCycle object at 0x7f9474c...
          │    │   └ {'type': 'http', 'asgi': {'version': '3.0', 'spec_version': '2.3'}, 'http_version': '1.1', 'server': ('127.0.0.1', 9099), 'cl...
          │    └ <starlette.middleware.exceptions.ExceptionMiddleware object at 0x7f972b6160>
          └ <starlette.middleware.cors.CORSMiddleware object at 0x7f972b61c0>
  File "/opt/bbms/web_source/web_backend/web-backend/.venv-lnx/lib/python3.8/site-packages/starlette/middleware/exceptions.py", line 62, in __call__
    await wrap_app_handling_exceptions(self.app, conn)(scope, receive, send)
          │                            │    │    │     │      │        └ <bound method GZipResponder.send_with_gzip of <starlette.middleware.gzip.GZipResponder object at 0x7f945448b0>>
          │                            │    │    │     │      └ <bound method RequestResponseCycle.receive of <uvicorn.protocols.http.httptools_impl.RequestResponseCycle object at 0x7f9474c...
          │                            │    │    │     └ {'type': 'http', 'asgi': {'version': '3.0', 'spec_version': '2.3'}, 'http_version': '1.1', 'server': ('127.0.0.1', 9099), 'cl...
          │                            │    │    └ <starlette.requests.Request object at 0x7f94544940>
          │                            │    └ <fastapi.routing.APIRouter object at 0x7f97a66970>
          │                            └ <starlette.middleware.exceptions.ExceptionMiddleware object at 0x7f972b6160>
          └ <function wrap_app_handling_exceptions at 0x7fab90aaf0>
  File "/opt/bbms/web_source/web_backend/web-backend/.venv-lnx/lib/python3.8/site-packages/starlette/_exception_handler.py", line 62, in wrapped_app
    raise exc
  File "/opt/bbms/web_source/web_backend/web-backend/.venv-lnx/lib/python3.8/site-packages/starlette/_exception_handler.py", line 51, in wrapped_app
    await app(scope, receive, sender)
          │   │      │        └ <function wrap_app_handling_exceptions.<locals>.wrapped_app.<locals>.sender at 0x7f942c69d0>
          │   │      └ <bound method RequestResponseCycle.receive of <uvicorn.protocols.http.httptools_impl.RequestResponseCycle object at 0x7f9474c...
          │   └ {'type': 'http', 'asgi': {'version': '3.0', 'spec_version': '2.3'}, 'http_version': '1.1', 'server': ('127.0.0.1', 9099), 'cl...
          └ <fastapi.routing.APIRouter object at 0x7f97a66970>
  File "/opt/bbms/web_source/web_backend/web-backend/.venv-lnx/lib/python3.8/site-packages/starlette/routing.py", line 715, in __call__
    await self.middleware_stack(scope, receive, send)
          │    │                │      │        └ <function wrap_app_handling_exceptions.<locals>.wrapped_app.<locals>.sender at 0x7f942c69d0>
          │    │                │      └ <bound method RequestResponseCycle.receive of <uvicorn.protocols.http.httptools_impl.RequestResponseCycle object at 0x7f9474c...
          │    │                └ {'type': 'http', 'asgi': {'version': '3.0', 'spec_version': '2.3'}, 'http_version': '1.1', 'server': ('127.0.0.1', 9099), 'cl...
          │    └ <bound method Router.app of <fastapi.routing.APIRouter object at 0x7f97a66970>>
          └ <fastapi.routing.APIRouter object at 0x7f97a66970>
  File "/opt/bbms/web_source/web_backend/web-backend/.venv-lnx/lib/python3.8/site-packages/starlette/routing.py", line 735, in app
    await route.handle(scope, receive, send)
          │     │      │      │        └ <function wrap_app_handling_exceptions.<locals>.wrapped_app.<locals>.sender at 0x7f942c69d0>
          │     │      │      └ <bound method RequestResponseCycle.receive of <uvicorn.protocols.http.httptools_impl.RequestResponseCycle object at 0x7f9474c...
          │     │      └ {'type': 'http', 'asgi': {'version': '3.0', 'spec_version': '2.3'}, 'http_version': '1.1', 'server': ('127.0.0.1', 9099), 'cl...
          │     └ <function Route.handle at 0x7fab904ee0>
          └ APIRoute(path='/device/pcs-soft-version', name='get_pcs_soft_version', methods=['GET'])
  File "/opt/bbms/web_source/web_backend/web-backend/.venv-lnx/lib/python3.8/site-packages/starlette/routing.py", line 288, in handle
    await self.app(scope, receive, send)
          │    │   │      │        └ <function wrap_app_handling_exceptions.<locals>.wrapped_app.<locals>.sender at 0x7f942c69d0>
          │    │   │      └ <bound method RequestResponseCycle.receive of <uvicorn.protocols.http.httptools_impl.RequestResponseCycle object at 0x7f9474c...
          │    │   └ {'type': 'http', 'asgi': {'version': '3.0', 'spec_version': '2.3'}, 'http_version': '1.1', 'server': ('127.0.0.1', 9099), 'cl...
          │    └ <function request_response.<locals>.app at 0x7f977da820>
          └ APIRoute(path='/device/pcs-soft-version', name='get_pcs_soft_version', methods=['GET'])
  File "/opt/bbms/web_source/web_backend/web-backend/.venv-lnx/lib/python3.8/site-packages/starlette/routing.py", line 76, in app
    await wrap_app_handling_exceptions(app, request)(scope, receive, send)
          │                            │    │        │      │        └ <function wrap_app_handling_exceptions.<locals>.wrapped_app.<locals>.sender at 0x7f942c69d0>
          │                            │    │        │      └ <bound method RequestResponseCycle.receive of <uvicorn.protocols.http.httptools_impl.RequestResponseCycle object at 0x7f9474c...
          │                            │    │        └ {'type': 'http', 'asgi': {'version': '3.0', 'spec_version': '2.3'}, 'http_version': '1.1', 'server': ('127.0.0.1', 9099), 'cl...
          │                            │    └ <starlette.requests.Request object at 0x7f945ba1f0>
          │                            └ <function request_response.<locals>.app.<locals>.app at 0x7f942c6a60>
          └ <function wrap_app_handling_exceptions at 0x7fab90aaf0>
  File "/opt/bbms/web_source/web_backend/web-backend/.venv-lnx/lib/python3.8/site-packages/starlette/_exception_handler.py", line 62, in wrapped_app
    raise exc
  File "/opt/bbms/web_source/web_backend/web-backend/.venv-lnx/lib/python3.8/site-packages/starlette/_exception_handler.py", line 51, in wrapped_app
    await app(scope, receive, sender)
          │   │      │        └ <function wrap_app_handling_exceptions.<locals>.wrapped_app.<locals>.sender at 0x7f942c6dc0>
          │   │      └ <bound method RequestResponseCycle.receive of <uvicorn.protocols.http.httptools_impl.RequestResponseCycle object at 0x7f9474c...
          │   └ {'type': 'http', 'asgi': {'version': '3.0', 'spec_version': '2.3'}, 'http_version': '1.1', 'server': ('127.0.0.1', 9099), 'cl...
          └ <function request_response.<locals>.app.<locals>.app at 0x7f942c6a60>
  File "/opt/bbms/web_source/web_backend/web-backend/.venv-lnx/lib/python3.8/site-packages/starlette/routing.py", line 73, in app
    response = await f(request)
                     │ └ <starlette.requests.Request object at 0x7f945ba1f0>
                     └ <function get_request_handler.<locals>.app at 0x7f977dab80>
  File "/opt/bbms/web_source/web_backend/web-backend/.venv-lnx/lib/python3.8/site-packages/fastapi/routing.py", line 301, in app
    raw_response = await run_endpoint_function(
                         └ <function run_endpoint_function at 0x7fab886af0>
  File "/opt/bbms/web_source/web_backend/web-backend/.venv-lnx/lib/python3.8/site-packages/fastapi/routing.py", line 214, in run_endpoint_function
    return await run_in_threadpool(dependant.call, **values)
                 │                 │         │       └ {'query_db': <sqlalchemy.orm.session.Session object at 0x7f945ba9d0>, 'request': <starlette.requests.Request object at 0x7f94...
                 │                 │         └ <function get_pcs_soft_version at 0x7f97bfb700>
                 │                 └ Dependant(path_params=[], query_params=[], header_params=[], cookie_params=[], body_params=[], dependencies=[Dependant(path_p...
                 └ <function run_in_threadpool at 0x7fab05d550>
  File "/opt/bbms/web_source/web_backend/web-backend/.venv-lnx/lib/python3.8/site-packages/starlette/concurrency.py", line 39, in run_in_threadpool
    return await anyio.to_thread.run_sync(func, *args)
                 │     │         │        │      └ ()
                 │     │         │        └ functools.partial(<function get_pcs_soft_version at 0x7f97bfb700>, query_db=<sqlalchemy.orm.session.Session object at 0x7f945...
                 │     │         └ <function run_sync at 0x7fac4f3670>
                 │     └ <module 'anyio.to_thread' from '/opt/bbms/web_source/web_backend/web-backend/.venv-lnx/lib/python3.8/site-packages/anyio/to_t...
                 └ <module 'anyio' from '/opt/bbms/web_source/web_backend/web-backend/.venv-lnx/lib/python3.8/site-packages/anyio/__init__.py'>
  File "/opt/bbms/web_source/web_backend/web-backend/.venv-lnx/lib/python3.8/site-packages/anyio/to_thread.py", line 56, in run_sync
    return await get_async_backend().run_sync_in_worker_thread(
                 └ <function get_async_backend at 0x7fac5d1700>
  File "/opt/bbms/web_source/web_backend/web-backend/.venv-lnx/lib/python3.8/site-packages/anyio/_backends/_asyncio.py", line 2364, in run_sync_in_worker_thread
    return await future
                 └ <Future finished exception=OperationalError('(sqlite3.OperationalError) no such table: pcs_soft_version')>
  File "/opt/bbms/web_source/web_backend/web-backend/.venv-lnx/lib/python3.8/site-packages/anyio/_backends/_asyncio.py", line 864, in run
    result = context.run(func, *args)
             │       │   │      └ (None, None, None)
             │       │   └ <bound method _GeneratorContextManager.__exit__ of <contextlib._GeneratorContextManager object at 0x7f9472d370>>
             │       └ <method 'run' of 'Context' objects>
             └ <Context object at 0x7f944e7b40>

  File "/opt/bbms/web_source/web_backend/web-backend/module_device/controller/device_controller.py", line 265, in get_pcs_soft_version
    devices = DeviceService.get_pcs_soft_version(query_db)
              │             │                    └ <sqlalchemy.orm.session.Session object at 0x7f945ba9d0>
              │             └ <classmethod object at 0x7f97c01670>
              └ <class 'module_device.service.device_service.DeviceService'>

  File "/opt/bbms/web_source/web_backend/web-backend/module_device/service/device_service.py", line 650, in get_pcs_soft_version
    pcs_devices = DeviceDao.get_all_pcs_soft_versions(db)
                  │         │                         └ <sqlalchemy.orm.session.Session object at 0x7f945ba9d0>
                  │         └ <classmethod object at 0x7f97c3e670>
                  └ <class 'module_device.dao.device_dao.DeviceDao'>

  File "/opt/bbms/web_source/web_backend/web-backend/module_device/dao/device_dao.py", line 242, in get_all_pcs_soft_versions
    return db.query(PcsSoftVersion).all()
           │  │     └ <class 'module_device.entity.do.pcs_soft_version_do.PcsSoftVersion'>
           │  └ <function Session.query at 0x7fa923b670>
           └ <sqlalchemy.orm.session.Session object at 0x7f945ba9d0>

  File "/opt/bbms/web_source/web_backend/web-backend/.venv-lnx/lib/python3.8/site-packages/sqlalchemy/orm/query.py", line 2673, in all
    return self._iter().all()  # type: ignore
           │    └ <function Query._iter at 0x7fa92b4670>
           └ <sqlalchemy.orm.query.Query object at 0x7f9474c310>
  File "/opt/bbms/web_source/web_backend/web-backend/.venv-lnx/lib/python3.8/site-packages/sqlalchemy/orm/query.py", line 2827, in _iter
    result: Union[ScalarResult[_T], Result[_T]] = self.session.execute(
            │                  │    │      │      │    │       └ <function Session.execute at 0x7fa9239f70>
            │                  │    │      │      │    └ <sqlalchemy.orm.session.Session object at 0x7f945ba9d0>
            │                  │    │      │      └ <sqlalchemy.orm.query.Query object at 0x7f9474c310>
            │                  │    │      └ ~_T
            │                  │    └ <class 'sqlalchemy.engine.result.Result'>
            │                  └ ~_T
            └ typing.Union
  File "/opt/bbms/web_source/web_backend/web-backend/.venv-lnx/lib/python3.8/site-packages/sqlalchemy/orm/session.py", line 2351, in execute
    return self._execute_internal(
           │    └ <function Session._execute_internal at 0x7fa9239ee0>
           └ <sqlalchemy.orm.session.Session object at 0x7f945ba9d0>
  File "/opt/bbms/web_source/web_backend/web-backend/.venv-lnx/lib/python3.8/site-packages/sqlalchemy/orm/session.py", line 2236, in _execute_internal
    result: Result[Any] = compile_state_cls.orm_execute_statement(
                   │      │                 └ <classmethod object at 0x7fa93c93d0>
                   │      └ <class 'sqlalchemy.orm.context.ORMSelectCompileState'>
                   └ typing.Any
  File "/opt/bbms/web_source/web_backend/web-backend/.venv-lnx/lib/python3.8/site-packages/sqlalchemy/orm/context.py", line 293, in orm_execute_statement
    result = conn.execute(
             │    └ <function Connection.execute at 0x7fa95b40d0>
             └ <sqlalchemy.engine.base.Connection object at 0x7f945b58b0>
  File "/opt/bbms/web_source/web_backend/web-backend/.venv-lnx/lib/python3.8/site-packages/sqlalchemy/engine/base.py", line 1418, in execute
    return meth(
           └ <bound method ClauseElement._execute_on_connection of <sqlalchemy.sql.selectable.Select object at 0x7f972b6f10>>
  File "/opt/bbms/web_source/web_backend/web-backend/.venv-lnx/lib/python3.8/site-packages/sqlalchemy/sql/elements.py", line 515, in _execute_on_connection
    return connection._execute_clauseelement(
           │          └ <function Connection._execute_clauseelement at 0x7fa95b43a0>
           └ <sqlalchemy.engine.base.Connection object at 0x7f945b58b0>
  File "/opt/bbms/web_source/web_backend/web-backend/.venv-lnx/lib/python3.8/site-packages/sqlalchemy/engine/base.py", line 1640, in _execute_clauseelement
    ret = self._execute_context(
          │    └ <function Connection._execute_context at 0x7fa95b4550>
          └ <sqlalchemy.engine.base.Connection object at 0x7f945b58b0>
  File "/opt/bbms/web_source/web_backend/web-backend/.venv-lnx/lib/python3.8/site-packages/sqlalchemy/engine/base.py", line 1846, in _execute_context
    return self._exec_single_context(
           │    └ <function Connection._exec_single_context at 0x7fa95b45e0>
           └ <sqlalchemy.engine.base.Connection object at 0x7f945b58b0>
  File "/opt/bbms/web_source/web_backend/web-backend/.venv-lnx/lib/python3.8/site-packages/sqlalchemy/engine/base.py", line 1986, in _exec_single_context
    self._handle_dbapi_exception(
    │    └ <function Connection._handle_dbapi_exception at 0x7fa95b4820>
    └ <sqlalchemy.engine.base.Connection object at 0x7f945b58b0>
  File "/opt/bbms/web_source/web_backend/web-backend/.venv-lnx/lib/python3.8/site-packages/sqlalchemy/engine/base.py", line 2353, in _handle_dbapi_exception
    raise sqlalchemy_exception.with_traceback(exc_info[2]) from e
          │                    │              │                 └ OperationalError('no such table: pcs_soft_version')
          │                    │              └ (<class 'sqlite3.OperationalError'>, OperationalError('no such table: pcs_soft_version'), <traceback object at 0x7f94672b00>)
          │                    └ <method 'with_traceback' of 'BaseException' objects>
          └ OperationalError('(sqlite3.OperationalError) no such table: pcs_soft_version')
  File "/opt/bbms/web_source/web_backend/web-backend/.venv-lnx/lib/python3.8/site-packages/sqlalchemy/engine/base.py", line 1967, in _exec_single_context
    self.dialect.do_execute(
    │    │       └ <function DefaultDialect.do_execute at 0x7fa94f24c0>
    │    └ <sqlalchemy.dialects.sqlite.pysqlite.SQLiteDialect_pysqlite object at 0x7fa915a1f0>
    └ <sqlalchemy.engine.base.Connection object at 0x7f945b58b0>
  File "/opt/bbms/web_source/web_backend/web-backend/.venv-lnx/lib/python3.8/site-packages/sqlalchemy/engine/default.py", line 924, in do_execute
    cursor.execute(statement, parameters)
    │      │       │          └ ()
    │      │       └ 'SELECT pcs_soft_version.id AS pcs_soft_version_id, pcs_soft_version.name AS pcs_soft_version_name, pcs_soft_version.cpld_ver...
    │      └ <method 'execute' of 'sqlite3.Cursor' objects>
    └ <sqlite3.Cursor object at 0x7f942c0ce0>

sqlalchemy.exc.OperationalError: (sqlite3.OperationalError) no such table: pcs_soft_version
[SQL: SELECT pcs_soft_version.id AS pcs_soft_version_id, pcs_soft_version.name AS pcs_soft_version_name, pcs_soft_version.cpld_version AS pcs_soft_version_cpld_version, pcs_soft_version.dsp_cpu1_version AS pcs_soft_version_dsp_cpu1_version, pcs_soft_version.dsp_cpu2_version AS pcs_soft_version_dsp_cpu2_version, pcs_soft_version.pcs_version AS pcs_soft_version_pcs_version 
FROM pcs_soft_version]
(Background on this error at: https://sqlalche.me/e/20/e3q8)
2026-06-05 22:21:32.912 | INFO     | module_admin.controller.login_controller:get_login_user_info:71 - 获取成功
2026-06-05 22:21:33.194 | INFO     | module_admin.controller.login_controller:get_login_user_routers:83 - 获取成功
2026-06-05 22:21:34.665 | INFO     | module_admin.controller.server_controller:get_monitor_server_info:19 - 获取成功
2026-06-05 22:21:34.732 | ERROR    | exceptions.handle:exception_handler:70 - (sqlite3.OperationalError) no such table: pcs_soft_version
[SQL: SELECT pcs_soft_version.id AS pcs_soft_version_id, pcs_soft_version.name AS pcs_soft_version_name, pcs_soft_version.cpld_version AS pcs_soft_version_cpld_version, pcs_soft_version.dsp_cpu1_version AS pcs_soft_version_dsp_cpu1_version, pcs_soft_version.dsp_cpu2_version AS pcs_soft_version_dsp_cpu2_version, pcs_soft_version.pcs_version AS pcs_soft_version_pcs_version 
FROM pcs_soft_version]
(Background on this error at: https://sqlalche.me/e/20/e3q8)
Traceback (most recent call last):

  File "/opt/bbms/web_source/web_backend/web-backend/.venv-lnx/lib/python3.8/site-packages/sqlalchemy/engine/base.py", line 1967, in _exec_single_context
    self.dialect.do_execute(
    │    │       └ <function DefaultDialect.do_execute at 0x7fa94f24c0>
    │    └ <sqlalchemy.dialects.sqlite.pysqlite.SQLiteDialect_pysqlite object at 0x7fa915a1f0>
    └ <sqlalchemy.engine.base.Connection object at 0x7f946073d0>
  File "/opt/bbms/web_source/web_backend/web-backend/.venv-lnx/lib/python3.8/site-packages/sqlalchemy/engine/default.py", line 924, in do_execute
    cursor.execute(statement, parameters)
    │      │       │          └ ()
    │      │       └ 'SELECT pcs_soft_version.id AS pcs_soft_version_id, pcs_soft_version.name AS pcs_soft_version_name, pcs_soft_version.cpld_ver...
    │      └ <method 'execute' of 'sqlite3.Cursor' objects>
    └ <sqlite3.Cursor object at 0x7f942c09d0>

sqlite3.OperationalError: no such table: pcs_soft_version


The above exception was the direct cause of the following exception:


Traceback (most recent call last):

  File "app.py", line 18, in <module>
    uvicorn.run(
    │       └ <function run at 0x7fac665280>
    └ <module 'uvicorn' from '/opt/bbms/web_source/web_backend/web-backend/.venv-lnx/lib/python3.8/site-packages/uvicorn/__init__.py'>

  File "/opt/bbms/web_source/web_backend/web-backend/.venv-lnx/lib/python3.8/site-packages/uvicorn/main.py", line 579, in run
    server.run()
    │      └ <function Server.run at 0x7fac63d430>
    └ <uvicorn.server.Server object at 0x7f97639dc0>
  File "/opt/bbms/web_source/web_backend/web-backend/.venv-lnx/lib/python3.8/site-packages/uvicorn/server.py", line 65, in run
    return asyncio.run(self.serve(sockets=sockets))
           │       │   │    │             └ None
           │       │   │    └ <function Server.serve at 0x7fac63d4c0>
           │       │   └ <uvicorn.server.Server object at 0x7f97639dc0>
           │       └ <function run at 0x7fad05d700>
           └ <module 'asyncio' from '/usr/lib/python3.8/asyncio/__init__.py'>
  File "/usr/lib/python3.8/asyncio/runners.py", line 44, in run
    return loop.run_until_complete(main)
           │    │                  └ <coroutine object Server.serve at 0x7f973e0440>
           │    └ <cyfunction Loop.run_until_complete at 0x7f97409580>
           └ <uvloop.Loop running=True closed=False debug=False>
  File "/opt/bbms/web_source/web_backend/web-backend/.venv-lnx/lib/python3.8/site-packages/uvicorn/protocols/http/httptools_impl.py", line 409, in run_asgi
    result = await app(  # type: ignore[func-returns-value]
                   └ <uvicorn.middleware.proxy_headers.ProxyHeadersMiddleware object at 0x7f973980a0>
  File "/opt/bbms/web_source/web_backend/web-backend/.venv-lnx/lib/python3.8/site-packages/uvicorn/middleware/proxy_headers.py", line 60, in __call__
    return await self.app(scope, receive, send)
                 │    │   │      │        └ <bound method RequestResponseCycle.send of <uvicorn.protocols.http.httptools_impl.RequestResponseCycle object at 0x7f9479e850>>
                 │    │   │      └ <bound method RequestResponseCycle.receive of <uvicorn.protocols.http.httptools_impl.RequestResponseCycle object at 0x7f9479e...
                 │    │   └ {'type': 'http', 'asgi': {'version': '3.0', 'spec_version': '2.3'}, 'http_version': '1.1', 'server': ('127.0.0.1', 9099), 'cl...
                 │    └ <fastapi.applications.FastAPI object at 0x7fad07d0d0>
                 └ <uvicorn.middleware.proxy_headers.ProxyHeadersMiddleware object at 0x7f973980a0>
  File "/opt/bbms/web_source/web_backend/web-backend/.venv-lnx/lib/python3.8/site-packages/fastapi/applications.py", line 1054, in __call__
    await super().__call__(scope, receive, send)
                           │      │        └ <bound method RequestResponseCycle.send of <uvicorn.protocols.http.httptools_impl.RequestResponseCycle object at 0x7f9479e850>>
                           │      └ <bound method RequestResponseCycle.receive of <uvicorn.protocols.http.httptools_impl.RequestResponseCycle object at 0x7f9479e...
                           └ {'type': 'http', 'asgi': {'version': '3.0', 'spec_version': '2.3'}, 'http_version': '1.1', 'server': ('127.0.0.1', 9099), 'cl...
  File "/opt/bbms/web_source/web_backend/web-backend/.venv-lnx/lib/python3.8/site-packages/starlette/applications.py", line 113, in __call__
    await self.middleware_stack(scope, receive, send)
          │    │                │      │        └ <bound method RequestResponseCycle.send of <uvicorn.protocols.http.httptools_impl.RequestResponseCycle object at 0x7f9479e850>>
          │    │                │      └ <bound method RequestResponseCycle.receive of <uvicorn.protocols.http.httptools_impl.RequestResponseCycle object at 0x7f9479e...
          │    │                └ {'type': 'http', 'asgi': {'version': '3.0', 'spec_version': '2.3'}, 'http_version': '1.1', 'server': ('127.0.0.1', 9099), 'cl...
          │    └ <starlette.middleware.errors.ServerErrorMiddleware object at 0x7f972b6250>
          └ <fastapi.applications.FastAPI object at 0x7fad07d0d0>
> File "/opt/bbms/web_source/web_backend/web-backend/.venv-lnx/lib/python3.8/site-packages/starlette/middleware/errors.py", line 165, in __call__
    await self.app(scope, receive, _send)
          │    │   │      │        └ <function ServerErrorMiddleware.__call__.<locals>._send at 0x7f94733c10>
          │    │   │      └ <bound method RequestResponseCycle.receive of <uvicorn.protocols.http.httptools_impl.RequestResponseCycle object at 0x7f9479e...
          │    │   └ {'type': 'http', 'asgi': {'version': '3.0', 'spec_version': '2.3'}, 'http_version': '1.1', 'server': ('127.0.0.1', 9099), 'cl...
          │    └ <starlette.middleware.gzip.GZipMiddleware object at 0x7f972b61f0>
          └ <starlette.middleware.errors.ServerErrorMiddleware object at 0x7f972b6250>
  File "/opt/bbms/web_source/web_backend/web-backend/.venv-lnx/lib/python3.8/site-packages/starlette/middleware/gzip.py", line 20, in __call__
    await responder(scope, receive, send)
          │         │      │        └ <function ServerErrorMiddleware.__call__.<locals>._send at 0x7f94733c10>
          │         │      └ <bound method RequestResponseCycle.receive of <uvicorn.protocols.http.httptools_impl.RequestResponseCycle object at 0x7f9479e...
          │         └ {'type': 'http', 'asgi': {'version': '3.0', 'spec_version': '2.3'}, 'http_version': '1.1', 'server': ('127.0.0.1', 9099), 'cl...
          └ <starlette.middleware.gzip.GZipResponder object at 0x7f9479e280>
  File "/opt/bbms/web_source/web_backend/web-backend/.venv-lnx/lib/python3.8/site-packages/starlette/middleware/gzip.py", line 39, in __call__
    await self.app(scope, receive, self.send_with_gzip)
          │    │   │      │        │    └ <function GZipResponder.send_with_gzip at 0x7fab2a0160>
          │    │   │      │        └ <starlette.middleware.gzip.GZipResponder object at 0x7f9479e280>
          │    │   │      └ <bound method RequestResponseCycle.receive of <uvicorn.protocols.http.httptools_impl.RequestResponseCycle object at 0x7f9479e...
          │    │   └ {'type': 'http', 'asgi': {'version': '3.0', 'spec_version': '2.3'}, 'http_version': '1.1', 'server': ('127.0.0.1', 9099), 'cl...
          │    └ <starlette.middleware.cors.CORSMiddleware object at 0x7f972b61c0>
          └ <starlette.middleware.gzip.GZipResponder object at 0x7f9479e280>
  File "/opt/bbms/web_source/web_backend/web-backend/.venv-lnx/lib/python3.8/site-packages/starlette/middleware/cors.py", line 85, in __call__
    await self.app(scope, receive, send)
          │    │   │      │        └ <bound method GZipResponder.send_with_gzip of <starlette.middleware.gzip.GZipResponder object at 0x7f9479e280>>
          │    │   │      └ <bound method RequestResponseCycle.receive of <uvicorn.protocols.http.httptools_impl.RequestResponseCycle object at 0x7f9479e...
          │    │   └ {'type': 'http', 'asgi': {'version': '3.0', 'spec_version': '2.3'}, 'http_version': '1.1', 'server': ('127.0.0.1', 9099), 'cl...
          │    └ <starlette.middleware.exceptions.ExceptionMiddleware object at 0x7f972b6160>
          └ <starlette.middleware.cors.CORSMiddleware object at 0x7f972b61c0>
  File "/opt/bbms/web_source/web_backend/web-backend/.venv-lnx/lib/python3.8/site-packages/starlette/middleware/exceptions.py", line 62, in __call__
    await wrap_app_handling_exceptions(self.app, conn)(scope, receive, send)
          │                            │    │    │     │      │        └ <bound method GZipResponder.send_with_gzip of <starlette.middleware.gzip.GZipResponder object at 0x7f9479e280>>
          │                            │    │    │     │      └ <bound method RequestResponseCycle.receive of <uvicorn.protocols.http.httptools_impl.RequestResponseCycle object at 0x7f9479e...
          │                            │    │    │     └ {'type': 'http', 'asgi': {'version': '3.0', 'spec_version': '2.3'}, 'http_version': '1.1', 'server': ('127.0.0.1', 9099), 'cl...
          │                            │    │    └ <starlette.requests.Request object at 0x7f9479e640>
          │                            │    └ <fastapi.routing.APIRouter object at 0x7f97a66970>
          │                            └ <starlette.middleware.exceptions.ExceptionMiddleware object at 0x7f972b6160>
          └ <function wrap_app_handling_exceptions at 0x7fab90aaf0>
  File "/opt/bbms/web_source/web_backend/web-backend/.venv-lnx/lib/python3.8/site-packages/starlette/_exception_handler.py", line 62, in wrapped_app
    raise exc
  File "/opt/bbms/web_source/web_backend/web-backend/.venv-lnx/lib/python3.8/site-packages/starlette/_exception_handler.py", line 51, in wrapped_app
    await app(scope, receive, sender)
          │   │      │        └ <function wrap_app_handling_exceptions.<locals>.wrapped_app.<locals>.sender at 0x7f94733040>
          │   │      └ <bound method RequestResponseCycle.receive of <uvicorn.protocols.http.httptools_impl.RequestResponseCycle object at 0x7f9479e...
          │   └ {'type': 'http', 'asgi': {'version': '3.0', 'spec_version': '2.3'}, 'http_version': '1.1', 'server': ('127.0.0.1', 9099), 'cl...
          └ <fastapi.routing.APIRouter object at 0x7f97a66970>
  File "/opt/bbms/web_source/web_backend/web-backend/.venv-lnx/lib/python3.8/site-packages/starlette/routing.py", line 715, in __call__
    await self.middleware_stack(scope, receive, send)
          │    │                │      │        └ <function wrap_app_handling_exceptions.<locals>.wrapped_app.<locals>.sender at 0x7f94733040>
          │    │                │      └ <bound method RequestResponseCycle.receive of <uvicorn.protocols.http.httptools_impl.RequestResponseCycle object at 0x7f9479e...
          │    │                └ {'type': 'http', 'asgi': {'version': '3.0', 'spec_version': '2.3'}, 'http_version': '1.1', 'server': ('127.0.0.1', 9099), 'cl...
          │    └ <bound method Router.app of <fastapi.routing.APIRouter object at 0x7f97a66970>>
          └ <fastapi.routing.APIRouter object at 0x7f97a66970>
  File "/opt/bbms/web_source/web_backend/web-backend/.venv-lnx/lib/python3.8/site-packages/starlette/routing.py", line 735, in app
    await route.handle(scope, receive, send)
          │     │      │      │        └ <function wrap_app_handling_exceptions.<locals>.wrapped_app.<locals>.sender at 0x7f94733040>
          │     │      │      └ <bound method RequestResponseCycle.receive of <uvicorn.protocols.http.httptools_impl.RequestResponseCycle object at 0x7f9479e...
          │     │      └ {'type': 'http', 'asgi': {'version': '3.0', 'spec_version': '2.3'}, 'http_version': '1.1', 'server': ('127.0.0.1', 9099), 'cl...
          │     └ <function Route.handle at 0x7fab904ee0>
          └ APIRoute(path='/device/pcs-soft-version', name='get_pcs_soft_version', methods=['GET'])
  File "/opt/bbms/web_source/web_backend/web-backend/.venv-lnx/lib/python3.8/site-packages/starlette/routing.py", line 288, in handle
    await self.app(scope, receive, send)
          │    │   │      │        └ <function wrap_app_handling_exceptions.<locals>.wrapped_app.<locals>.sender at 0x7f94733040>
          │    │   │      └ <bound method RequestResponseCycle.receive of <uvicorn.protocols.http.httptools_impl.RequestResponseCycle object at 0x7f9479e...
          │    │   └ {'type': 'http', 'asgi': {'version': '3.0', 'spec_version': '2.3'}, 'http_version': '1.1', 'server': ('127.0.0.1', 9099), 'cl...
          │    └ <function request_response.<locals>.app at 0x7f977da820>
          └ APIRoute(path='/device/pcs-soft-version', name='get_pcs_soft_version', methods=['GET'])
  File "/opt/bbms/web_source/web_backend/web-backend/.venv-lnx/lib/python3.8/site-packages/starlette/routing.py", line 76, in app
    await wrap_app_handling_exceptions(app, request)(scope, receive, send)
          │                            │    │        │      │        └ <function wrap_app_handling_exceptions.<locals>.wrapped_app.<locals>.sender at 0x7f94733040>
          │                            │    │        │      └ <bound method RequestResponseCycle.receive of <uvicorn.protocols.http.httptools_impl.RequestResponseCycle object at 0x7f9479e...
          │                            │    │        └ {'type': 'http', 'asgi': {'version': '3.0', 'spec_version': '2.3'}, 'http_version': '1.1', 'server': ('127.0.0.1', 9099), 'cl...
          │                            │    └ <starlette.requests.Request object at 0x7f9479e8e0>
          │                            └ <function request_response.<locals>.app.<locals>.app at 0x7f94733e50>
          └ <function wrap_app_handling_exceptions at 0x7fab90aaf0>
  File "/opt/bbms/web_source/web_backend/web-backend/.venv-lnx/lib/python3.8/site-packages/starlette/_exception_handler.py", line 62, in wrapped_app
    raise exc
  File "/opt/bbms/web_source/web_backend/web-backend/.venv-lnx/lib/python3.8/site-packages/starlette/_exception_handler.py", line 51, in wrapped_app
    await app(scope, receive, sender)
          │   │      │        └ <function wrap_app_handling_exceptions.<locals>.wrapped_app.<locals>.sender at 0x7f94733dc0>
          │   │      └ <bound method RequestResponseCycle.receive of <uvicorn.protocols.http.httptools_impl.RequestResponseCycle object at 0x7f9479e...
          │   └ {'type': 'http', 'asgi': {'version': '3.0', 'spec_version': '2.3'}, 'http_version': '1.1', 'server': ('127.0.0.1', 9099), 'cl...
          └ <function request_response.<locals>.app.<locals>.app at 0x7f94733e50>
  File "/opt/bbms/web_source/web_backend/web-backend/.venv-lnx/lib/python3.8/site-packages/starlette/routing.py", line 73, in app
    response = await f(request)
                     │ └ <starlette.requests.Request object at 0x7f9479e8e0>
                     └ <function get_request_handler.<locals>.app at 0x7f977dab80>
  File "/opt/bbms/web_source/web_backend/web-backend/.venv-lnx/lib/python3.8/site-packages/fastapi/routing.py", line 301, in app
    raw_response = await run_endpoint_function(
                         └ <function run_endpoint_function at 0x7fab886af0>
  File "/opt/bbms/web_source/web_backend/web-backend/.venv-lnx/lib/python3.8/site-packages/fastapi/routing.py", line 214, in run_endpoint_function
    return await run_in_threadpool(dependant.call, **values)
                 │                 │         │       └ {'query_db': <sqlalchemy.orm.session.Session object at 0x7f94725cd0>, 'request': <starlette.requests.Request object at 0x7f94...
                 │                 │         └ <function get_pcs_soft_version at 0x7f97bfb700>
                 │                 └ Dependant(path_params=[], query_params=[], header_params=[], cookie_params=[], body_params=[], dependencies=[Dependant(path_p...
                 └ <function run_in_threadpool at 0x7fab05d550>
  File "/opt/bbms/web_source/web_backend/web-backend/.venv-lnx/lib/python3.8/site-packages/starlette/concurrency.py", line 39, in run_in_threadpool
    return await anyio.to_thread.run_sync(func, *args)
                 │     │         │        │      └ ()
                 │     │         │        └ functools.partial(<function get_pcs_soft_version at 0x7f97bfb700>, query_db=<sqlalchemy.orm.session.Session object at 0x7f947...
                 │     │         └ <function run_sync at 0x7fac4f3670>
                 │     └ <module 'anyio.to_thread' from '/opt/bbms/web_source/web_backend/web-backend/.venv-lnx/lib/python3.8/site-packages/anyio/to_t...
                 └ <module 'anyio' from '/opt/bbms/web_source/web_backend/web-backend/.venv-lnx/lib/python3.8/site-packages/anyio/__init__.py'>
  File "/opt/bbms/web_source/web_backend/web-backend/.venv-lnx/lib/python3.8/site-packages/anyio/to_thread.py", line 56, in run_sync
    return await get_async_backend().run_sync_in_worker_thread(
                 └ <function get_async_backend at 0x7fac5d1700>
  File "/opt/bbms/web_source/web_backend/web-backend/.venv-lnx/lib/python3.8/site-packages/anyio/_backends/_asyncio.py", line 2364, in run_sync_in_worker_thread
    return await future
                 └ <Future finished exception=OperationalError('(sqlite3.OperationalError) no such table: pcs_soft_version')>
  File "/opt/bbms/web_source/web_backend/web-backend/.venv-lnx/lib/python3.8/site-packages/anyio/_backends/_asyncio.py", line 864, in run
    result = context.run(func, *args)
             │       │   │      └ (<class 'sqlalchemy.exc.OperationalError'>, OperationalError('(sqlite3.OperationalError) no such table: pcs_soft_version'), N...
             │       │   └ <bound method _GeneratorContextManager.__exit__ of <contextlib._GeneratorContextManager object at 0x7f94660c10>>
             │       └ <method 'run' of 'Context' objects>
             └ <Context object at 0x7f947e5740>

  File "/opt/bbms/web_source/web_backend/web-backend/module_device/controller/device_controller.py", line 265, in get_pcs_soft_version
    devices = DeviceService.get_pcs_soft_version(query_db)
              │             │                    └ <sqlalchemy.orm.session.Session object at 0x7f94725cd0>
              │             └ <classmethod object at 0x7f97c01670>
              └ <class 'module_device.service.device_service.DeviceService'>

  File "/opt/bbms/web_source/web_backend/web-backend/module_device/service/device_service.py", line 650, in get_pcs_soft_version
    pcs_devices = DeviceDao.get_all_pcs_soft_versions(db)
                  │         │                         └ <sqlalchemy.orm.session.Session object at 0x7f94725cd0>
                  │         └ <classmethod object at 0x7f97c3e670>
                  └ <class 'module_device.dao.device_dao.DeviceDao'>

  File "/opt/bbms/web_source/web_backend/web-backend/module_device/dao/device_dao.py", line 242, in get_all_pcs_soft_versions
    return db.query(PcsSoftVersion).all()
           │  │     └ <class 'module_device.entity.do.pcs_soft_version_do.PcsSoftVersion'>
           │  └ <function Session.query at 0x7fa923b670>
           └ <sqlalchemy.orm.session.Session object at 0x7f94725cd0>

  File "/opt/bbms/web_source/web_backend/web-backend/.venv-lnx/lib/python3.8/site-packages/sqlalchemy/orm/query.py", line 2673, in all
    return self._iter().all()  # type: ignore
           │    └ <function Query._iter at 0x7fa92b4670>
           └ <sqlalchemy.orm.query.Query object at 0x7f94660a90>
  File "/opt/bbms/web_source/web_backend/web-backend/.venv-lnx/lib/python3.8/site-packages/sqlalchemy/orm/query.py", line 2827, in _iter
    result: Union[ScalarResult[_T], Result[_T]] = self.session.execute(
            │                  │    │      │      │    │       └ <function Session.execute at 0x7fa9239f70>
            │                  │    │      │      │    └ <sqlalchemy.orm.session.Session object at 0x7f94725cd0>
            │                  │    │      │      └ <sqlalchemy.orm.query.Query object at 0x7f94660a90>
            │                  │    │      └ ~_T
            │                  │    └ <class 'sqlalchemy.engine.result.Result'>
            │                  └ ~_T
            └ typing.Union
  File "/opt/bbms/web_source/web_backend/web-backend/.venv-lnx/lib/python3.8/site-packages/sqlalchemy/orm/session.py", line 2351, in execute
    return self._execute_internal(
           │    └ <function Session._execute_internal at 0x7fa9239ee0>
           └ <sqlalchemy.orm.session.Session object at 0x7f94725cd0>
  File "/opt/bbms/web_source/web_backend/web-backend/.venv-lnx/lib/python3.8/site-packages/sqlalchemy/orm/session.py", line 2236, in _execute_internal
    result: Result[Any] = compile_state_cls.orm_execute_statement(
                   │      │                 └ <classmethod object at 0x7fa93c93d0>
                   │      └ <class 'sqlalchemy.orm.context.ORMSelectCompileState'>
                   └ typing.Any
  File "/opt/bbms/web_source/web_backend/web-backend/.venv-lnx/lib/python3.8/site-packages/sqlalchemy/orm/context.py", line 293, in orm_execute_statement
    result = conn.execute(
             │    └ <function Connection.execute at 0x7fa95b40d0>
             └ <sqlalchemy.engine.base.Connection object at 0x7f946073d0>
  File "/opt/bbms/web_source/web_backend/web-backend/.venv-lnx/lib/python3.8/site-packages/sqlalchemy/engine/base.py", line 1418, in execute
    return meth(
           └ <bound method ClauseElement._execute_on_connection of <sqlalchemy.sql.selectable.Select object at 0x7f9472df70>>
  File "/opt/bbms/web_source/web_backend/web-backend/.venv-lnx/lib/python3.8/site-packages/sqlalchemy/sql/elements.py", line 515, in _execute_on_connection
    return connection._execute_clauseelement(
           │          └ <function Connection._execute_clauseelement at 0x7fa95b43a0>
           └ <sqlalchemy.engine.base.Connection object at 0x7f946073d0>
  File "/opt/bbms/web_source/web_backend/web-backend/.venv-lnx/lib/python3.8/site-packages/sqlalchemy/engine/base.py", line 1640, in _execute_clauseelement
    ret = self._execute_context(
          │    └ <function Connection._execute_context at 0x7fa95b4550>
          └ <sqlalchemy.engine.base.Connection object at 0x7f946073d0>
  File "/opt/bbms/web_source/web_backend/web-backend/.venv-lnx/lib/python3.8/site-packages/sqlalchemy/engine/base.py", line 1846, in _execute_context
    return self._exec_single_context(
           │    └ <function Connection._exec_single_context at 0x7fa95b45e0>
           └ <sqlalchemy.engine.base.Connection object at 0x7f946073d0>
  File "/opt/bbms/web_source/web_backend/web-backend/.venv-lnx/lib/python3.8/site-packages/sqlalchemy/engine/base.py", line 1986, in _exec_single_context
    self._handle_dbapi_exception(
    │    └ <function Connection._handle_dbapi_exception at 0x7fa95b4820>
    └ <sqlalchemy.engine.base.Connection object at 0x7f946073d0>
  File "/opt/bbms/web_source/web_backend/web-backend/.venv-lnx/lib/python3.8/site-packages/sqlalchemy/engine/base.py", line 2353, in _handle_dbapi_exception
    raise sqlalchemy_exception.with_traceback(exc_info[2]) from e
          │                    │              │                 └ OperationalError('no such table: pcs_soft_version')
          │                    │              └ (<class 'sqlite3.OperationalError'>, OperationalError('no such table: pcs_soft_version'), <traceback object at 0x7f94730f40>)
          │                    └ <method 'with_traceback' of 'BaseException' objects>
          └ OperationalError('(sqlite3.OperationalError) no such table: pcs_soft_version')
  File "/opt/bbms/web_source/web_backend/web-backend/.venv-lnx/lib/python3.8/site-packages/sqlalchemy/engine/base.py", line 1967, in _exec_single_context
    self.dialect.do_execute(
    │    │       └ <function DefaultDialect.do_execute at 0x7fa94f24c0>
    │    └ <sqlalchemy.dialects.sqlite.pysqlite.SQLiteDialect_pysqlite object at 0x7fa915a1f0>
    └ <sqlalchemy.engine.base.Connection object at 0x7f946073d0>
  File "/opt/bbms/web_source/web_backend/web-backend/.venv-lnx/lib/python3.8/site-packages/sqlalchemy/engine/default.py", line 924, in do_execute
    cursor.execute(statement, parameters)
    │      │       │          └ ()
    │      │       └ 'SELECT pcs_soft_version.id AS pcs_soft_version_id, pcs_soft_version.name AS pcs_soft_version_name, pcs_soft_version.cpld_ver...
    │      └ <method 'execute' of 'sqlite3.Cursor' objects>
    └ <sqlite3.Cursor object at 0x7f942c09d0>

sqlalchemy.exc.OperationalError: (sqlite3.OperationalError) no such table: pcs_soft_version
[SQL: SELECT pcs_soft_version.id AS pcs_soft_version_id, pcs_soft_version.name AS pcs_soft_version_name, pcs_soft_version.cpld_version AS pcs_soft_version_cpld_version, pcs_soft_version.dsp_cpu1_version AS pcs_soft_version_dsp_cpu1_version, pcs_soft_version.dsp_cpu2_version AS pcs_soft_version_dsp_cpu2_version, pcs_soft_version.pcs_version AS pcs_soft_version_pcs_version 
FROM pcs_soft_version]
(Background on this error at: https://sqlalche.me/e/20/e3q8)
2026-06-05 22:22:02.580 | INFO     | module_admin.controller.login_controller:get_login_user_info:71 - 获取成功
2026-06-05 22:22:02.700 | INFO     | module_admin.controller.login_controller:get_login_user_routers:83 - 获取成功
2026-06-05 22:22:03.281 | INFO     | module_admin.controller.server_controller:get_monitor_server_info:19 - 获取成功
2026-06-05 22:22:03.294 | ERROR    | exceptions.handle:exception_handler:70 - (sqlite3.OperationalError) no such table: pcs_soft_version
[SQL: SELECT pcs_soft_version.id AS pcs_soft_version_id, pcs_soft_version.name AS pcs_soft_version_name, pcs_soft_version.cpld_version AS pcs_soft_version_cpld_version, pcs_soft_version.dsp_cpu1_version AS pcs_soft_version_dsp_cpu1_version, pcs_soft_version.dsp_cpu2_version AS pcs_soft_version_dsp_cpu2_version, pcs_soft_version.pcs_version AS pcs_soft_version_pcs_version 
FROM pcs_soft_version]
(Background on this error at: https://sqlalche.me/e/20/e3q8)
Traceback (most recent call last):

  File "/opt/bbms/web_source/web_backend/web-backend/.venv-lnx/lib/python3.8/site-packages/sqlalchemy/engine/base.py", line 1967, in _exec_single_context
    self.dialect.do_execute(
    │    │       └ <function DefaultDialect.do_execute at 0x7fa94f24c0>
    │    └ <sqlalchemy.dialects.sqlite.pysqlite.SQLiteDialect_pysqlite object at 0x7fa915a1f0>
    └ <sqlalchemy.engine.base.Connection object at 0x7f94544160>
  File "/opt/bbms/web_source/web_backend/web-backend/.venv-lnx/lib/python3.8/site-packages/sqlalchemy/engine/default.py", line 924, in do_execute
    cursor.execute(statement, parameters)
    │      │       │          └ ()
    │      │       └ 'SELECT pcs_soft_version.id AS pcs_soft_version_id, pcs_soft_version.name AS pcs_soft_version_name, pcs_soft_version.cpld_ver...
    │      └ <method 'execute' of 'sqlite3.Cursor' objects>
    └ <sqlite3.Cursor object at 0x7f942c0650>

sqlite3.OperationalError: no such table: pcs_soft_version


The above exception was the direct cause of the following exception:


Traceback (most recent call last):

  File "app.py", line 18, in <module>
    uvicorn.run(
    │       └ <function run at 0x7fac665280>
    └ <module 'uvicorn' from '/opt/bbms/web_source/web_backend/web-backend/.venv-lnx/lib/python3.8/site-packages/uvicorn/__init__.py'>

  File "/opt/bbms/web_source/web_backend/web-backend/.venv-lnx/lib/python3.8/site-packages/uvicorn/main.py", line 579, in run
    server.run()
    │      └ <function Server.run at 0x7fac63d430>
    └ <uvicorn.server.Server object at 0x7f97639dc0>
  File "/opt/bbms/web_source/web_backend/web-backend/.venv-lnx/lib/python3.8/site-packages/uvicorn/server.py", line 65, in run
    return asyncio.run(self.serve(sockets=sockets))
           │       │   │    │             └ None
           │       │   │    └ <function Server.serve at 0x7fac63d4c0>
           │       │   └ <uvicorn.server.Server object at 0x7f97639dc0>
           │       └ <function run at 0x7fad05d700>
           └ <module 'asyncio' from '/usr/lib/python3.8/asyncio/__init__.py'>
  File "/usr/lib/python3.8/asyncio/runners.py", line 44, in run
    return loop.run_until_complete(main)
           │    │                  └ <coroutine object Server.serve at 0x7f973e0440>
           │    └ <cyfunction Loop.run_until_complete at 0x7f97409580>
           └ <uvloop.Loop running=True closed=False debug=False>
  File "/opt/bbms/web_source/web_backend/web-backend/.venv-lnx/lib/python3.8/site-packages/uvicorn/protocols/http/httptools_impl.py", line 409, in run_asgi
    result = await app(  # type: ignore[func-returns-value]
                   └ <uvicorn.middleware.proxy_headers.ProxyHeadersMiddleware object at 0x7f973980a0>
  File "/opt/bbms/web_source/web_backend/web-backend/.venv-lnx/lib/python3.8/site-packages/uvicorn/middleware/proxy_headers.py", line 60, in __call__
    return await self.app(scope, receive, send)
                 │    │   │      │        └ <bound method RequestResponseCycle.send of <uvicorn.protocols.http.httptools_impl.RequestResponseCycle object at 0x7f94737040>>
                 │    │   │      └ <bound method RequestResponseCycle.receive of <uvicorn.protocols.http.httptools_impl.RequestResponseCycle object at 0x7f94737...
                 │    │   └ {'type': 'http', 'asgi': {'version': '3.0', 'spec_version': '2.3'}, 'http_version': '1.1', 'server': ('127.0.0.1', 9099), 'cl...
                 │    └ <fastapi.applications.FastAPI object at 0x7fad07d0d0>
                 └ <uvicorn.middleware.proxy_headers.ProxyHeadersMiddleware object at 0x7f973980a0>
  File "/opt/bbms/web_source/web_backend/web-backend/.venv-lnx/lib/python3.8/site-packages/fastapi/applications.py", line 1054, in __call__
    await super().__call__(scope, receive, send)
                           │      │        └ <bound method RequestResponseCycle.send of <uvicorn.protocols.http.httptools_impl.RequestResponseCycle object at 0x7f94737040>>
                           │      └ <bound method RequestResponseCycle.receive of <uvicorn.protocols.http.httptools_impl.RequestResponseCycle object at 0x7f94737...
                           └ {'type': 'http', 'asgi': {'version': '3.0', 'spec_version': '2.3'}, 'http_version': '1.1', 'server': ('127.0.0.1', 9099), 'cl...
  File "/opt/bbms/web_source/web_backend/web-backend/.venv-lnx/lib/python3.8/site-packages/starlette/applications.py", line 113, in __call__
    await self.middleware_stack(scope, receive, send)
          │    │                │      │        └ <bound method RequestResponseCycle.send of <uvicorn.protocols.http.httptools_impl.RequestResponseCycle object at 0x7f94737040>>
          │    │                │      └ <bound method RequestResponseCycle.receive of <uvicorn.protocols.http.httptools_impl.RequestResponseCycle object at 0x7f94737...
          │    │                └ {'type': 'http', 'asgi': {'version': '3.0', 'spec_version': '2.3'}, 'http_version': '1.1', 'server': ('127.0.0.1', 9099), 'cl...
          │    └ <starlette.middleware.errors.ServerErrorMiddleware object at 0x7f972b6250>
          └ <fastapi.applications.FastAPI object at 0x7fad07d0d0>
> File "/opt/bbms/web_source/web_backend/web-backend/.venv-lnx/lib/python3.8/site-packages/starlette/middleware/errors.py", line 165, in __call__
    await self.app(scope, receive, _send)
          │    │   │      │        └ <function ServerErrorMiddleware.__call__.<locals>._send at 0x7f942c6940>
          │    │   │      └ <bound method RequestResponseCycle.receive of <uvicorn.protocols.http.httptools_impl.RequestResponseCycle object at 0x7f94737...
          │    │   └ {'type': 'http', 'asgi': {'version': '3.0', 'spec_version': '2.3'}, 'http_version': '1.1', 'server': ('127.0.0.1', 9099), 'cl...
          │    └ <starlette.middleware.gzip.GZipMiddleware object at 0x7f972b61f0>
          └ <starlette.middleware.errors.ServerErrorMiddleware object at 0x7f972b6250>
  File "/opt/bbms/web_source/web_backend/web-backend/.venv-lnx/lib/python3.8/site-packages/starlette/middleware/gzip.py", line 20, in __call__
    await responder(scope, receive, send)
          │         │      │        └ <function ServerErrorMiddleware.__call__.<locals>._send at 0x7f942c6940>
          │         │      └ <bound method RequestResponseCycle.receive of <uvicorn.protocols.http.httptools_impl.RequestResponseCycle object at 0x7f94737...
          │         └ {'type': 'http', 'asgi': {'version': '3.0', 'spec_version': '2.3'}, 'http_version': '1.1', 'server': ('127.0.0.1', 9099), 'cl...
          └ <starlette.middleware.gzip.GZipResponder object at 0x7f94744790>
  File "/opt/bbms/web_source/web_backend/web-backend/.venv-lnx/lib/python3.8/site-packages/starlette/middleware/gzip.py", line 39, in __call__
    await self.app(scope, receive, self.send_with_gzip)
          │    │   │      │        │    └ <function GZipResponder.send_with_gzip at 0x7fab2a0160>
          │    │   │      │        └ <starlette.middleware.gzip.GZipResponder object at 0x7f94744790>
          │    │   │      └ <bound method RequestResponseCycle.receive of <uvicorn.protocols.http.httptools_impl.RequestResponseCycle object at 0x7f94737...
          │    │   └ {'type': 'http', 'asgi': {'version': '3.0', 'spec_version': '2.3'}, 'http_version': '1.1', 'server': ('127.0.0.1', 9099), 'cl...
          │    └ <starlette.middleware.cors.CORSMiddleware object at 0x7f972b61c0>
          └ <starlette.middleware.gzip.GZipResponder object at 0x7f94744790>
  File "/opt/bbms/web_source/web_backend/web-backend/.venv-lnx/lib/python3.8/site-packages/starlette/middleware/cors.py", line 85, in __call__
    await self.app(scope, receive, send)
          │    │   │      │        └ <bound method GZipResponder.send_with_gzip of <starlette.middleware.gzip.GZipResponder object at 0x7f94744790>>
          │    │   │      └ <bound method RequestResponseCycle.receive of <uvicorn.protocols.http.httptools_impl.RequestResponseCycle object at 0x7f94737...
          │    │   └ {'type': 'http', 'asgi': {'version': '3.0', 'spec_version': '2.3'}, 'http_version': '1.1', 'server': ('127.0.0.1', 9099), 'cl...
          │    └ <starlette.middleware.exceptions.ExceptionMiddleware object at 0x7f972b6160>
          └ <starlette.middleware.cors.CORSMiddleware object at 0x7f972b61c0>
  File "/opt/bbms/web_source/web_backend/web-backend/.venv-lnx/lib/python3.8/site-packages/starlette/middleware/exceptions.py", line 62, in __call__
    await wrap_app_handling_exceptions(self.app, conn)(scope, receive, send)
          │                            │    │    │     │      │        └ <bound method GZipResponder.send_with_gzip of <starlette.middleware.gzip.GZipResponder object at 0x7f94744790>>
          │                            │    │    │     │      └ <bound method RequestResponseCycle.receive of <uvicorn.protocols.http.httptools_impl.RequestResponseCycle object at 0x7f94737...
          │                            │    │    │     └ {'type': 'http', 'asgi': {'version': '3.0', 'spec_version': '2.3'}, 'http_version': '1.1', 'server': ('127.0.0.1', 9099), 'cl...
          │                            │    │    └ <starlette.requests.Request object at 0x7f946cf2b0>
          │                            │    └ <fastapi.routing.APIRouter object at 0x7f97a66970>
          │                            └ <starlette.middleware.exceptions.ExceptionMiddleware object at 0x7f972b6160>
          └ <function wrap_app_handling_exceptions at 0x7fab90aaf0>
  File "/opt/bbms/web_source/web_backend/web-backend/.venv-lnx/lib/python3.8/site-packages/starlette/_exception_handler.py", line 62, in wrapped_app
    raise exc
  File "/opt/bbms/web_source/web_backend/web-backend/.venv-lnx/lib/python3.8/site-packages/starlette/_exception_handler.py", line 51, in wrapped_app
    await app(scope, receive, sender)
          │   │      │        └ <function wrap_app_handling_exceptions.<locals>.wrapped_app.<locals>.sender at 0x7f942c6310>
          │   │      └ <bound method RequestResponseCycle.receive of <uvicorn.protocols.http.httptools_impl.RequestResponseCycle object at 0x7f94737...
          │   └ {'type': 'http', 'asgi': {'version': '3.0', 'spec_version': '2.3'}, 'http_version': '1.1', 'server': ('127.0.0.1', 9099), 'cl...
          └ <fastapi.routing.APIRouter object at 0x7f97a66970>
  File "/opt/bbms/web_source/web_backend/web-backend/.venv-lnx/lib/python3.8/site-packages/starlette/routing.py", line 715, in __call__
    await self.middleware_stack(scope, receive, send)
          │    │                │      │        └ <function wrap_app_handling_exceptions.<locals>.wrapped_app.<locals>.sender at 0x7f942c6310>
          │    │                │      └ <bound method RequestResponseCycle.receive of <uvicorn.protocols.http.httptools_impl.RequestResponseCycle object at 0x7f94737...
          │    │                └ {'type': 'http', 'asgi': {'version': '3.0', 'spec_version': '2.3'}, 'http_version': '1.1', 'server': ('127.0.0.1', 9099), 'cl...
          │    └ <bound method Router.app of <fastapi.routing.APIRouter object at 0x7f97a66970>>
          └ <fastapi.routing.APIRouter object at 0x7f97a66970>
  File "/opt/bbms/web_source/web_backend/web-backend/.venv-lnx/lib/python3.8/site-packages/starlette/routing.py", line 735, in app
    await route.handle(scope, receive, send)
          │     │      │      │        └ <function wrap_app_handling_exceptions.<locals>.wrapped_app.<locals>.sender at 0x7f942c6310>
          │     │      │      └ <bound method RequestResponseCycle.receive of <uvicorn.protocols.http.httptools_impl.RequestResponseCycle object at 0x7f94737...
          │     │      └ {'type': 'http', 'asgi': {'version': '3.0', 'spec_version': '2.3'}, 'http_version': '1.1', 'server': ('127.0.0.1', 9099), 'cl...
          │     └ <function Route.handle at 0x7fab904ee0>
          └ APIRoute(path='/device/pcs-soft-version', name='get_pcs_soft_version', methods=['GET'])
  File "/opt/bbms/web_source/web_backend/web-backend/.venv-lnx/lib/python3.8/site-packages/starlette/routing.py", line 288, in handle
    await self.app(scope, receive, send)
          │    │   │      │        └ <function wrap_app_handling_exceptions.<locals>.wrapped_app.<locals>.sender at 0x7f942c6310>
          │    │   │      └ <bound method RequestResponseCycle.receive of <uvicorn.protocols.http.httptools_impl.RequestResponseCycle object at 0x7f94737...
          │    │   └ {'type': 'http', 'asgi': {'version': '3.0', 'spec_version': '2.3'}, 'http_version': '1.1', 'server': ('127.0.0.1', 9099), 'cl...
          │    └ <function request_response.<locals>.app at 0x7f977da820>
          └ APIRoute(path='/device/pcs-soft-version', name='get_pcs_soft_version', methods=['GET'])
  File "/opt/bbms/web_source/web_backend/web-backend/.venv-lnx/lib/python3.8/site-packages/starlette/routing.py", line 76, in app
    await wrap_app_handling_exceptions(app, request)(scope, receive, send)
          │                            │    │        │      │        └ <function wrap_app_handling_exceptions.<locals>.wrapped_app.<locals>.sender at 0x7f942c6310>
          │                            │    │        │      └ <bound method RequestResponseCycle.receive of <uvicorn.protocols.http.httptools_impl.RequestResponseCycle object at 0x7f94737...
          │                            │    │        └ {'type': 'http', 'asgi': {'version': '3.0', 'spec_version': '2.3'}, 'http_version': '1.1', 'server': ('127.0.0.1', 9099), 'cl...
          │                            │    └ <starlette.requests.Request object at 0x7f9724cd30>
          │                            └ <function request_response.<locals>.app.<locals>.app at 0x7f942c6e50>
          └ <function wrap_app_handling_exceptions at 0x7fab90aaf0>
  File "/opt/bbms/web_source/web_backend/web-backend/.venv-lnx/lib/python3.8/site-packages/starlette/_exception_handler.py", line 62, in wrapped_app
    raise exc
  File "/opt/bbms/web_source/web_backend/web-backend/.venv-lnx/lib/python3.8/site-packages/starlette/_exception_handler.py", line 51, in wrapped_app
    await app(scope, receive, sender)
          │   │      │        └ <function wrap_app_handling_exceptions.<locals>.wrapped_app.<locals>.sender at 0x7f942c6d30>
          │   │      └ <bound method RequestResponseCycle.receive of <uvicorn.protocols.http.httptools_impl.RequestResponseCycle object at 0x7f94737...
          │   └ {'type': 'http', 'asgi': {'version': '3.0', 'spec_version': '2.3'}, 'http_version': '1.1', 'server': ('127.0.0.1', 9099), 'cl...
          └ <function request_response.<locals>.app.<locals>.app at 0x7f942c6e50>
  File "/opt/bbms/web_source/web_backend/web-backend/.venv-lnx/lib/python3.8/site-packages/starlette/routing.py", line 73, in app
    response = await f(request)
                     │ └ <starlette.requests.Request object at 0x7f9724cd30>
                     └ <function get_request_handler.<locals>.app at 0x7f977dab80>
  File "/opt/bbms/web_source/web_backend/web-backend/.venv-lnx/lib/python3.8/site-packages/fastapi/routing.py", line 301, in app
    raw_response = await run_endpoint_function(
                         └ <function run_endpoint_function at 0x7fab886af0>
  File "/opt/bbms/web_source/web_backend/web-backend/.venv-lnx/lib/python3.8/site-packages/fastapi/routing.py", line 214, in run_endpoint_function
    return await run_in_threadpool(dependant.call, **values)
                 │                 │         │       └ {'query_db': <sqlalchemy.orm.session.Session object at 0x7f94816d00>, 'request': <starlette.requests.Request object at 0x7f97...
                 │                 │         └ <function get_pcs_soft_version at 0x7f97bfb700>
                 │                 └ Dependant(path_params=[], query_params=[], header_params=[], cookie_params=[], body_params=[], dependencies=[Dependant(path_p...
                 └ <function run_in_threadpool at 0x7fab05d550>
  File "/opt/bbms/web_source/web_backend/web-backend/.venv-lnx/lib/python3.8/site-packages/starlette/concurrency.py", line 39, in run_in_threadpool
    return await anyio.to_thread.run_sync(func, *args)
                 │     │         │        │      └ ()
                 │     │         │        └ functools.partial(<function get_pcs_soft_version at 0x7f97bfb700>, query_db=<sqlalchemy.orm.session.Session object at 0x7f948...
                 │     │         └ <function run_sync at 0x7fac4f3670>
                 │     └ <module 'anyio.to_thread' from '/opt/bbms/web_source/web_backend/web-backend/.venv-lnx/lib/python3.8/site-packages/anyio/to_t...
                 └ <module 'anyio' from '/opt/bbms/web_source/web_backend/web-backend/.venv-lnx/lib/python3.8/site-packages/anyio/__init__.py'>
  File "/opt/bbms/web_source/web_backend/web-backend/.venv-lnx/lib/python3.8/site-packages/anyio/to_thread.py", line 56, in run_sync
    return await get_async_backend().run_sync_in_worker_thread(
                 └ <function get_async_backend at 0x7fac5d1700>
  File "/opt/bbms/web_source/web_backend/web-backend/.venv-lnx/lib/python3.8/site-packages/anyio/_backends/_asyncio.py", line 2364, in run_sync_in_worker_thread
    return await future
                 └ <Future finished exception=OperationalError('(sqlite3.OperationalError) no such table: pcs_soft_version')>
  File "/opt/bbms/web_source/web_backend/web-backend/.venv-lnx/lib/python3.8/site-packages/anyio/_backends/_asyncio.py", line 864, in run
    result = context.run(func, *args)
             │       │   │      └ (None, None, None)
             │       │   └ <bound method _GeneratorContextManager.__exit__ of <contextlib._GeneratorContextManager object at 0x7f947a12b0>>
             │       └ <method 'run' of 'Context' objects>
             └ <Context object at 0x7f94520cc0>

  File "/opt/bbms/web_source/web_backend/web-backend/module_device/controller/device_controller.py", line 265, in get_pcs_soft_version
    devices = DeviceService.get_pcs_soft_version(query_db)
              │             │                    └ <sqlalchemy.orm.session.Session object at 0x7f94816d00>
              │             └ <classmethod object at 0x7f97c01670>
              └ <class 'module_device.service.device_service.DeviceService'>

  File "/opt/bbms/web_source/web_backend/web-backend/module_device/service/device_service.py", line 650, in get_pcs_soft_version
    pcs_devices = DeviceDao.get_all_pcs_soft_versions(db)
                  │         │                         └ <sqlalchemy.orm.session.Session object at 0x7f94816d00>
                  │         └ <classmethod object at 0x7f97c3e670>
                  └ <class 'module_device.dao.device_dao.DeviceDao'>

  File "/opt/bbms/web_source/web_backend/web-backend/module_device/dao/device_dao.py", line 242, in get_all_pcs_soft_versions
    return db.query(PcsSoftVersion).all()
           │  │     └ <class 'module_device.entity.do.pcs_soft_version_do.PcsSoftVersion'>
           │  └ <function Session.query at 0x7fa923b670>
           └ <sqlalchemy.orm.session.Session object at 0x7f94816d00>

  File "/opt/bbms/web_source/web_backend/web-backend/.venv-lnx/lib/python3.8/site-packages/sqlalchemy/orm/query.py", line 2673, in all
    return self._iter().all()  # type: ignore
           │    └ <function Query._iter at 0x7fa92b4670>
           └ <sqlalchemy.orm.query.Query object at 0x7f97d1c790>
  File "/opt/bbms/web_source/web_backend/web-backend/.venv-lnx/lib/python3.8/site-packages/sqlalchemy/orm/query.py", line 2827, in _iter
    result: Union[ScalarResult[_T], Result[_T]] = self.session.execute(
            │                  │    │      │      │    │       └ <function Session.execute at 0x7fa9239f70>
            │                  │    │      │      │    └ <sqlalchemy.orm.session.Session object at 0x7f94816d00>
            │                  │    │      │      └ <sqlalchemy.orm.query.Query object at 0x7f97d1c790>
            │                  │    │      └ ~_T
            │                  │    └ <class 'sqlalchemy.engine.result.Result'>
            │                  └ ~_T
            └ typing.Union
  File "/opt/bbms/web_source/web_backend/web-backend/.venv-lnx/lib/python3.8/site-packages/sqlalchemy/orm/session.py", line 2351, in execute
    return self._execute_internal(
           │    └ <function Session._execute_internal at 0x7fa9239ee0>
           └ <sqlalchemy.orm.session.Session object at 0x7f94816d00>
  File "/opt/bbms/web_source/web_backend/web-backend/.venv-lnx/lib/python3.8/site-packages/sqlalchemy/orm/session.py", line 2236, in _execute_internal
    result: Result[Any] = compile_state_cls.orm_execute_statement(
                   │      │                 └ <classmethod object at 0x7fa93c93d0>
                   │      └ <class 'sqlalchemy.orm.context.ORMSelectCompileState'>
                   └ typing.Any
  File "/opt/bbms/web_source/web_backend/web-backend/.venv-lnx/lib/python3.8/site-packages/sqlalchemy/orm/context.py", line 293, in orm_execute_statement
    result = conn.execute(
             │    └ <function Connection.execute at 0x7fa95b40d0>
             └ <sqlalchemy.engine.base.Connection object at 0x7f94544160>
  File "/opt/bbms/web_source/web_backend/web-backend/.venv-lnx/lib/python3.8/site-packages/sqlalchemy/engine/base.py", line 1418, in execute
    return meth(
           └ <bound method ClauseElement._execute_on_connection of <sqlalchemy.sql.selectable.Select object at 0x7f9472d370>>
  File "/opt/bbms/web_source/web_backend/web-backend/.venv-lnx/lib/python3.8/site-packages/sqlalchemy/sql/elements.py", line 515, in _execute_on_connection
    return connection._execute_clauseelement(
           │          └ <function Connection._execute_clauseelement at 0x7fa95b43a0>
           └ <sqlalchemy.engine.base.Connection object at 0x7f94544160>
  File "/opt/bbms/web_source/web_backend/web-backend/.venv-lnx/lib/python3.8/site-packages/sqlalchemy/engine/base.py", line 1640, in _execute_clauseelement
    ret = self._execute_context(
          │    └ <function Connection._execute_context at 0x7fa95b4550>
          └ <sqlalchemy.engine.base.Connection object at 0x7f94544160>
  File "/opt/bbms/web_source/web_backend/web-backend/.venv-lnx/lib/python3.8/site-packages/sqlalchemy/engine/base.py", line 1846, in _execute_context
    return self._exec_single_context(
           │    └ <function Connection._exec_single_context at 0x7fa95b45e0>
           └ <sqlalchemy.engine.base.Connection object at 0x7f94544160>
  File "/opt/bbms/web_source/web_backend/web-backend/.venv-lnx/lib/python3.8/site-packages/sqlalchemy/engine/base.py", line 1986, in _exec_single_context
    self._handle_dbapi_exception(
    │    └ <function Connection._handle_dbapi_exception at 0x7fa95b4820>
    └ <sqlalchemy.engine.base.Connection object at 0x7f94544160>
  File "/opt/bbms/web_source/web_backend/web-backend/.venv-lnx/lib/python3.8/site-packages/sqlalchemy/engine/base.py", line 2353, in _handle_dbapi_exception
    raise sqlalchemy_exception.with_traceback(exc_info[2]) from e
          │                    │              │                 └ OperationalError('no such table: pcs_soft_version')
          │                    │              └ (<class 'sqlite3.OperationalError'>, OperationalError('no such table: pcs_soft_version'), <traceback object at 0x7f944b25c0>)
          │                    └ <method 'with_traceback' of 'BaseException' objects>
          └ OperationalError('(sqlite3.OperationalError) no such table: pcs_soft_version')
  File "/opt/bbms/web_source/web_backend/web-backend/.venv-lnx/lib/python3.8/site-packages/sqlalchemy/engine/base.py", line 1967, in _exec_single_context
    self.dialect.do_execute(
    │    │       └ <function DefaultDialect.do_execute at 0x7fa94f24c0>
    │    └ <sqlalchemy.dialects.sqlite.pysqlite.SQLiteDialect_pysqlite object at 0x7fa915a1f0>
    └ <sqlalchemy.engine.base.Connection object at 0x7f94544160>
  File "/opt/bbms/web_source/web_backend/web-backend/.venv-lnx/lib/python3.8/site-packages/sqlalchemy/engine/default.py", line 924, in do_execute
    cursor.execute(statement, parameters)
    │      │       │          └ ()
    │      │       └ 'SELECT pcs_soft_version.id AS pcs_soft_version_id, pcs_soft_version.name AS pcs_soft_version_name, pcs_soft_version.cpld_ver...
    │      └ <method 'execute' of 'sqlite3.Cursor' objects>
    └ <sqlite3.Cursor object at 0x7f942c0650>

sqlalchemy.exc.OperationalError: (sqlite3.OperationalError) no such table: pcs_soft_version
[SQL: SELECT pcs_soft_version.id AS pcs_soft_version_id, pcs_soft_version.name AS pcs_soft_version_name, pcs_soft_version.cpld_version AS pcs_soft_version_cpld_version, pcs_soft_version.dsp_cpu1_version AS pcs_soft_version_dsp_cpu1_version, pcs_soft_version.dsp_cpu2_version AS pcs_soft_version_dsp_cpu2_version, pcs_soft_version.pcs_version AS pcs_soft_version_pcs_version 
FROM pcs_soft_version]
(Background on this error at: https://sqlalche.me/e/20/e3q8)
2026-06-05 22:23:17.961 | INFO     | module_device.controller.topology_controller:get_topology_list:20 - 获取拓扑结构列表成功
2026-06-06 09:36:07.278 | INFO     | module_admin.controller.login_controller:get_login_user_info:71 - 获取成功
2026-06-06 09:36:08.298 | INFO     | module_admin.controller.login_controller:get_login_user_routers:83 - 获取成功
2026-06-06 09:36:10.309 | INFO     | module_device.controller.topology_controller:get_topology_list:20 - 获取拓扑结构列表成功
2026-06-06 09:39:35.376 | INFO     | module_admin.controller.login_controller:get_login_user_info:71 - 获取成功
2026-06-06 09:39:35.488 | INFO     | module_admin.controller.login_controller:get_login_user_routers:83 - 获取成功
2026-06-06 09:39:35.959 | INFO     | module_device.controller.topology_controller:get_topology_list:20 - 获取拓扑结构列表成功
2026-06-06 09:39:41.074 | INFO     | module_device.controller.topology_controller:get_topology_list:20 - 获取拓扑结构列表成功
2026-06-06 09:59:10.744 | INFO     | module_device.controller.topology_controller:get_topology_list:20 - 获取拓扑结构列表成功
2026-06-06 10:19:27.164 | WARNING  | module_admin.service.login_service:get_current_user:231 - 用户token已失效，请重新登录
2026-06-06 10:19:27.269 | INFO     | module_admin.controller.login_controller:logout:134 - 退出成功
2026-06-06 10:19:30.335 | INFO     | module_admin.controller.login_controller:login:58 - 登录成功
2026-06-06 10:19:30.536 | INFO     | module_admin.controller.login_controller:get_login_user_info:71 - 获取成功
2026-06-06 10:19:30.655 | INFO     | module_admin.controller.login_controller:get_login_user_routers:83 - 获取成功
2026-06-06 10:19:32.437 | INFO     | module_device.controller.topology_controller:get_topology_list:20 - 获取拓扑结构列表成功
2026-06-06 10:19:41.182 | INFO     | module_device.controller.topology_controller:get_topology_list:20 - 获取拓扑结构列表成功
2026-06-06 10:32:13.151 | INFO     | module_device.controller.topology_controller:get_topology_list:20 - 获取拓扑结构列表成功
